// Auto-generated by tools/icao_types_to_header.py — do not edit.
#include "data/icao_types_lookup.h"

#include <pgmspace.h>

namespace data::icao_types {

const char kNames[] PROGMEM = {
  0x44, 0x6f, 0x75, 0x67, 0x6c, 0x61, 0x73, 0x20, 0x41, 0x2d, 0x31, 0x20, 0x53, 0x6b, 0x79, 0x72,
  0x61, 0x69, 0x64, 0x65, 0x72, 0x00, 0x46, 0x61, 0x69, 0x72, 0x63, 0x68, 0x69, 0x6c, 0x64, 0x20,
  0x41, 0x2d, 0x31, 0x30, 0x43, 0x20, 0x54, 0x68, 0x75, 0x6e, 0x64, 0x65, 0x72, 0x62, 0x6f, 0x6c,
  0x74, 0x20, 0x49, 0x49, 0x00, 0x41, 0x67, 0x75, 0x73, 0x74, 0x61, 0x20, 0x41, 0x57, 0x2d, 0x31,
  0x30, 0x39, 0x20, 0x47, 0x72, 0x61, 0x6e, 0x64, 0x00, 0x41, 0x67, 0x75, 0x73, 0x74, 0x61, 0x20,
  0x41, 0x57, 0x2d, 0x31, 0x31, 0x39, 0x20, 0x4b, 0x6f, 0x61, 0x6c, 0x61, 0x00, 0x41, 0x6e, 0x74,
  0x6f, 0x6e, 0x6f, 0x76, 0x20, 0x41, 0x6e, 0x2d, 0x31, 0x32, 0x34, 0x20, 0x52, 0x75, 0x73, 0x6c,
  0x61, 0x6e, 0x00, 0x41, 0x67, 0x75, 0x73, 0x74, 0x61, 0x20, 0x41, 0x57, 0x2d, 0x31, 0x33, 0x39,
  0x00, 0x48, 0x65, 0x73, 0x61, 0x20, 0x31, 0x34, 0x30, 0x20, 0x46, 0x61, 0x72, 0x61, 0x7a, 0x00,
  0x41, 0x6e, 0x74, 0x6f, 0x6e, 0x6f, 0x76, 0x20, 0x41, 0x6e, 0x2d, 0x31, 0x34, 0x38, 0x00, 0x41,
  0x67, 0x75, 0x73, 0x74, 0x61, 0x20, 0x41, 0x57, 0x2d, 0x31, 0x34, 0x39, 0x00, 0x41, 0x6e, 0x74,
  0x6f, 0x6e, 0x6f, 0x76, 0x20, 0x41, 0x6e, 0x2d, 0x31, 0x35, 0x38, 0x00, 0x41, 0x67, 0x75, 0x73,
  0x74, 0x61, 0x20, 0x41, 0x57, 0x2d, 0x31, 0x36, 0x39, 0x00, 0x41, 0x6e, 0x74, 0x6f, 0x6e, 0x6f,
  0x76, 0x20, 0x41, 0x6e, 0x2d, 0x31, 0x37, 0x38, 0x00, 0x41, 0x67, 0x75, 0x73, 0x74, 0x61, 0x20,
  0x41, 0x57, 0x2d, 0x31, 0x38, 0x39, 0x00, 0x41, 0x69, 0x72, 0x62, 0x75, 0x73, 0x20, 0x41, 0x2d,
  0x33, 0x31, 0x39, 0x6e, 0x65, 0x6f, 0x00, 0x44, 0x6f, 0x75, 0x67, 0x6c, 0x61, 0x73, 0x20, 0x41,
  0x2d, 0x32, 0x30, 0x20, 0x48, 0x61, 0x76, 0x6f, 0x63, 0x00, 0x41, 0x69, 0x72, 0x62, 0x75, 0x73,
  0x20, 0x41, 0x2d, 0x33, 0x32, 0x30, 0x6e, 0x65, 0x6f, 0x00, 0x41, 0x71, 0x75, 0x69, 0x6c, 0x61,
  0x20, 0x41, 0x2d, 0x32, 0x31, 0x30, 0x00, 0x41, 0x69, 0x72, 0x62, 0x75, 0x73, 0x20, 0x41, 0x2d,
  0x33, 0x32, 0x31, 0x6e, 0x65, 0x6f, 0x00, 0x4f, 0x73, 0x6b, 0x62, 0x65, 0x73, 0x2d, 0x6d, 0x61,
  0x69, 0x20, 0x32, 0x32, 0x33, 0x20, 0x4b, 0x69, 0x74, 0x79, 0x6f, 0x6e, 0x6f, 0x6b, 0x00, 0x44,
  0x6f, 0x75, 0x67, 0x6c, 0x61, 0x73, 0x20, 0x41, 0x2d, 0x33, 0x20, 0x53, 0x6b, 0x79, 0x77, 0x61,
  0x72, 0x72, 0x69, 0x6f, 0x72, 0x00, 0x41, 0x69, 0x72, 0x62, 0x75, 0x73, 0x20, 0x41, 0x2d, 0x33,
  0x30, 0x30, 0x2d, 0x36, 0x30, 0x30, 0x00, 0x41, 0x69, 0x72, 0x62, 0x75, 0x73, 0x20, 0x41, 0x2d,
  0x33, 0x30, 0x30, 0x2d, 0x32, 0x30, 0x30, 0x00, 0x41, 0x69, 0x72, 0x62, 0x75, 0x73, 0x20, 0x41,
  0x2d, 0x33, 0x31, 0x30, 0x00, 0x41, 0x69, 0x72, 0x62, 0x75, 0x73, 0x20, 0x41, 0x2d, 0x33, 0x31,
  0x38, 0x00, 0x41, 0x69, 0x72, 0x62, 0x75, 0x73, 0x20, 0x41, 0x2d, 0x33, 0x31, 0x39, 0x00, 0x41,
  0x69, 0x72, 0x62, 0x75, 0x73, 0x20, 0x41, 0x2d, 0x33, 0x32, 0x30, 0x00, 0x41, 0x69, 0x72, 0x62,
  0x75, 0x73, 0x20, 0x41, 0x2d, 0x33, 0x32, 0x31, 0x00, 0x41, 0x69, 0x72, 0x62, 0x75, 0x73, 0x20,
  0x41, 0x2d, 0x33, 0x33, 0x30, 0x2d, 0x32, 0x30, 0x30, 0x00, 0x41, 0x69, 0x72, 0x62, 0x75, 0x73,
  0x20, 0x41, 0x2d, 0x33, 0x33, 0x30, 0x2d, 0x33, 0x30, 0x30, 0x00, 0x41, 0x69, 0x72, 0x62, 0x75,
  0x73, 0x20, 0x41, 0x2d, 0x33, 0x33, 0x30, 0x2d, 0x37, 0x30, 0x30, 0x20, 0x42, 0x65, 0x6c, 0x75,
  0x67, 0x61, 0x20, 0x58, 0x4c, 0x00, 0x41, 0x69, 0x72, 0x62, 0x75, 0x73, 0x20, 0x41, 0x2d, 0x33,
  0x33, 0x30, 0x2d, 0x38, 0x30, 0x30, 0x00, 0x41, 0x69, 0x72, 0x62, 0x75, 0x73, 0x20, 0x41, 0x2d,
  0x33, 0x33, 0x30, 0x2d, 0x39, 0x30, 0x30, 0x00, 0x41, 0x69, 0x72, 0x62, 0x75, 0x73, 0x20, 0x41,
  0x2d, 0x33, 0x34, 0x30, 0x2d, 0x32, 0x30, 0x30, 0x00, 0x41, 0x69, 0x72, 0x62, 0x75, 0x73, 0x20,
  0x41, 0x2d, 0x33, 0x34, 0x30, 0x2d, 0x33, 0x30, 0x30, 0x00, 0x41, 0x69, 0x72, 0x62, 0x75, 0x73,
  0x20, 0x41, 0x2d, 0x33, 0x34, 0x30, 0x2d, 0x35, 0x30, 0x30, 0x00, 0x41, 0x69, 0x72, 0x62, 0x75,
  0x73, 0x20, 0x41, 0x2d, 0x33, 0x34, 0x30, 0x2d, 0x36, 0x30, 0x30, 0x00, 0x41, 0x69, 0x72, 0x62,
  0x75, 0x73, 0x20, 0x41, 0x2d, 0x33, 0x35, 0x30, 0x2d, 0x39, 0x30, 0x30, 0x00, 0x41, 0x69, 0x72,
  0x62, 0x75, 0x73, 0x20, 0x41, 0x2d, 0x33, 0x35, 0x30, 0x2d, 0x31, 0x30, 0x30, 0x30, 0x00, 0x43,
  0x65, 0x73, 0x73, 0x6e, 0x61, 0x20, 0x33, 0x31, 0x38, 0x20, 0x44, 0x72, 0x61, 0x67, 0x6f, 0x6e,
  0x66, 0x6c, 0x79, 0x00, 0x41, 0x69, 0x72, 0x62, 0x75, 0x73, 0x20, 0x41, 0x2d, 0x33, 0x38, 0x30,
  0x2d, 0x38, 0x30, 0x30, 0x00, 0x41, 0x69, 0x72, 0x62, 0x75, 0x73, 0x20, 0x41, 0x2d, 0x33, 0x30,
  0x30, 0x53, 0x54, 0x20, 0x42, 0x65, 0x6c, 0x75, 0x67, 0x61, 0x20, 0x53, 0x75, 0x70, 0x65, 0x72,
  0x20, 0x54, 0x72, 0x61, 0x6e, 0x73, 0x70, 0x6f, 0x72, 0x74, 0x65, 0x72, 0x00, 0x44, 0x6f, 0x75,
  0x67, 0x6c, 0x61, 0x73, 0x20, 0x41, 0x2d, 0x34, 0x20, 0x53, 0x6b, 0x79, 0x68, 0x61, 0x77, 0x6b,
  0x00, 0x41, 0x69, 0x72, 0x62, 0x75, 0x73, 0x20, 0x41, 0x2d, 0x34, 0x30, 0x30, 0x4d, 0x00, 0x49,
  0x63, 0x6f, 0x6e, 0x20, 0x41, 0x2d, 0x35, 0x00, 0x41, 0x35, 0x30, 0x30, 0x00, 0x41, 0x76, 0x72,
  0x6f, 0x20, 0x35, 0x30, 0x34, 0x20, 0x52, 0x65, 0x70, 0x6c, 0x69, 0x63, 0x61, 0x00, 0x47, 0x72,
  0x75, 0x6d, 0x6d, 0x61, 0x6e, 0x20, 0x41, 0x2d, 0x36, 0x20, 0x50, 0x72, 0x6f, 0x77, 0x6c, 0x65,
  0x72, 0x00, 0x52, 0x6f, 0x74, 0x6f, 0x72, 0x77, 0x61, 0x79, 0x20, 0x41, 0x2d, 0x36, 0x30, 0x30,
  0x20, 0x54, 0x61, 0x6c, 0x6f, 0x6e, 0x00, 0x54, 0x68, 0x72, 0x75, 0x73, 0x68, 0x20, 0x53, 0x2d,
  0x32, 0x52, 0x20, 0x54, 0x75, 0x72, 0x62, 0x6f, 0x20, 0x36, 0x36, 0x30, 0x00, 0x41, 0x76, 0x72,
  0x6f, 0x20, 0x37, 0x34, 0x38, 0x00, 0x4e, 0x6f, 0x72, 0x74, 0x68, 0x20, 0x41, 0x4d, 0x45, 0x52,
  0x49, 0x43, 0x41, 0x4e, 0x20, 0x52, 0x4f, 0x43, 0x4b, 0x57, 0x45, 0x4c, 0x4c, 0x20, 0x41, 0x2d,
  0x39, 0x20, 0x53, 0x70, 0x61, 0x72, 0x72, 0x6f, 0x77, 0x20, 0x43, 0x6f, 0x6d, 0x6d, 0x61, 0x6e,
  0x64, 0x65, 0x72, 0x00, 0x41, 0x6d, 0x65, 0x72, 0x69, 0x63, 0x61, 0x6e, 0x20, 0x41, 0x41, 0x2d,
  0x31, 0x00, 0x41, 0x6d, 0x65, 0x72, 0x69, 0x63, 0x61, 0x6e, 0x20, 0x41, 0x41, 0x2d, 0x35, 0x20,
  0x54, 0x69, 0x67, 0x65, 0x72, 0x00, 0x41, 0x65, 0x72, 0x6f, 0x20, 0x41, 0x54, 0x2d, 0x33, 0x00,
  0x41, 0x65, 0x72, 0x6f, 0x20, 0x41, 0x54, 0x2d, 0x34, 0x00, 0x41, 0x65, 0x72, 0x6f, 0x20, 0x42,
  0x4f, 0x45, 0x52, 0x4f, 0x20, 0x41, 0x42, 0x2d, 0x39, 0x35, 0x00, 0x46, 0x64, 0x2d, 0x63, 0x6f,
  0x6d, 0x70, 0x6f, 0x73, 0x69, 0x74, 0x65, 0x73, 0x20, 0x41, 0x72, 0x72, 0x6f, 0x77, 0x43, 0x6f,
  0x70, 0x74, 0x65, 0x72, 0x00, 0x4e, 0x6f, 0x72, 0x74, 0x68, 0x20, 0x41, 0x4d, 0x45, 0x52, 0x49,
  0x43, 0x41, 0x4e, 0x20, 0x52, 0x4f, 0x43, 0x4b, 0x57, 0x45, 0x4c, 0x4c, 0x20, 0x43, 0x6f, 0x6d,
  0x6d, 0x61, 0x6e, 0x64, 0x65, 0x72, 0x20, 0x31, 0x31, 0x32, 0x2f, 0x31, 0x31, 0x34, 0x00, 0x4c,
  0x69, 0x67, 0x68, 0x74, 0x20, 0x57, 0x49, 0x4e, 0x47, 0x20, 0x41, 0x43, 0x2d, 0x34, 0x00, 0x4e,
  0x6f, 0x72, 0x74, 0x68, 0x20, 0x41, 0x4d, 0x45, 0x52, 0x49, 0x43, 0x41, 0x4e, 0x20, 0x52, 0x4f,
  0x43, 0x4b, 0x57, 0x45, 0x4c, 0x4c, 0x20, 0x43, 0x6f, 0x6d, 0x6d, 0x61, 0x6e, 0x64, 0x65, 0x72,
  0x20, 0x35, 0x30, 0x30, 0x00, 0x41, 0x65, 0x72, 0x6f, 0x20, 0x43, 0x6f, 0x6d, 0x6d, 0x61, 0x6e,
  0x64, 0x65, 0x72, 0x20, 0x35, 0x32, 0x30, 0x00, 0x41, 0x65, 0x72, 0x6f, 0x20, 0x43, 0x6f, 0x6d,
  0x6d, 0x61, 0x6e, 0x64, 0x65, 0x72, 0x20, 0x35, 0x36, 0x30, 0x00, 0x41, 0x65, 0x72, 0x6f, 0x20,
  0x43, 0x6f, 0x6d, 0x6d, 0x61, 0x6e, 0x64, 0x65, 0x72, 0x20, 0x36, 0x38, 0x30, 0x00, 0x41, 0x65,
  0x72, 0x6f, 0x20, 0x43, 0x6f, 0x6d, 0x6d, 0x61, 0x6e, 0x64, 0x65, 0x72, 0x20, 0x36, 0x38, 0x35,
  0x00, 0x4e, 0x6f, 0x72, 0x74, 0x68, 0x20, 0x41, 0x4d, 0x45, 0x52, 0x49, 0x43, 0x41, 0x4e, 0x20,
  0x52, 0x4f, 0x43, 0x4b, 0x57, 0x45, 0x4c, 0x4c, 0x20, 0x54, 0x75, 0x72, 0x62, 0x6f, 0x20, 0x43,
  0x6f, 0x6d, 0x6d, 0x61, 0x6e, 0x64, 0x65, 0x72, 0x20, 0x36, 0x38, 0x30, 0x00, 0x4e, 0x6f, 0x72,
  0x74, 0x68, 0x20, 0x41, 0x4d, 0x45, 0x52, 0x49, 0x43, 0x41, 0x4e, 0x20, 0x52, 0x4f, 0x43, 0x4b,
  0x57, 0x45, 0x4c, 0x4c, 0x20, 0x54, 0x75, 0x72, 0x62, 0x6f, 0x20, 0x43, 0x6f, 0x6d, 0x6d, 0x61,
  0x6e, 0x64, 0x65, 0x72, 0x20, 0x36, 0x39, 0x30, 0x2f, 0x38, 0x34, 0x30, 0x00, 0x4e, 0x6f, 0x72,
  0x74, 0x68, 0x20, 0x41, 0x4d, 0x45, 0x52, 0x49, 0x43, 0x41, 0x4e, 0x20, 0x52, 0x4f, 0x43, 0x4b,
  0x57, 0x45, 0x4c, 0x4c, 0x20, 0x4a, 0x65, 0x74, 0x70, 0x72, 0x6f, 0x70, 0x20, 0x43, 0x6f, 0x6d,
  0x6d, 0x61, 0x6e, 0x64, 0x65, 0x72, 0x20, 0x31, 0x30, 0x30, 0x30, 0x00, 0x4c, 0x65, 0x7a, 0x61,
  0x20, 0x41, 0x69, 0x72, 0x20, 0x43, 0x61, 0x6d, 0x00, 0x41, 0x75, 0x73, 0x74, 0x65, 0x72, 0x20,
  0x4a, 0x2d, 0x35, 0x20, 0x41, 0x75, 0x74, 0x6f, 0x63, 0x61, 0x72, 0x00, 0x50, 0x6f, 0x77, 0x65,
  0x6c, 0x6c, 0x20, 0x50, 0x2d, 0x37, 0x30, 0x20, 0x41, 0x63, 0x65, 0x79, 0x20, 0x44, 0x65, 0x75,
  0x63, 0x79, 0x00, 0x41, 0x63, 0x72, 0x6f, 0x20, 0x53, 0x50, 0x4f, 0x52, 0x54, 0x20, 0x32, 0x00,
  0x41, 0x63, 0x72, 0x6f, 0x20, 0x53, 0x50, 0x4f, 0x52, 0x54, 0x20, 0x31, 0x00, 0x56, 0x69, 0x63,
  0x74, 0x61, 0x20, 0x41, 0x69, 0x72, 0x63, 0x72, 0x75, 0x69, 0x73, 0x65, 0x72, 0x00, 0x41, 0x75,
  0x73, 0x74, 0x65, 0x72, 0x20, 0x4a, 0x2d, 0x35, 0x20, 0x41, 0x64, 0x76, 0x65, 0x6e, 0x74, 0x75,
  0x72, 0x65, 0x72, 0x00, 0x41, 0x64, 0x76, 0x65, 0x6e, 0x74, 0x75, 0x72, 0x65, 0x20, 0x41, 0x49,
  0x52, 0x20, 0x41, 0x64, 0x76, 0x65, 0x6e, 0x74, 0x75, 0x72, 0x65, 0x72, 0x00, 0x41, 0x65, 0x72,
  0x6f, 0x20, 0x53, 0x75, 0x70, 0x65, 0x72, 0x20, 0x41, 0x65, 0x72, 0x6f, 0x20, 0x31, 0x34, 0x35,
  0x00, 0x41, 0x6d, 0x65, 0x72, 0x69, 0x63, 0x61, 0x6e, 0x20, 0x45, 0x41, 0x47, 0x4c, 0x45, 0x20,
  0x41, 0x2d, 0x31, 0x30, 0x31, 0x00, 0x41, 0x65, 0x72, 0x6f, 0x6e, 0x63, 0x61, 0x20, 0x53, 0x65,
  0x61, 0x20, 0x53, 0x63, 0x6f, 0x75, 0x74, 0x00, 0x41, 0x65, 0x72, 0x6f, 0x73, 0x74, 0x61, 0x72,
  0x20, 0x36, 0x30, 0x30, 0x00, 0x48, 0x61, 0x6c, 0x6c, 0x65, 0x79, 0x20, 0x41, 0x70, 0x6f, 0x6c,
  0x6c, 0x6f, 0x20, 0x46, 0x6f, 0x78, 0x00, 0x41, 0x70, 0x6f, 0x6c, 0x6c, 0x6f, 0x20, 0x41, 0x47,
  0x31, 0x00, 0x43, 0x61, 0x69, 0x67, 0x61, 0x20, 0x41, 0x47, 0x2d, 0x31, 0x30, 0x30, 0x00, 0x43,
  0x61, 0x69, 0x67, 0x61, 0x20, 0x41, 0x47, 0x2d, 0x36, 0x30, 0x30, 0x20, 0x4b, 0x75, 0x6e, 0x6c,
  0x6f, 0x6e, 0x67, 0x00, 0x41, 0x65, 0x72, 0x6f, 0x20, 0x47, 0x41, 0x52, 0x45, 0x20, 0x53, 0x65,
  0x61, 0x20, 0x48, 0x61, 0x77, 0x6b, 0x65, 0x72, 0x00, 0x41, 0x75, 0x73, 0x74, 0x65, 0x72, 0x20,
  0x4a, 0x2d, 0x35, 0x20, 0x41, 0x69, 0x67, 0x6c, 0x65, 0x74, 0x20, 0x54, 0x72, 0x61, 0x69, 0x6e,
  0x65, 0x72, 0x00, 0x42, 0x65, 0x61, 0x67, 0x6c, 0x65, 0x20, 0x41, 0x2d, 0x31, 0x30, 0x39, 0x20,
  0x41, 0x69, 0x72, 0x65, 0x64, 0x61, 0x6c, 0x65, 0x00, 0x43, 0x6f, 0x6d, 0x61, 0x63, 0x20, 0x41,
  0x52, 0x4a, 0x2d, 0x32, 0x31, 0x2d, 0x37, 0x30, 0x30, 0x20, 0x58, 0x69, 0x61, 0x6e, 0x67, 0x66,
  0x65, 0x6e, 0x67, 0x00, 0x44, 0x61, 0x73, 0x73, 0x61, 0x75, 0x6c, 0x74, 0x2d, 0x64, 0x6f, 0x72,
  0x6e, 0x69, 0x65, 0x72, 0x20, 0x41, 0x6c, 0x70, 0x68, 0x61, 0x20, 0x4a, 0x65, 0x74, 0x00, 0x53,
  0x74, 0x65, 0x70, 0x68, 0x65, 0x6e, 0x73, 0x20, 0x41, 0x6b, 0x72, 0x6f, 0x00, 0x41, 0x76, 0x69,
  0x61, 0x74, 0x69, 0x6f, 0x6e, 0x20, 0x44, 0x45, 0x56, 0x45, 0x4c, 0x4f, 0x50, 0x4d, 0x45, 0x4e,
  0x54, 0x20, 0x41, 0x6c, 0x61, 0x73, 0x6b, 0x61, 0x6e, 0x20, 0x42, 0x75, 0x73, 0x68, 0x6d, 0x61,
  0x73, 0x74, 0x65, 0x72, 0x00, 0x41, 0x6c, 0x6c, 0x65, 0x67, 0x72, 0x6f, 0x20, 0x32, 0x30, 0x30,
  0x30, 0x00, 0x48, 0x69, 0x6e, 0x64, 0x75, 0x73, 0x74, 0x61, 0x6e, 0x20, 0x44, 0x68, 0x72, 0x75,
  0x76, 0x00, 0x41, 0x72, 0x69, 0x6f, 0x6e, 0x20, 0x4c, 0x53, 0x2d, 0x31, 0x20, 0x4c, 0x69, 0x67,
  0x68, 0x74, 0x6e, 0x69, 0x6e, 0x67, 0x00, 0x53, 0x75, 0x64, 0x20, 0x41, 0x6c, 0x6f, 0x75, 0x65,
  0x74, 0x74, 0x65, 0x20, 0x32, 0x00, 0x41, 0x65, 0x72, 0x6f, 0x73, 0x70, 0x61, 0x74, 0x69, 0x61,
  0x6c, 0x65, 0x20, 0x41, 0x6c, 0x6f, 0x75, 0x65, 0x74, 0x74, 0x65, 0x20, 0x33, 0x00, 0x41, 0x75,
  0x73, 0x74, 0x65, 0x72, 0x20, 0x4a, 0x2d, 0x35, 0x52, 0x20, 0x41, 0x6c, 0x70, 0x69, 0x6e, 0x65,
  0x00, 0x41, 0x69, 0x72, 0x6c, 0x6f, 0x6e, 0x79, 0x20, 0x53, 0x6b, 0x79, 0x6c, 0x61, 0x6e, 0x65,
  0x00, 0x44, 0x69, 0x72, 0x65, 0x63, 0x74, 0x20, 0x46, 0x4c, 0x59, 0x20, 0x41, 0x6c, 0x74, 0x6f,
  0x00, 0x41, 0x65, 0x72, 0x69, 0x74, 0x61, 0x6c, 0x69, 0x61, 0x2d, 0x61, 0x65, 0x72, 0x6d, 0x61,
  0x63, 0x63, 0x68, 0x69, 0x20, 0x41, 0x4d, 0x2d, 0x33, 0x20, 0x42, 0x6f, 0x73, 0x62, 0x6f, 0x6b,
  0x00, 0x41, 0x65, 0x72, 0x69, 0x74, 0x61, 0x6c, 0x69, 0x61, 0x2d, 0x61, 0x65, 0x72, 0x6d, 0x61,
  0x63, 0x63, 0x68, 0x69, 0x20, 0x41, 0x4d, 0x58, 0x20, 0x47, 0x68, 0x69, 0x62, 0x6c, 0x69, 0x00,
  0x41, 0x6e, 0x74, 0x6f, 0x6e, 0x6f, 0x76, 0x20, 0x41, 0x6e, 0x2d, 0x31, 0x32, 0x00, 0x41, 0x6e,
  0x74, 0x6f, 0x6e, 0x6f, 0x76, 0x20, 0x41, 0x6e, 0x2d, 0x32, 0x00, 0x41, 0x6e, 0x74, 0x6f, 0x6e,
  0x6f, 0x76, 0x20, 0x41, 0x6e, 0x2d, 0x32, 0x32, 0x20, 0x41, 0x6e, 0x74, 0x68, 0x65, 0x75, 0x73,
  0x00, 0x41, 0x6e, 0x74, 0x6f, 0x6e, 0x6f, 0x76, 0x20, 0x41, 0x6e, 0x2d, 0x32, 0x34, 0x00, 0x41,
  0x6e, 0x74, 0x6f, 0x6e, 0x6f, 0x76, 0x20, 0x41, 0x6e, 0x2d, 0x32, 0x36, 0x00, 0x41, 0x6e, 0x74,
  0x6f, 0x6e, 0x6f, 0x76, 0x20, 0x41, 0x6e, 0x2d, 0x32, 0x38, 0x00, 0x41, 0x6e, 0x74, 0x6f, 0x6e,
  0x6f, 0x76, 0x20, 0x41, 0x6e, 0x2d, 0x33, 0x30, 0x00, 0x41, 0x6e, 0x74, 0x6f, 0x6e, 0x6f, 0x76,
  0x20, 0x41, 0x6e, 0x2d, 0x33, 0x32, 0x20, 0x53, 0x75, 0x74, 0x6c, 0x65, 0x6a, 0x00, 0x41, 0x6e,
  0x74, 0x6f, 0x6e, 0x6f, 0x76, 0x20, 0x41, 0x6e, 0x2d, 0x37, 0x30, 0x00, 0x41, 0x6e, 0x74, 0x6f,
  0x6e, 0x6f, 0x76, 0x20, 0x41, 0x6e, 0x2d, 0x37, 0x34, 0x2d, 0x32, 0x30, 0x30, 0x00, 0x4d, 0x69,
  0x6c, 0x6c, 0x69, 0x6f, 0x75, 0x64, 0x20, 0x41, 0x6e, 0x64, 0x72, 0x6f, 0x6d, 0x65, 0x64, 0x65,
  0x00, 0x41, 0x6e, 0x67, 0x65, 0x6c, 0x20, 0x34, 0x34, 0x20, 0x41, 0x6e, 0x67, 0x65, 0x6c, 0x00,
  0x41, 0x76, 0x72, 0x6f, 0x20, 0x36, 0x35, 0x32, 0x20, 0x41, 0x6e, 0x73, 0x6f, 0x6e, 0x00, 0x4b,
  0x61, 0x7a, 0x61, 0x6e, 0x20, 0x41, 0x6e, 0x73, 0x61, 0x74, 0x00, 0x41, 0x65, 0x72, 0x6f, 0x70,
  0x72, 0x61, 0x63, 0x74, 0x20, 0x41, 0x2d, 0x32, 0x30, 0x00, 0x41, 0x65, 0x72, 0x6f, 0x70, 0x72,
  0x61, 0x63, 0x74, 0x20, 0x41, 0x2d, 0x32, 0x32, 0x00, 0x41, 0x2d, 0x32, 0x36, 0x20, 0x56, 0x55,
  0x4c, 0x43, 0x41, 0x4e, 0x20, 0x53, 0x53, 0x00, 0x41, 0x65, 0x72, 0x6f, 0x70, 0x72, 0x61, 0x63,
  0x74, 0x20, 0x41, 0x2d, 0x33, 0x32, 0x00, 0x41, 0x65, 0x72, 0x6f, 0x70, 0x72, 0x61, 0x63, 0x74,
  0x20, 0x41, 0x2d, 0x33, 0x36, 0x00, 0x49, 0x73, 0x73, 0x6f, 0x69, 0x72, 0x65, 0x20, 0x41, 0x50,
  0x4d, 0x2d, 0x32, 0x30, 0x20, 0x4c, 0x69, 0x6f, 0x6e, 0x63, 0x65, 0x61, 0x75, 0x00, 0x49, 0x73,
  0x73, 0x6f, 0x69, 0x72, 0x65, 0x20, 0x41, 0x50, 0x4d, 0x2d, 0x33, 0x30, 0x20, 0x4c, 0x69, 0x6f,
  0x6e, 0x00, 0x49, 0x73, 0x73, 0x6f, 0x69, 0x72, 0x65, 0x20, 0x41, 0x50, 0x4d, 0x2d, 0x34, 0x30,
  0x20, 0x53, 0x69, 0x6d, 0x62, 0x61, 0x00, 0x41, 0x65, 0x72, 0x6f, 0x70, 0x75, 0x70, 0x00, 0x41,
  0x65, 0x72, 0x6f, 0x6e, 0x63, 0x61, 0x20, 0x31, 0x31, 0x20, 0x43, 0x68, 0x69, 0x65, 0x66, 0x00,
  0x41, 0x65, 0x72, 0x6f, 0x6e, 0x63, 0x61, 0x20, 0x31, 0x35, 0x20, 0x53, 0x65, 0x64, 0x61, 0x6e,
  0x00, 0x41, 0x65, 0x72, 0x6f, 0x6e, 0x63, 0x61, 0x20, 0x35, 0x30, 0x20, 0x43, 0x68, 0x69, 0x65,
  0x66, 0x00, 0x41, 0x65, 0x72, 0x6f, 0x6e, 0x63, 0x61, 0x20, 0x36, 0x35, 0x20, 0x53, 0x75, 0x70,
  0x65, 0x72, 0x20, 0x43, 0x68, 0x69, 0x65, 0x66, 0x00, 0x41, 0x65, 0x72, 0x6f, 0x6e, 0x63, 0x61,
  0x20, 0x36, 0x35, 0x20, 0x54, 0x61, 0x6e, 0x64, 0x65, 0x6d, 0x00, 0x52, 0x75, 0x74, 0x61, 0x6e,
  0x20, 0x41, 0x72, 0x65, 0x73, 0x00, 0x41, 0x72, 0x76, 0x20, 0x53, 0x75, 0x70, 0x65, 0x72, 0x20,
  0x32, 0x00, 0x49, 0x61, 0x69, 0x20, 0x31, 0x30, 0x32, 0x2f, 0x32, 0x30, 0x32, 0x20, 0x41, 0x72,
  0x61, 0x76, 0x61, 0x00, 0x41, 0x72, 0x72, 0x6f, 0x77, 0x20, 0x53, 0x50, 0x4f, 0x52, 0x54, 0x00,
  0x46, 0x66, 0x61, 0x20, 0x41, 0x53, 0x2d, 0x32, 0x30, 0x32, 0x20, 0x42, 0x72, 0x61, 0x76, 0x6f,
  0x00, 0x53, 0x63, 0x68, 0x6c, 0x65, 0x69, 0x63, 0x68, 0x65, 0x72, 0x20, 0x41, 0x53, 0x4b, 0x2d,
  0x31, 0x34, 0x00, 0x53, 0x63, 0x68, 0x6c, 0x65, 0x69, 0x63, 0x68, 0x65, 0x72, 0x20, 0x41, 0x53,
  0x4b, 0x2d, 0x31, 0x36, 0x00, 0x46, 0x66, 0x61, 0x20, 0x41, 0x53, 0x2d, 0x32, 0x30, 0x32, 0x2d,
  0x33, 0x32, 0x54, 0x50, 0x20, 0x54, 0x75, 0x72, 0x62, 0x69, 0x6e, 0x65, 0x20, 0x42, 0x72, 0x61,
  0x76, 0x6f, 0x00, 0x41, 0x65, 0x72, 0x6f, 0x73, 0x70, 0x61, 0x74, 0x69, 0x61, 0x6c, 0x65, 0x20,
  0x41, 0x53, 0x2d, 0x33, 0x33, 0x32, 0x20, 0x53, 0x75, 0x70, 0x65, 0x72, 0x20, 0x50, 0x75, 0x6d,
  0x61, 0x00, 0x41, 0x65, 0x72, 0x6f, 0x73, 0x70, 0x61, 0x74, 0x69, 0x61, 0x6c, 0x65, 0x20, 0x41,
  0x53, 0x2d, 0x33, 0x33, 0x32, 0x20, 0x53, 0x75, 0x70, 0x65, 0x72, 0x20, 0x50, 0x75, 0x6d, 0x61,
  0x20, 0x4d, 0x6b, 0x32, 0x00, 0x41, 0x65, 0x72, 0x6f, 0x73, 0x70, 0x61, 0x74, 0x69, 0x61, 0x6c,
  0x65, 0x20, 0x41, 0x53, 0x2d, 0x33, 0x35, 0x30, 0x20, 0x45, 0x63, 0x75, 0x72, 0x65, 0x75, 0x69,
  0x6c, 0x00, 0x41, 0x65, 0x72, 0x6f, 0x73, 0x70, 0x61, 0x74, 0x69, 0x61, 0x6c, 0x65, 0x20, 0x41,
  0x53, 0x2d, 0x33, 0x35, 0x35, 0x20, 0x45, 0x63, 0x75, 0x72, 0x65, 0x75, 0x69, 0x6c, 0x20, 0x32,
  0x00, 0x41, 0x65, 0x72, 0x6f, 0x73, 0x70, 0x61, 0x74, 0x69, 0x61, 0x6c, 0x65, 0x20, 0x41, 0x53,
  0x2d, 0x33, 0x36, 0x35, 0x20, 0x44, 0x61, 0x75, 0x70, 0x68, 0x69, 0x6e, 0x20, 0x32, 0x00, 0x41,
  0x73, 0x73, 0x6f, 0x20, 0x41, 0x45, 0x52, 0x45, 0x49, 0x20, 0x34, 0x20, 0x57, 0x68, 0x69, 0x73,
  0x6b, 0x79, 0x00, 0x41, 0x73, 0x73, 0x6f, 0x20, 0x41, 0x45, 0x52, 0x45, 0x49, 0x20, 0x35, 0x20,
  0x43, 0x68, 0x61, 0x6d, 0x70, 0x69, 0x6f, 0x6e, 0x00, 0x54, 0x65, 0x63, 0x6e, 0x61, 0x6d, 0x20,
  0x41, 0x73, 0x74, 0x6f, 0x72, 0x65, 0x00, 0x47, 0x75, 0x6c, 0x66, 0x73, 0x74, 0x72, 0x65, 0x61,
  0x6d, 0x20, 0x41, 0x45, 0x52, 0x4f, 0x53, 0x50, 0x41, 0x43, 0x45, 0x20, 0x47, 0x75, 0x6c, 0x66,
  0x73, 0x74, 0x72, 0x65, 0x61, 0x6d, 0x20, 0x47, 0x31, 0x30, 0x30, 0x00, 0x41, 0x69, 0x72, 0x20,
  0x54, 0x52, 0x41, 0x43, 0x54, 0x4f, 0x52, 0x20, 0x41, 0x54, 0x2d, 0x32, 0x35, 0x30, 0x00, 0x41,
  0x69, 0x72, 0x20, 0x54, 0x52, 0x41, 0x43, 0x54, 0x4f, 0x52, 0x20, 0x41, 0x54, 0x2d, 0x33, 0x30,
  0x31, 0x2f, 0x34, 0x30, 0x31, 0x00, 0x41, 0x69, 0x72, 0x20, 0x54, 0x52, 0x41, 0x43, 0x54, 0x4f,
  0x52, 0x20, 0x41, 0x54, 0x2d, 0x33, 0x30, 0x32, 0x2f, 0x34, 0x30, 0x32, 0x00, 0x41, 0x74, 0x72,
  0x2d, 0x34, 0x32, 0x2d, 0x33, 0x30, 0x30, 0x00, 0x41, 0x74, 0x72, 0x2d, 0x34, 0x32, 0x2d, 0x34,
  0x30, 0x30, 0x00, 0x41, 0x74, 0x72, 0x2d, 0x34, 0x32, 0x2d, 0x35, 0x30, 0x30, 0x00, 0x41, 0x74,
  0x72, 0x2d, 0x34, 0x32, 0x2d, 0x36, 0x30, 0x30, 0x00, 0x41, 0x69, 0x72, 0x20, 0x54, 0x52, 0x41,
  0x43, 0x54, 0x4f, 0x52, 0x20, 0x41, 0x54, 0x2d, 0x35, 0x30, 0x34, 0x00, 0x41, 0x69, 0x72, 0x20,
  0x54, 0x52, 0x41, 0x43, 0x54, 0x4f, 0x52, 0x20, 0x41, 0x54, 0x2d, 0x36, 0x30, 0x32, 0x00, 0x41,
  0x74, 0x72, 0x2d, 0x37, 0x32, 0x2d, 0x32, 0x30, 0x32, 0x00, 0x41, 0x74, 0x72, 0x2d, 0x37, 0x32,
  0x2d, 0x32, 0x31, 0x32, 0x00, 0x41, 0x74, 0x72, 0x2d, 0x37, 0x32, 0x2d, 0x35, 0x30, 0x30, 0x00,
  0x41, 0x74, 0x72, 0x2d, 0x37, 0x32, 0x2d, 0x36, 0x30, 0x30, 0x00, 0x41, 0x69, 0x72, 0x20, 0x54,
  0x52, 0x41, 0x43, 0x54, 0x4f, 0x52, 0x20, 0x41, 0x54, 0x2d, 0x38, 0x30, 0x32, 0x00, 0x52, 0x6f,
  0x62, 0x69, 0x6e, 0x20, 0x41, 0x54, 0x4c, 0x00, 0x42, 0x72, 0x65, 0x67, 0x75, 0x65, 0x74, 0x20,
  0x41, 0x74, 0x6c, 0x61, 0x6e, 0x74, 0x69, 0x63, 0x00, 0x42, 0x72, 0x69, 0x74, 0x69, 0x73, 0x68,
  0x20, 0x41, 0x45, 0x52, 0x4f, 0x53, 0x50, 0x41, 0x43, 0x45, 0x20, 0x41, 0x54, 0x50, 0x00, 0x41,
  0x75, 0x73, 0x74, 0x65, 0x72, 0x20, 0x4a, 0x2d, 0x32, 0x20, 0x41, 0x72, 0x72, 0x6f, 0x77, 0x00,
  0x41, 0x75, 0x73, 0x74, 0x65, 0x72, 0x20, 0x4a, 0x2d, 0x34, 0x20, 0x41, 0x72, 0x63, 0x68, 0x65,
  0x72, 0x00, 0x53, 0x75, 0x6e, 0x77, 0x61, 0x72, 0x64, 0x20, 0x41, 0x75, 0x72, 0x6f, 0x72, 0x61,
  0x20, 0x53, 0x36, 0x30, 0x2f, 0x37, 0x30, 0x00, 0x41, 0x75, 0x73, 0x74, 0x65, 0x72, 0x20, 0x41,
  0x4f, 0x50, 0x33, 0x00, 0x41, 0x75, 0x73, 0x74, 0x65, 0x72, 0x20, 0x41, 0x4f, 0x50, 0x34, 0x00,
  0x41, 0x75, 0x73, 0x74, 0x65, 0x72, 0x20, 0x41, 0x4f, 0x50, 0x35, 0x00, 0x41, 0x75, 0x73, 0x74,
  0x65, 0x72, 0x20, 0x41, 0x4f, 0x50, 0x36, 0x00, 0x41, 0x75, 0x73, 0x74, 0x65, 0x72, 0x20, 0x41,
  0x4f, 0x50, 0x39, 0x00, 0x4d, 0x26, 0x64, 0x20, 0x46, 0x4c, 0x55, 0x47, 0x5a, 0x45, 0x55, 0x47,
  0x42, 0x41, 0x55, 0x20, 0x41, 0x56, 0x4f, 0x2d, 0x36, 0x38, 0x20, 0x53, 0x61, 0x6d, 0x62, 0x75,
  0x72, 0x6f, 0x00, 0x41, 0x76, 0x69, 0x64, 0x20, 0x41, 0x6d, 0x70, 0x68, 0x69, 0x62, 0x69, 0x61,
  0x6e, 0x00, 0x41, 0x76, 0x69, 0x64, 0x20, 0x46, 0x6c, 0x79, 0x65, 0x72, 0x00, 0x41, 0x76, 0x72,
  0x6f, 0x20, 0x41, 0x76, 0x69, 0x61, 0x6e, 0x00, 0x41, 0x65, 0x72, 0x6f, 0x20, 0x41, 0x44, 0x56,
  0x45, 0x4e, 0x54, 0x55, 0x52, 0x45, 0x20, 0x41, 0x76, 0x65, 0x6e, 0x74, 0x75, 0x72, 0x61, 0x20,
  0x32, 0x00, 0x42, 0x65, 0x6c, 0x6c, 0x20, 0x32, 0x30, 0x36, 0x20, 0x4a, 0x65, 0x74, 0x52, 0x61,
  0x6e, 0x67, 0x65, 0x72, 0x00, 0x52, 0x6f, 0x63, 0x6b, 0x77, 0x65, 0x6c, 0x6c, 0x20, 0x42, 0x2d,
  0x31, 0x20, 0x4c, 0x61, 0x6e, 0x63, 0x65, 0x72, 0x00, 0x42, 0x65, 0x72, 0x69, 0x65, 0x76, 0x20,
  0x42, 0x65, 0x2d, 0x31, 0x30, 0x33, 0x20, 0x42, 0x65, 0x6b, 0x61, 0x73, 0x00, 0x45, 0x75, 0x72,
  0x6f, 0x63, 0x6f, 0x70, 0x74, 0x65, 0x72, 0x20, 0x42, 0x4f, 0x2d, 0x31, 0x30, 0x35, 0x00, 0x42,
  0x65, 0x6c, 0x6c, 0x61, 0x6e, 0x63, 0x61, 0x20, 0x31, 0x34, 0x00, 0x42, 0x6f, 0x65, 0x69, 0x6e,
  0x67, 0x20, 0x42, 0x2d, 0x31, 0x37, 0x20, 0x46, 0x6c, 0x79, 0x69, 0x6e, 0x67, 0x20, 0x46, 0x6f,
  0x72, 0x74, 0x72, 0x65, 0x73, 0x73, 0x00, 0x42, 0x65, 0x65, 0x63, 0x68, 0x20, 0x31, 0x39, 0x30,
  0x30, 0x00, 0x4d, 0x62, 0x62, 0x20, 0x42, 0x4f, 0x2d, 0x32, 0x30, 0x39, 0x20, 0x4d, 0x6f, 0x6e,
  0x73, 0x75, 0x6e, 0x00, 0x42, 0x65, 0x6c, 0x6c, 0x20, 0x32, 0x31, 0x32, 0x00, 0x42, 0x65, 0x6c,
  0x6c, 0x20, 0x32, 0x31, 0x34, 0x00, 0x42, 0x65, 0x6c, 0x6c, 0x20, 0x32, 0x32, 0x32, 0x00, 0x44,
  0x6f, 0x75, 0x67, 0x6c, 0x61, 0x73, 0x20, 0x42, 0x2d, 0x32, 0x33, 0x20, 0x44, 0x72, 0x61, 0x67,
  0x6f, 0x6e, 0x00, 0x42, 0x65, 0x6c, 0x6c, 0x20, 0x32, 0x33, 0x30, 0x00, 0x43, 0x6f, 0x6e, 0x73,
  0x6f, 0x6c, 0x69, 0x64, 0x61, 0x74, 0x65, 0x64, 0x20, 0x42, 0x2d, 0x32, 0x34, 0x20, 0x4c, 0x69,
  0x62, 0x65, 0x72, 0x61, 0x74, 0x6f, 0x72, 0x00, 0x4e, 0x6f, 0x72, 0x74, 0x68, 0x20, 0x41, 0x4d,
  0x45, 0x52, 0x49, 0x43, 0x41, 0x4e, 0x20, 0x42, 0x2d, 0x32, 0x35, 0x20, 0x4d, 0x69, 0x74, 0x63,
  0x68, 0x65, 0x6c, 0x6c, 0x00, 0x44, 0x6f, 0x75, 0x67, 0x6c, 0x61, 0x73, 0x20, 0x41, 0x2d, 0x32,
  0x36, 0x20, 0x49, 0x6e, 0x76, 0x61, 0x64, 0x65, 0x72, 0x00, 0x42, 0x6f, 0x65, 0x69, 0x6e, 0x67,
  0x20, 0x42, 0x2d, 0x32, 0x39, 0x20, 0x53, 0x75, 0x70, 0x65, 0x72, 0x66, 0x6f, 0x72, 0x74, 0x72,
  0x65, 0x73, 0x73, 0x00, 0x42, 0x72, 0x61, 0x6e, 0x74, 0x6c, 0x79, 0x20, 0x33, 0x30, 0x35, 0x00,
  0x42, 0x65, 0x65, 0x63, 0x68, 0x63, 0x72, 0x61, 0x66, 0x74, 0x20, 0x53, 0x75, 0x70, 0x65, 0x72,
  0x20, 0x4b, 0x69, 0x6e, 0x67, 0x20, 0x41, 0x69, 0x72, 0x20, 0x33, 0x35, 0x30, 0x00, 0x59, 0x61,
  0x6b, 0x6f, 0x76, 0x6c, 0x65, 0x76, 0x20, 0x42, 0x65, 0x61, 0x72, 0x20, 0x33, 0x36, 0x30, 0x00,
  0x42, 0x65, 0x65, 0x63, 0x68, 0x20, 0x33, 0x36, 0x20, 0x54, 0x75, 0x72, 0x62, 0x69, 0x6e, 0x65,
  0x20, 0x42, 0x6f, 0x6e, 0x61, 0x6e, 0x7a, 0x61, 0x00, 0x42, 0x6f, 0x65, 0x69, 0x6e, 0x67, 0x20,
  0x37, 0x33, 0x37, 0x20, 0x4d, 0x41, 0x58, 0x20, 0x37, 0x00, 0x42, 0x6f, 0x65, 0x69, 0x6e, 0x67,
  0x20, 0x37, 0x33, 0x37, 0x20, 0x4d, 0x41, 0x58, 0x20, 0x38, 0x00, 0x42, 0x6f, 0x65, 0x69, 0x6e,
  0x67, 0x20, 0x37, 0x33, 0x37, 0x20, 0x4d, 0x41, 0x58, 0x20, 0x39, 0x00, 0x42, 0x6f, 0x65, 0x69,
  0x6e, 0x67, 0x20, 0x37, 0x33, 0x37, 0x20, 0x4d, 0x41, 0x58, 0x20, 0x31, 0x30, 0x00, 0x42, 0x65,
  0x6c, 0x6c, 0x20, 0x34, 0x30, 0x37, 0x00, 0x42, 0x65, 0x6c, 0x6c, 0x20, 0x34, 0x31, 0x32, 0x00,
  0x42, 0x65, 0x6c, 0x6c, 0x20, 0x34, 0x32, 0x37, 0x00, 0x42, 0x65, 0x6c, 0x6c, 0x20, 0x34, 0x32,
  0x39, 0x20, 0x47, 0x6c, 0x6f, 0x62, 0x61, 0x6c, 0x52, 0x61, 0x6e, 0x67, 0x65, 0x72, 0x00, 0x42,
  0x65, 0x6c, 0x6c, 0x20, 0x34, 0x33, 0x30, 0x00, 0x42, 0x72, 0x69, 0x74, 0x69, 0x73, 0x68, 0x20,
  0x41, 0x45, 0x52, 0x4f, 0x53, 0x50, 0x41, 0x43, 0x45, 0x20, 0x31, 0x34, 0x36, 0x2d, 0x31, 0x30,
  0x30, 0x20, 0x53, 0x74, 0x61, 0x74, 0x65, 0x73, 0x6d, 0x61, 0x6e, 0x00, 0x42, 0x72, 0x69, 0x74,
  0x69, 0x73, 0x68, 0x20, 0x41, 0x45, 0x52, 0x4f, 0x53, 0x50, 0x41, 0x43, 0x45, 0x20, 0x31, 0x34,
  0x36, 0x2d, 0x32, 0x30, 0x30, 0x20, 0x51, 0x75, 0x69, 0x65, 0x74, 0x20, 0x54, 0x72, 0x61, 0x64,
  0x65, 0x72, 0x00, 0x42, 0x72, 0x69, 0x74, 0x69, 0x73, 0x68, 0x20, 0x41, 0x45, 0x52, 0x4f, 0x53,
  0x50, 0x41, 0x43, 0x45, 0x20, 0x31, 0x34, 0x36, 0x2d, 0x33, 0x30, 0x30, 0x00, 0x42, 0x65, 0x6c,
  0x6c, 0x20, 0x34, 0x37, 0x47, 0x00, 0x42, 0x65, 0x6c, 0x6c, 0x20, 0x34, 0x37, 0x4a, 0x00, 0x53,
  0x6f, 0x6c, 0x6f, 0x79, 0x20, 0x42, 0x65, 0x6c, 0x6c, 0x20, 0x34, 0x37, 0x00, 0x42, 0x65, 0x6c,
  0x6c, 0x20, 0x35, 0x30, 0x35, 0x20, 0x4a, 0x65, 0x74, 0x52, 0x61, 0x6e, 0x67, 0x65, 0x72, 0x20,
  0x58, 0x00, 0x42, 0x6f, 0x65, 0x69, 0x6e, 0x67, 0x20, 0x42, 0x2d, 0x35, 0x32, 0x48, 0x20, 0x53,
  0x74, 0x72, 0x61, 0x74, 0x6f, 0x66, 0x6f, 0x72, 0x74, 0x72, 0x65, 0x73, 0x73, 0x00, 0x42, 0x65,
  0x65, 0x63, 0x68, 0x20, 0x35, 0x38, 0x54, 0x43, 0x20, 0x42, 0x61, 0x72, 0x6f, 0x6e, 0x00, 0x42,
  0x65, 0x6c, 0x6c, 0x2d, 0x61, 0x67, 0x75, 0x73, 0x74, 0x61, 0x20, 0x42, 0x41, 0x2d, 0x36, 0x30,
  0x39, 0x00, 0x42, 0x6f, 0x65, 0x69, 0x6e, 0x67, 0x20, 0x37, 0x30, 0x37, 0x2d, 0x31, 0x30, 0x30,
  0x00, 0x42, 0x6f, 0x65, 0x69, 0x6e, 0x67, 0x20, 0x37, 0x30, 0x37, 0x2d, 0x33, 0x30, 0x30, 0x00,
  0x42, 0x6f, 0x65, 0x69, 0x6e, 0x67, 0x20, 0x37, 0x31, 0x37, 0x2d, 0x32, 0x30, 0x30, 0x00, 0x42,
  0x6f, 0x65, 0x69, 0x6e, 0x67, 0x20, 0x37, 0x32, 0x37, 0x2d, 0x31, 0x30, 0x30, 0x00, 0x42, 0x6f,
  0x65, 0x69, 0x6e, 0x67, 0x20, 0x37, 0x32, 0x37, 0x2d, 0x32, 0x30, 0x30, 0x00, 0x42, 0x6f, 0x65,
  0x69, 0x6e, 0x67, 0x20, 0x37, 0x33, 0x37, 0x2d, 0x32, 0x30, 0x30, 0x00, 0x42, 0x6f, 0x65, 0x69,
  0x6e, 0x67, 0x20, 0x37, 0x33, 0x37, 0x2d, 0x33, 0x30, 0x30, 0x00, 0x42, 0x6f, 0x65, 0x69, 0x6e,
  0x67, 0x20, 0x37, 0x33, 0x37, 0x2d, 0x34, 0x30, 0x30, 0x00, 0x42, 0x6f, 0x65, 0x69, 0x6e, 0x67,
  0x20, 0x37, 0x33, 0x37, 0x2d, 0x35, 0x30, 0x30, 0x00, 0x42, 0x6f, 0x65, 0x69, 0x6e, 0x67, 0x20,
  0x37, 0x33, 0x37, 0x2d, 0x36, 0x30, 0x30, 0x00, 0x42, 0x6f, 0x65, 0x69, 0x6e, 0x67, 0x20, 0x37,
  0x33, 0x37, 0x2d, 0x37, 0x30, 0x30, 0x00, 0x42, 0x6f, 0x65, 0x69, 0x6e, 0x67, 0x20, 0x37, 0x33,
  0x37, 0x2d, 0x38, 0x30, 0x30, 0x00, 0x42, 0x6f, 0x65, 0x69, 0x6e, 0x67, 0x20, 0x37, 0x33, 0x37,
  0x2d, 0x39, 0x30, 0x30, 0x00, 0x42, 0x6f, 0x65, 0x69, 0x6e, 0x67, 0x20, 0x37, 0x34, 0x37, 0x2d,
  0x31, 0x30, 0x30, 0x00, 0x42, 0x6f, 0x65, 0x69, 0x6e, 0x67, 0x20, 0x37, 0x34, 0x37, 0x2d, 0x32,
  0x30, 0x30, 0x00, 0x42, 0x6f, 0x65, 0x69, 0x6e, 0x67, 0x20, 0x37, 0x34, 0x37, 0x2d, 0x33, 0x30,
  0x30, 0x00, 0x42, 0x6f, 0x65, 0x69, 0x6e, 0x67, 0x20, 0x37, 0x34, 0x37, 0x2d, 0x34, 0x30, 0x30,
  0x00, 0x42, 0x6f, 0x65, 0x69, 0x6e, 0x67, 0x20, 0x37, 0x34, 0x37, 0x2d, 0x38, 0x00, 0x42, 0x6f,
  0x65, 0x69, 0x6e, 0x67, 0x20, 0x37, 0x34, 0x37, 0x53, 0x50, 0x00, 0x42, 0x6f, 0x65, 0x69, 0x6e,
  0x67, 0x20, 0x37, 0x35, 0x37, 0x2d, 0x32, 0x30, 0x30, 0x00, 0x42, 0x6f, 0x65, 0x69, 0x6e, 0x67,
  0x20, 0x37, 0x35, 0x37, 0x2d, 0x33, 0x30, 0x30, 0x00, 0x42, 0x6f, 0x65, 0x69, 0x6e, 0x67, 0x20,
  0x37, 0x36, 0x37, 0x2d, 0x32, 0x30, 0x30, 0x00, 0x42, 0x6f, 0x65, 0x69, 0x6e, 0x67, 0x20, 0x37,
  0x36, 0x37, 0x2d, 0x33, 0x30, 0x30, 0x00, 0x42, 0x6f, 0x65, 0x69, 0x6e, 0x67, 0x20, 0x37, 0x36,
  0x37, 0x2d, 0x34, 0x30, 0x30, 0x00, 0x42, 0x6f, 0x65, 0x69, 0x6e, 0x67, 0x20, 0x37, 0x37, 0x37,
  0x2d, 0x32, 0x30, 0x30, 0x00, 0x42, 0x6f, 0x65, 0x69, 0x6e, 0x67, 0x20, 0x37, 0x37, 0x37, 0x2d,
  0x33, 0x30, 0x30, 0x00, 0x42, 0x6f, 0x65, 0x69, 0x6e, 0x67, 0x20, 0x37, 0x37, 0x37, 0x2d, 0x39,
  0x00, 0x42, 0x6f, 0x65, 0x69, 0x6e, 0x67, 0x20, 0x37, 0x37, 0x37, 0x2d, 0x32, 0x30, 0x30, 0x4c,
  0x52, 0x00, 0x42, 0x6f, 0x65, 0x69, 0x6e, 0x67, 0x20, 0x37, 0x37, 0x37, 0x2d, 0x33, 0x30, 0x30,
  0x45, 0x52, 0x00, 0x42, 0x6f, 0x65, 0x69, 0x6e, 0x67, 0x20, 0x37, 0x38, 0x37, 0x2d, 0x38, 0x20,
  0x44, 0x72, 0x65, 0x61, 0x6d, 0x6c, 0x69, 0x6e, 0x65, 0x72, 0x00, 0x42, 0x6f, 0x65, 0x69, 0x6e,
  0x67, 0x20, 0x37, 0x38, 0x37, 0x2d, 0x39, 0x20, 0x44, 0x72, 0x65, 0x61, 0x6d, 0x6c, 0x69, 0x6e,
  0x65, 0x72, 0x00, 0x42, 0x6f, 0x65, 0x69, 0x6e, 0x67, 0x20, 0x37, 0x38, 0x37, 0x2d, 0x31, 0x30,
  0x20, 0x44, 0x72, 0x65, 0x61, 0x6d, 0x6c, 0x69, 0x6e, 0x65, 0x72, 0x00, 0x42, 0x61, 0x63, 0x20,
  0x31, 0x2d, 0x31, 0x31, 0x00, 0x43, 0x61, 0x6e, 0x61, 0x64, 0x69, 0x61, 0x6e, 0x20, 0x48, 0x4f,
  0x4d, 0x45, 0x20, 0x52, 0x4f, 0x54, 0x4f, 0x52, 0x53, 0x20, 0x42, 0x61, 0x62, 0x79, 0x20, 0x42,
  0x65, 0x6c, 0x6c, 0x65, 0x00, 0x46, 0x69, 0x72, 0x65, 0x66, 0x6c, 0x79, 0x20, 0x37, 0x2d, 0x31,
  0x35, 0x00, 0x42, 0x75, 0x65, 0x74, 0x68, 0x65, 0x20, 0x42, 0x61, 0x72, 0x72, 0x61, 0x63, 0x75,
  0x64, 0x61, 0x00, 0x47, 0x72, 0x75, 0x6d, 0x6d, 0x61, 0x6e, 0x20, 0x46, 0x2d, 0x38, 0x46, 0x20,
  0x42, 0x65, 0x61, 0x72, 0x63, 0x61, 0x74, 0x00, 0x41, 0x69, 0x72, 0x62, 0x75, 0x73, 0x20, 0x41,
  0x32, 0x32, 0x30, 0x2d, 0x31, 0x30, 0x30, 0x00, 0x41, 0x69, 0x72, 0x62, 0x75, 0x73, 0x20, 0x41,
  0x32, 0x32, 0x30, 0x2d, 0x33, 0x30, 0x30, 0x00, 0x42, 0x65, 0x64, 0x65, 0x20, 0x42, 0x44, 0x2d,
  0x34, 0x00, 0x42, 0x65, 0x64, 0x65, 0x20, 0x42, 0x44, 0x2d, 0x35, 0x42, 0x2f, 0x44, 0x2f, 0x47,
  0x00, 0x42, 0x65, 0x64, 0x65, 0x20, 0x42, 0x44, 0x2d, 0x35, 0x4a, 0x00, 0x42, 0x72, 0x69, 0x74,
  0x69, 0x73, 0x68, 0x20, 0x41, 0x45, 0x52, 0x4f, 0x53, 0x50, 0x41, 0x43, 0x45, 0x20, 0x53, 0x41,
  0x2d, 0x33, 0x20, 0x42, 0x75, 0x6c, 0x6c, 0x64, 0x6f, 0x67, 0x00, 0x42, 0x65, 0x65, 0x63, 0x68,
  0x20, 0x31, 0x30, 0x30, 0x20, 0x4b, 0x69, 0x6e, 0x67, 0x20, 0x41, 0x69, 0x72, 0x00, 0x42, 0x65,
  0x65, 0x63, 0x68, 0x20, 0x31, 0x37, 0x20, 0x53, 0x74, 0x61, 0x67, 0x67, 0x65, 0x72, 0x77, 0x69,
  0x6e, 0x67, 0x00, 0x42, 0x65, 0x65, 0x63, 0x68, 0x20, 0x31, 0x38, 0x20, 0x45, 0x78, 0x70, 0x65,
  0x74, 0x69, 0x74, 0x6f, 0x72, 0x00, 0x42, 0x65, 0x65, 0x63, 0x68, 0x20, 0x31, 0x39, 0x20, 0x53,
  0x70, 0x6f, 0x72, 0x74, 0x00, 0x42, 0x65, 0x65, 0x63, 0x68, 0x20, 0x32, 0x30, 0x30, 0x20, 0x53,
  0x75, 0x70, 0x65, 0x72, 0x20, 0x4b, 0x69, 0x6e, 0x67, 0x20, 0x41, 0x69, 0x72, 0x00, 0x42, 0x65,
  0x65, 0x63, 0x68, 0x63, 0x72, 0x61, 0x66, 0x74, 0x20, 0x32, 0x32, 0x30, 0x20, 0x44, 0x65, 0x6e,
  0x61, 0x6c, 0x69, 0x00, 0x42, 0x65, 0x65, 0x63, 0x68, 0x20, 0x32, 0x33, 0x20, 0x53, 0x75, 0x6e,
  0x64, 0x6f, 0x77, 0x6e, 0x65, 0x72, 0x00, 0x42, 0x65, 0x65, 0x63, 0x68, 0x20, 0x32, 0x34, 0x20,
  0x53, 0x69, 0x65, 0x72, 0x72, 0x61, 0x00, 0x42, 0x65, 0x65, 0x63, 0x68, 0x20, 0x33, 0x30, 0x30,
  0x20, 0x53, 0x75, 0x70, 0x65, 0x72, 0x20, 0x4b, 0x69, 0x6e, 0x67, 0x20, 0x41, 0x69, 0x72, 0x00,
  0x42, 0x65, 0x65, 0x63, 0x68, 0x20, 0x33, 0x33, 0x20, 0x42, 0x6f, 0x6e, 0x61, 0x6e, 0x7a, 0x61,
  0x00, 0x42, 0x65, 0x65, 0x63, 0x68, 0x20, 0x33, 0x35, 0x20, 0x42, 0x6f, 0x6e, 0x61, 0x6e, 0x7a,
  0x61, 0x00, 0x42, 0x65, 0x65, 0x63, 0x68, 0x20, 0x33, 0x36, 0x20, 0x42, 0x6f, 0x6e, 0x61, 0x6e,
  0x7a, 0x61, 0x00, 0x42, 0x65, 0x65, 0x63, 0x68, 0x20, 0x34, 0x30, 0x30, 0x20, 0x42, 0x65, 0x65,
  0x63, 0x68, 0x6a, 0x65, 0x74, 0x00, 0x42, 0x65, 0x65, 0x63, 0x68, 0x20, 0x34, 0x30, 0x30, 0x58,
  0x54, 0x20, 0x42, 0x65, 0x65, 0x63, 0x68, 0x6a, 0x65, 0x74, 0x00, 0x42, 0x65, 0x65, 0x63, 0x68,
  0x20, 0x35, 0x30, 0x20, 0x45, 0x78, 0x63, 0x61, 0x6c, 0x69, 0x62, 0x75, 0x72, 0x00, 0x42, 0x65,
  0x65, 0x63, 0x68, 0x20, 0x35, 0x35, 0x20, 0x42, 0x61, 0x72, 0x6f, 0x6e, 0x00, 0x42, 0x65, 0x65,
  0x63, 0x68, 0x20, 0x35, 0x36, 0x20, 0x54, 0x75, 0x72, 0x62, 0x6f, 0x20, 0x42, 0x61, 0x72, 0x6f,
  0x6e, 0x00, 0x42, 0x65, 0x65, 0x63, 0x68, 0x20, 0x35, 0x38, 0x20, 0x42, 0x61, 0x72, 0x6f, 0x6e,
  0x00, 0x42, 0x65, 0x65, 0x63, 0x68, 0x20, 0x36, 0x30, 0x20, 0x44, 0x75, 0x6b, 0x65, 0x00, 0x42,
  0x65, 0x65, 0x63, 0x68, 0x20, 0x36, 0x35, 0x20, 0x51, 0x75, 0x65, 0x65, 0x6e, 0x20, 0x41, 0x69,
  0x72, 0x00, 0x42, 0x65, 0x65, 0x63, 0x68, 0x20, 0x37, 0x30, 0x20, 0x51, 0x75, 0x65, 0x65, 0x6e,
  0x20, 0x41, 0x69, 0x72, 0x00, 0x42, 0x65, 0x65, 0x63, 0x68, 0x20, 0x37, 0x36, 0x20, 0x44, 0x75,
  0x63, 0x68, 0x65, 0x73, 0x73, 0x00, 0x42, 0x65, 0x65, 0x63, 0x68, 0x20, 0x37, 0x37, 0x20, 0x53,
  0x6b, 0x69, 0x70, 0x70, 0x65, 0x72, 0x00, 0x42, 0x65, 0x65, 0x63, 0x68, 0x20, 0x38, 0x30, 0x20,
  0x51, 0x75, 0x65, 0x65, 0x6e, 0x20, 0x41, 0x69, 0x72, 0x00, 0x42, 0x65, 0x65, 0x63, 0x68, 0x20,
  0x39, 0x35, 0x20, 0x54, 0x72, 0x61, 0x76, 0x65, 0x6c, 0x20, 0x41, 0x69, 0x72, 0x00, 0x42, 0x65,
  0x65, 0x63, 0x68, 0x20, 0x39, 0x39, 0x20, 0x41, 0x69, 0x72, 0x6c, 0x69, 0x6e, 0x65, 0x72, 0x00,
  0x42, 0x65, 0x65, 0x63, 0x68, 0x20, 0x39, 0x30, 0x20, 0x4b, 0x69, 0x6e, 0x67, 0x20, 0x41, 0x69,
  0x72, 0x00, 0x42, 0x65, 0x65, 0x63, 0x68, 0x20, 0x46, 0x39, 0x30, 0x20, 0x4b, 0x69, 0x6e, 0x67,
  0x20, 0x41, 0x69, 0x72, 0x00, 0x42, 0x65, 0x61, 0x72, 0x68, 0x61, 0x77, 0x6b, 0x20, 0x35, 0x00,
  0x41, 0x76, 0x69, 0x70, 0x72, 0x6f, 0x20, 0x52, 0x42, 0x2d, 0x34, 0x20, 0x42, 0x65, 0x61, 0x72,
  0x68, 0x61, 0x77, 0x6b, 0x00, 0x42, 0x65, 0x72, 0x69, 0x65, 0x76, 0x20, 0x42, 0x65, 0x2d, 0x32,
  0x30, 0x30, 0x20, 0x41, 0x6c, 0x74, 0x61, 0x69, 0x72, 0x00, 0x52, 0x6f, 0x6c, 0x6c, 0x61, 0x73,
  0x6f, 0x6e, 0x20, 0x42, 0x65, 0x74, 0x61, 0x00, 0x41, 0x73, 0x61, 0x70, 0x20, 0x42, 0x65, 0x61,
  0x76, 0x65, 0x72, 0x00, 0x50, 0x6f, 0x64, 0x65, 0x73, 0x76, 0x61, 0x20, 0x42, 0x66, 0x2d, 0x31,
  0x30, 0x39, 0x47, 0x2d, 0x32, 0x00, 0x42, 0x72, 0x69, 0x73, 0x74, 0x6f, 0x6c, 0x20, 0x46, 0x2d,
  0x32, 0x42, 0x20, 0x46, 0x69, 0x67, 0x68, 0x74, 0x65, 0x72, 0x20, 0x52, 0x65, 0x70, 0x6c, 0x69,
  0x63, 0x61, 0x00, 0x45, 0x61, 0x61, 0x20, 0x42, 0x69, 0x70, 0x6c, 0x61, 0x6e, 0x65, 0x00, 0x42,
  0x6f, 0x74, 0x20, 0x41, 0x49, 0x52, 0x43, 0x52, 0x41, 0x46, 0x54, 0x20, 0x53, 0x43, 0x2d, 0x30,
  0x37, 0x20, 0x53, 0x70, 0x65, 0x65, 0x64, 0x20, 0x43, 0x72, 0x75, 0x69, 0x73, 0x65, 0x72, 0x00,
  0x45, 0x75, 0x72, 0x6f, 0x63, 0x6f, 0x70, 0x74, 0x65, 0x72, 0x20, 0x42, 0x4b, 0x31, 0x31, 0x37,
  0x20, 0x43, 0x2d, 0x31, 0x2f, 0x32, 0x00, 0x42, 0x65, 0x72, 0x6b, 0x75, 0x74, 0x20, 0x42, 0x65,
  0x72, 0x6b, 0x75, 0x74, 0x00, 0x42, 0x6c, 0x65, 0x72, 0x69, 0x6f, 0x74, 0x20, 0x31, 0x31, 0x20,
  0x52, 0x65, 0x70, 0x6c, 0x69, 0x63, 0x61, 0x00, 0x42, 0x65, 0x6c, 0x6c, 0x61, 0x6e, 0x63, 0x61,
  0x20, 0x31, 0x37, 0x20, 0x56, 0x69, 0x6b, 0x69, 0x6e, 0x67, 0x00, 0x42, 0x65, 0x6c, 0x6c, 0x61,
  0x6e, 0x63, 0x61, 0x20, 0x31, 0x39, 0x20, 0x53, 0x6b, 0x79, 0x72, 0x6f, 0x63, 0x6b, 0x65, 0x74,
  0x00, 0x42, 0x65, 0x6c, 0x6c, 0x61, 0x6e, 0x63, 0x61, 0x20, 0x38, 0x20, 0x44, 0x65, 0x63, 0x61,
  0x74, 0x68, 0x6c, 0x6f, 0x6e, 0x00, 0x42, 0x6f, 0x65, 0x69, 0x6e, 0x67, 0x20, 0x37, 0x34, 0x37,
  0x2d, 0x34, 0x30, 0x30, 0x4c, 0x43, 0x46, 0x20, 0x44, 0x72, 0x65, 0x61, 0x6d, 0x6c, 0x69, 0x66,
  0x74, 0x65, 0x72, 0x00, 0x42, 0x72, 0x69, 0x73, 0x74, 0x6f, 0x6c, 0x20, 0x31, 0x34, 0x39, 0x20,
  0x42, 0x6f, 0x6c, 0x69, 0x6e, 0x67, 0x62, 0x72, 0x6f, 0x6b, 0x65, 0x00, 0x41, 0x69, 0x72, 0x63,
  0x72, 0x61, 0x66, 0x74, 0x20, 0x53, 0x50, 0x52, 0x55, 0x43, 0x45, 0x20, 0x42, 0x61, 0x62, 0x79,
  0x20, 0x4c, 0x61, 0x6b, 0x65, 0x73, 0x00, 0x41, 0x61, 0x6b, 0x20, 0x42, 0x75, 0x73, 0x68, 0x6d,
  0x61, 0x6e, 0x00, 0x42, 0x72, 0x69, 0x74, 0x74, 0x65, 0x6e, 0x2d, 0x6e, 0x6f, 0x72, 0x6d, 0x61,
  0x6e, 0x20, 0x42, 0x4e, 0x2d, 0x32, 0x20, 0x49, 0x73, 0x6c, 0x61, 0x6e, 0x64, 0x65, 0x72, 0x00,
  0x42, 0x72, 0x69, 0x74, 0x74, 0x65, 0x6e, 0x2d, 0x6e, 0x6f, 0x72, 0x6d, 0x61, 0x6e, 0x20, 0x42,
  0x4e, 0x2d, 0x32, 0x54, 0x20, 0x54, 0x75, 0x72, 0x62, 0x69, 0x6e, 0x65, 0x20, 0x49, 0x73, 0x6c,
  0x61, 0x6e, 0x64, 0x65, 0x72, 0x00, 0x53, 0x74, 0x65, 0x65, 0x6e, 0x20, 0x53, 0x6b, 0x79, 0x62,
  0x6f, 0x6c, 0x74, 0x00, 0x52, 0x26, 0x62, 0x20, 0x42, 0x65, 0x61, 0x72, 0x68, 0x61, 0x77, 0x6b,
  0x20, 0x50, 0x61, 0x74, 0x72, 0x6f, 0x6c, 0x00, 0x42, 0x64, 0x63, 0x20, 0x41, 0x45, 0x52, 0x4f,
  0x20, 0x50, 0x75, 0x6d, 0x61, 0x00, 0x42, 0x72, 0x6d, 0x20, 0x41, 0x45, 0x52, 0x4f, 0x20, 0x42,
  0x72, 0x69, 0x73, 0x74, 0x65, 0x6c, 0x6c, 0x20, 0x42, 0x32, 0x33, 0x00, 0x42, 0x72, 0x75, 0x6d,
  0x62, 0x79, 0x20, 0x36, 0x30, 0x30, 0x00, 0x42, 0x72, 0x75, 0x6d, 0x62, 0x79, 0x20, 0x36, 0x31,
  0x30, 0x20, 0x45, 0x76, 0x6f, 0x6c, 0x75, 0x74, 0x69, 0x6f, 0x6e, 0x00, 0x54, 0x65, 0x63, 0x6e,
  0x61, 0x6d, 0x20, 0x50, 0x2d, 0x32, 0x30, 0x30, 0x34, 0x20, 0x42, 0x72, 0x61, 0x76, 0x6f, 0x00,
  0x42, 0x72, 0x61, 0x6e, 0x74, 0x6c, 0x79, 0x20, 0x42, 0x2d, 0x32, 0x00, 0x41, 0x65, 0x72, 0x6f,
  0x73, 0x74, 0x79, 0x6c, 0x65, 0x20, 0x42, 0x72, 0x65, 0x65, 0x7a, 0x65, 0x72, 0x00, 0x4d, 0x61,
  0x78, 0x20, 0x48, 0x4f, 0x4c, 0x53, 0x54, 0x45, 0x20, 0x42, 0x72, 0x6f, 0x75, 0x73, 0x73, 0x61,
  0x72, 0x64, 0x00, 0x42, 0x65, 0x6c, 0x6c, 0x20, 0x32, 0x31, 0x34, 0x20, 0x53, 0x75, 0x70, 0x65,
  0x72, 0x54, 0x72, 0x61, 0x6e, 0x73, 0x70, 0x6f, 0x72, 0x74, 0x00, 0x42, 0x65, 0x65, 0x63, 0x68,
  0x20, 0x42, 0x33, 0x36, 0x54, 0x43, 0x20, 0x42, 0x6f, 0x6e, 0x61, 0x6e, 0x7a, 0x61, 0x00, 0x42,
  0x6f, 0x65, 0x69, 0x6e, 0x67, 0x20, 0x54, 0x2d, 0x37, 0x20, 0x52, 0x65, 0x64, 0x20, 0x48, 0x61,
  0x77, 0x6b, 0x00, 0x42, 0x61, 0x79, 0x6b, 0x61, 0x72, 0x20, 0x54, 0x42, 0x2d, 0x32, 0x00, 0x41,
  0x69, 0x72, 0x63, 0x72, 0x61, 0x66, 0x74, 0x20, 0x48, 0x59, 0x44, 0x52, 0x4f, 0x2d, 0x46, 0x4f,
  0x52, 0x4d, 0x49, 0x4e, 0x47, 0x20, 0x42, 0x75, 0x73, 0x68, 0x6d, 0x61, 0x73, 0x74, 0x65, 0x72,
  0x20, 0x32, 0x30, 0x30, 0x30, 0x00, 0x42, 0x75, 0x63, 0x6b, 0x65, 0x72, 0x20, 0x42, 0x75, 0x2d,
  0x31, 0x33, 0x31, 0x20, 0x4a, 0x75, 0x6e, 0x67, 0x6d, 0x61, 0x6e, 0x6e, 0x00, 0x42, 0x75, 0x63,
  0x6b, 0x65, 0x72, 0x20, 0x42, 0x75, 0x2d, 0x31, 0x33, 0x33, 0x20, 0x4a, 0x75, 0x6e, 0x67, 0x6d,
  0x65, 0x69, 0x73, 0x74, 0x65, 0x72, 0x00, 0x42, 0x75, 0x63, 0x6b, 0x65, 0x72, 0x20, 0x42, 0x75,
  0x2d, 0x31, 0x38, 0x33, 0x20, 0x42, 0x65, 0x73, 0x74, 0x6d, 0x61, 0x6e, 0x6e, 0x00, 0x41, 0x64,
  0x76, 0x61, 0x6e, 0x63, 0x65, 0x64, 0x20, 0x41, 0x45, 0x52, 0x4f, 0x4d, 0x41, 0x52, 0x49, 0x4e,
  0x45, 0x20, 0x42, 0x75, 0x63, 0x63, 0x61, 0x6e, 0x65, 0x65, 0x72, 0x00, 0x42, 0x75, 0x73, 0x68,
  0x63, 0x61, 0x74, 0x00, 0x42, 0x6c, 0x61, 0x63, 0x6b, 0x77, 0x69, 0x6e, 0x67, 0x20, 0x42, 0x57,
  0x2d, 0x36, 0x30, 0x30, 0x00, 0x42, 0x6c, 0x61, 0x63, 0x6b, 0x77, 0x69, 0x6e, 0x67, 0x20, 0x42,
  0x57, 0x2d, 0x36, 0x33, 0x35, 0x00, 0x42, 0x72, 0x61, 0x6e, 0x64, 0x6c, 0x69, 0x20, 0x43, 0x68,
  0x65, 0x72, 0x72, 0x79, 0x00, 0x43, 0x65, 0x73, 0x73, 0x6e, 0x61, 0x20, 0x32, 0x30, 0x36, 0x20,
  0x54, 0x75, 0x72, 0x62, 0x69, 0x6e, 0x65, 0x00, 0x43, 0x65, 0x73, 0x73, 0x6e, 0x61, 0x20, 0x32,
  0x30, 0x37, 0x20, 0x54, 0x75, 0x72, 0x62, 0x69, 0x6e, 0x65, 0x00, 0x43, 0x65, 0x73, 0x73, 0x6e,
  0x61, 0x20, 0x50, 0x32, 0x31, 0x30, 0x20, 0x54, 0x75, 0x72, 0x62, 0x69, 0x6e, 0x65, 0x00, 0x46,
  0x61, 0x69, 0x72, 0x63, 0x68, 0x69, 0x6c, 0x64, 0x20, 0x43, 0x2d, 0x31, 0x31, 0x39, 0x20, 0x46,
  0x6c, 0x79, 0x69, 0x6e, 0x67, 0x20, 0x42, 0x6f, 0x78, 0x63, 0x61, 0x72, 0x00, 0x43, 0x65, 0x73,
  0x73, 0x6e, 0x61, 0x20, 0x31, 0x32, 0x30, 0x00, 0x46, 0x61, 0x69, 0x72, 0x63, 0x68, 0x69, 0x6c,
  0x64, 0x20, 0x43, 0x2d, 0x31, 0x32, 0x33, 0x20, 0x50, 0x72, 0x6f, 0x76, 0x69, 0x64, 0x65, 0x72,
  0x00, 0x4c, 0x6f, 0x63, 0x6b, 0x68, 0x65, 0x65, 0x64, 0x20, 0x43, 0x2d, 0x31, 0x33, 0x30, 0x20,
  0x48, 0x65, 0x72, 0x63, 0x75, 0x6c, 0x65, 0x73, 0x00, 0x42, 0x6f, 0x65, 0x69, 0x6e, 0x67, 0x20,
  0x54, 0x43, 0x2d, 0x31, 0x33, 0x35, 0x57, 0x00, 0x43, 0x65, 0x73, 0x73, 0x6e, 0x61, 0x20, 0x31,
  0x34, 0x30, 0x00, 0x43, 0x65, 0x73, 0x73, 0x6e, 0x61, 0x20, 0x31, 0x35, 0x30, 0x00, 0x43, 0x65,
  0x73, 0x73, 0x6e, 0x61, 0x20, 0x31, 0x35, 0x32, 0x00, 0x54, 0x72, 0x61, 0x6e, 0x73, 0x61, 0x6c,
  0x6c, 0x20, 0x43, 0x2d, 0x31, 0x36, 0x30, 0x00, 0x43, 0x65, 0x73, 0x73, 0x6e, 0x61, 0x20, 0x31,
  0x36, 0x32, 0x20, 0x53, 0x6b, 0x79, 0x63, 0x61, 0x74, 0x63, 0x68, 0x65, 0x72, 0x00, 0x42, 0x6f,
  0x65, 0x69, 0x6e, 0x67, 0x20, 0x43, 0x2d, 0x31, 0x37, 0x41, 0x20, 0x47, 0x6c, 0x6f, 0x62, 0x65,
  0x6d, 0x61, 0x73, 0x74, 0x65, 0x72, 0x20, 0x49, 0x49, 0x49, 0x00, 0x43, 0x65, 0x73, 0x73, 0x6e,
  0x61, 0x20, 0x31, 0x37, 0x30, 0x00, 0x43, 0x65, 0x73, 0x73, 0x6e, 0x61, 0x20, 0x31, 0x37, 0x32,
  0x20, 0x53, 0x6b, 0x79, 0x68, 0x61, 0x77, 0x6b, 0x00, 0x43, 0x65, 0x73, 0x73, 0x6e, 0x61, 0x20,
  0x31, 0x37, 0x35, 0x20, 0x53, 0x6b, 0x79, 0x6c, 0x61, 0x72, 0x6b, 0x00, 0x43, 0x65, 0x73, 0x73,
  0x6e, 0x61, 0x20, 0x31, 0x37, 0x37, 0x20, 0x43, 0x61, 0x72, 0x64, 0x69, 0x6e, 0x61, 0x6c, 0x00,
  0x43, 0x65, 0x73, 0x73, 0x6e, 0x61, 0x20, 0x31, 0x38, 0x30, 0x20, 0x53, 0x6b, 0x79, 0x77, 0x61,
  0x67, 0x6f, 0x6e, 0x00, 0x43, 0x65, 0x73, 0x73, 0x6e, 0x61, 0x20, 0x31, 0x38, 0x32, 0x20, 0x53,
  0x6b, 0x79, 0x6c, 0x61, 0x6e, 0x65, 0x00, 0x43, 0x65, 0x73, 0x73, 0x6e, 0x61, 0x20, 0x31, 0x38,
  0x35, 0x20, 0x53, 0x6b, 0x79, 0x77, 0x61, 0x67, 0x6f, 0x6e, 0x00, 0x43, 0x65, 0x73, 0x73, 0x6e,
  0x61, 0x20, 0x31, 0x38, 0x38, 0x20, 0x41, 0x67, 0x54, 0x72, 0x75, 0x63, 0x6b, 0x00, 0x43, 0x65,
  0x73, 0x73, 0x6e, 0x61, 0x20, 0x31, 0x39, 0x30, 0x00, 0x43, 0x65, 0x73, 0x73, 0x6e, 0x61, 0x20,
  0x31, 0x39, 0x35, 0x00, 0x47, 0x72, 0x75, 0x6d, 0x6d, 0x61, 0x6e, 0x20, 0x43, 0x2d, 0x32, 0x41,
  0x20, 0x47, 0x72, 0x65, 0x79, 0x68, 0x6f, 0x75, 0x6e, 0x64, 0x00, 0x43, 0x65, 0x73, 0x73, 0x6e,
  0x61, 0x20, 0x32, 0x30, 0x35, 0x00, 0x43, 0x65, 0x73, 0x73, 0x6e, 0x61, 0x20, 0x32, 0x30, 0x36,
  0x20, 0x53, 0x74, 0x61, 0x74, 0x69, 0x6f, 0x6e, 0x61, 0x69, 0x72, 0x00, 0x43, 0x65, 0x73, 0x73,
  0x6e, 0x61, 0x20, 0x32, 0x30, 0x37, 0x20, 0x54, 0x75, 0x72, 0x62, 0x6f, 0x20, 0x53, 0x74, 0x61,
  0x74, 0x69, 0x6f, 0x6e, 0x61, 0x69, 0x72, 0x00, 0x43, 0x65, 0x73, 0x73, 0x6e, 0x61, 0x20, 0x32,
  0x30, 0x38, 0x20, 0x43, 0x61, 0x72, 0x61, 0x76, 0x61, 0x6e, 0x00, 0x43, 0x65, 0x73, 0x73, 0x6e,
  0x61, 0x20, 0x32, 0x30, 0x31, 0x20, 0x43, 0x65, 0x6e, 0x74, 0x75, 0x72, 0x69, 0x6f, 0x6e, 0x00,
  0x43, 0x65, 0x73, 0x73, 0x6e, 0x61, 0x20, 0x32, 0x31, 0x32, 0x20, 0x41, 0x76, 0x69, 0x6f, 0x63,
  0x61, 0x72, 0x00, 0x43, 0x65, 0x73, 0x73, 0x6e, 0x61, 0x20, 0x32, 0x34, 0x30, 0x20, 0x43, 0x6f,
  0x72, 0x76, 0x61, 0x6c, 0x69, 0x73, 0x20, 0x54, 0x54, 0x78, 0x00, 0x43, 0x65, 0x73, 0x73, 0x6e,
  0x61, 0x20, 0x35, 0x32, 0x35, 0x41, 0x20, 0x43, 0x69, 0x74, 0x61, 0x74, 0x69, 0x6f, 0x6e, 0x20,
  0x43, 0x4a, 0x32, 0x00, 0x43, 0x65, 0x73, 0x73, 0x6e, 0x61, 0x20, 0x35, 0x32, 0x35, 0x42, 0x20,
  0x43, 0x69, 0x74, 0x61, 0x74, 0x69, 0x6f, 0x6e, 0x20, 0x43, 0x4a, 0x33, 0x00, 0x43, 0x65, 0x73,
  0x73, 0x6e, 0x61, 0x20, 0x35, 0x32, 0x35, 0x43, 0x20, 0x43, 0x69, 0x74, 0x61, 0x74, 0x69, 0x6f,
  0x6e, 0x20, 0x43, 0x4a, 0x34, 0x00, 0x43, 0x65, 0x73, 0x73, 0x6e, 0x61, 0x20, 0x35, 0x32, 0x35,
  0x20, 0x43, 0x69, 0x74, 0x61, 0x74, 0x69, 0x6f, 0x6e, 0x20, 0x4d, 0x32, 0x00, 0x41, 0x6c, 0x65,
  0x6e, 0x69, 0x61, 0x20, 0x43, 0x2d, 0x32, 0x37, 0x4a, 0x20, 0x53, 0x70, 0x61, 0x72, 0x74, 0x61,
  0x6e, 0x00, 0x43, 0x61, 0x73, 0x61, 0x20, 0x43, 0x2d, 0x32, 0x39, 0x35, 0x20, 0x50, 0x65, 0x72,
  0x73, 0x75, 0x61, 0x64, 0x65, 0x72, 0x00, 0x43, 0x65, 0x73, 0x73, 0x6e, 0x61, 0x20, 0x54, 0x33,
  0x30, 0x33, 0x20, 0x43, 0x72, 0x75, 0x73, 0x61, 0x64, 0x65, 0x72, 0x00, 0x4c, 0x6f, 0x63, 0x6b,
  0x68, 0x65, 0x65, 0x64, 0x20, 0x4d, 0x61, 0x72, 0x74, 0x69, 0x6e, 0x20, 0x43, 0x2d, 0x31, 0x33,
  0x30, 0x4a, 0x2d, 0x33, 0x30, 0x20, 0x48, 0x65, 0x72, 0x63, 0x75, 0x6c, 0x65, 0x73, 0x00, 0x43,
  0x65, 0x73, 0x73, 0x6e, 0x61, 0x20, 0x33, 0x31, 0x30, 0x00, 0x43, 0x65, 0x73, 0x73, 0x6e, 0x61,
  0x20, 0x33, 0x32, 0x30, 0x20, 0x53, 0x6b, 0x79, 0x6b, 0x6e, 0x69, 0x67, 0x68, 0x74, 0x00, 0x43,
  0x65, 0x73, 0x73, 0x6e, 0x61, 0x20, 0x33, 0x33, 0x35, 0x00, 0x43, 0x65, 0x73, 0x73, 0x6e, 0x61,
  0x20, 0x33, 0x33, 0x36, 0x20, 0x53, 0x6b, 0x79, 0x6d, 0x61, 0x73, 0x74, 0x65, 0x72, 0x00, 0x43,
  0x65, 0x73, 0x73, 0x6e, 0x61, 0x20, 0x33, 0x33, 0x37, 0x20, 0x53, 0x75, 0x70, 0x65, 0x72, 0x20,
  0x53, 0x6b, 0x79, 0x6d, 0x61, 0x73, 0x74, 0x65, 0x72, 0x00, 0x43, 0x65, 0x73, 0x73, 0x6e, 0x61,
  0x20, 0x33, 0x34, 0x30, 0x20, 0x53, 0x75, 0x70, 0x65, 0x72, 0x00, 0x45, 0x6b, 0x77, 0x20, 0x43,
  0x2d, 0x33, 0x36, 0x30, 0x35, 0x00, 0x43, 0x65, 0x73, 0x73, 0x6e, 0x61, 0x20, 0x34, 0x30, 0x32,
  0x20, 0x42, 0x75, 0x73, 0x69, 0x6e, 0x65, 0x73, 0x73, 0x6c, 0x69, 0x6e, 0x65, 0x72, 0x00, 0x43,
  0x65, 0x73, 0x73, 0x6e, 0x61, 0x20, 0x34, 0x30, 0x34, 0x20, 0x54, 0x69, 0x74, 0x61, 0x6e, 0x00,
  0x43, 0x65, 0x73, 0x73, 0x6e, 0x61, 0x20, 0x34, 0x30, 0x38, 0x20, 0x53, 0x6b, 0x79, 0x43, 0x6f,
  0x75, 0x72, 0x69, 0x65, 0x72, 0x00, 0x43, 0x65, 0x73, 0x73, 0x6e, 0x61, 0x20, 0x34, 0x31, 0x31,
  0x00, 0x43, 0x65, 0x73, 0x73, 0x6e, 0x61, 0x20, 0x34, 0x31, 0x34, 0x20, 0x43, 0x68, 0x61, 0x6e,
  0x63, 0x65, 0x6c, 0x6c, 0x6f, 0x72, 0x00, 0x49, 0x6b, 0x61, 0x72, 0x75, 0x73, 0x20, 0x43, 0x2d,
  0x34, 0x32, 0x20, 0x42, 0x69, 0x73, 0x6f, 0x6e, 0x00, 0x43, 0x65, 0x73, 0x73, 0x6e, 0x61, 0x20,
  0x34, 0x32, 0x31, 0x20, 0x45, 0x78, 0x65, 0x63, 0x75, 0x74, 0x69, 0x76, 0x65, 0x20, 0x43, 0x6f,
  0x6d, 0x6d, 0x75, 0x74, 0x65, 0x72, 0x00, 0x43, 0x65, 0x73, 0x73, 0x6e, 0x61, 0x20, 0x34, 0x32,
  0x35, 0x20, 0x43, 0x6f, 0x72, 0x73, 0x61, 0x69, 0x72, 0x00, 0x43, 0x65, 0x73, 0x73, 0x6e, 0x61,
  0x20, 0x34, 0x34, 0x31, 0x20, 0x43, 0x6f, 0x6e, 0x71, 0x75, 0x65, 0x73, 0x74, 0x00, 0x43, 0x75,
  0x72, 0x74, 0x69, 0x73, 0x73, 0x20, 0x43, 0x2d, 0x34, 0x36, 0x20, 0x43, 0x6f, 0x6d, 0x6d, 0x61,
  0x6e, 0x64, 0x6f, 0x00, 0x43, 0x65, 0x73, 0x73, 0x6e, 0x61, 0x20, 0x35, 0x30, 0x30, 0x20, 0x43,
  0x69, 0x74, 0x61, 0x74, 0x69, 0x6f, 0x6e, 0x20, 0x31, 0x00, 0x43, 0x65, 0x73, 0x73, 0x6e, 0x61,
  0x20, 0x35, 0x30, 0x31, 0x20, 0x43, 0x69, 0x74, 0x61, 0x74, 0x69, 0x6f, 0x6e, 0x20, 0x31, 0x53,
  0x50, 0x00, 0x43, 0x65, 0x73, 0x73, 0x6e, 0x61, 0x20, 0x35, 0x31, 0x30, 0x20, 0x43, 0x69, 0x74,
  0x61, 0x74, 0x69, 0x6f, 0x6e, 0x20, 0x4d, 0x75, 0x73, 0x74, 0x61, 0x6e, 0x67, 0x00, 0x43, 0x65,
  0x73, 0x73, 0x6e, 0x61, 0x20, 0x35, 0x32, 0x35, 0x20, 0x43, 0x69, 0x74, 0x61, 0x74, 0x69, 0x6f,
  0x6e, 0x4a, 0x65, 0x74, 0x00, 0x43, 0x65, 0x73, 0x73, 0x6e, 0x61, 0x20, 0x35, 0x35, 0x30, 0x20,
  0x43, 0x69, 0x74, 0x61, 0x74, 0x69, 0x6f, 0x6e, 0x20, 0x53, 0x32, 0x00, 0x43, 0x65, 0x73, 0x73,
  0x6e, 0x61, 0x20, 0x35, 0x35, 0x31, 0x20, 0x43, 0x69, 0x74, 0x61, 0x74, 0x69, 0x6f, 0x6e, 0x20,
  0x32, 0x53, 0x50, 0x00, 0x43, 0x65, 0x73, 0x73, 0x6e, 0x61, 0x20, 0x35, 0x35, 0x30, 0x42, 0x20,
  0x43, 0x69, 0x74, 0x61, 0x74, 0x69, 0x6f, 0x6e, 0x20, 0x42, 0x72, 0x61, 0x76, 0x6f, 0x00, 0x43,
  0x65, 0x73, 0x73, 0x6e, 0x61, 0x20, 0x35, 0x36, 0x30, 0x20, 0x43, 0x69, 0x74, 0x61, 0x74, 0x69,
  0x6f, 0x6e, 0x20, 0x55, 0x6c, 0x74, 0x72, 0x61, 0x00, 0x43, 0x65, 0x73, 0x73, 0x6e, 0x61, 0x20,
  0x35, 0x36, 0x30, 0x58, 0x4c, 0x20, 0x43, 0x69, 0x74, 0x61, 0x74, 0x69, 0x6f, 0x6e, 0x20, 0x58,
  0x4c, 0x53, 0x00, 0x4c, 0x6f, 0x63, 0x6b, 0x68, 0x65, 0x65, 0x64, 0x20, 0x43, 0x2d, 0x35, 0x4d,
  0x20, 0x53, 0x75, 0x70, 0x65, 0x72, 0x20, 0x47, 0x61, 0x6c, 0x61, 0x78, 0x79, 0x00, 0x43, 0x65,
  0x73, 0x73, 0x6e, 0x61, 0x20, 0x36, 0x35, 0x30, 0x20, 0x43, 0x69, 0x74, 0x61, 0x74, 0x69, 0x6f,
  0x6e, 0x00, 0x43, 0x65, 0x73, 0x73, 0x6e, 0x61, 0x20, 0x36, 0x38, 0x30, 0x20, 0x43, 0x69, 0x74,
  0x61, 0x74, 0x69, 0x6f, 0x6e, 0x20, 0x53, 0x6f, 0x76, 0x65, 0x72, 0x65, 0x69, 0x67, 0x6e, 0x00,
  0x43, 0x65, 0x73, 0x73, 0x6e, 0x61, 0x20, 0x36, 0x38, 0x30, 0x20, 0x43, 0x69, 0x74, 0x61, 0x74,
  0x69, 0x6f, 0x6e, 0x20, 0x4c, 0x61, 0x74, 0x69, 0x74, 0x75, 0x64, 0x65, 0x00, 0x43, 0x65, 0x73,
  0x73, 0x6e, 0x61, 0x20, 0x37, 0x30, 0x30, 0x20, 0x43, 0x69, 0x74, 0x61, 0x74, 0x69, 0x6f, 0x6e,
  0x20, 0x4c, 0x6f, 0x6e, 0x67, 0x69, 0x74, 0x75, 0x64, 0x65, 0x00, 0x43, 0x65, 0x73, 0x73, 0x6e,
  0x61, 0x20, 0x31, 0x37, 0x32, 0x52, 0x20, 0x43, 0x75, 0x74, 0x6c, 0x61, 0x73, 0x73, 0x20, 0x52,
  0x47, 0x00, 0x43, 0x65, 0x73, 0x73, 0x6e, 0x61, 0x20, 0x37, 0x35, 0x30, 0x20, 0x43, 0x69, 0x74,
  0x61, 0x74, 0x69, 0x6f, 0x6e, 0x20, 0x31, 0x30, 0x00, 0x43, 0x65, 0x73, 0x73, 0x6e, 0x61, 0x20,
  0x31, 0x37, 0x37, 0x52, 0x47, 0x20, 0x43, 0x61, 0x72, 0x64, 0x69, 0x6e, 0x61, 0x6c, 0x20, 0x52,
  0x47, 0x00, 0x46, 0x61, 0x69, 0x72, 0x63, 0x68, 0x69, 0x6c, 0x64, 0x20, 0x43, 0x2d, 0x38, 0x32,
  0x20, 0x50, 0x61, 0x63, 0x6b, 0x65, 0x74, 0x00, 0x43, 0x65, 0x73, 0x73, 0x6e, 0x61, 0x20, 0x52,
  0x31, 0x38, 0x32, 0x20, 0x53, 0x6b, 0x79, 0x6c, 0x61, 0x6e, 0x65, 0x20, 0x52, 0x47, 0x00, 0x43,
  0x65, 0x73, 0x73, 0x6e, 0x61, 0x20, 0x54, 0x31, 0x38, 0x32, 0x20, 0x54, 0x75, 0x72, 0x62, 0x6f,
  0x20, 0x53, 0x6b, 0x79, 0x6c, 0x61, 0x6e, 0x65, 0x00, 0x43, 0x65, 0x73, 0x73, 0x6e, 0x61, 0x20,
  0x54, 0x52, 0x31, 0x38, 0x32, 0x20, 0x54, 0x75, 0x72, 0x62, 0x6f, 0x20, 0x53, 0x6b, 0x79, 0x6c,
  0x61, 0x6e, 0x65, 0x20, 0x52, 0x47, 0x00, 0x43, 0x6f, 0x6d, 0x61, 0x63, 0x20, 0x43, 0x2d, 0x39,
  0x31, 0x39, 0x00, 0x42, 0x6f, 0x65, 0x69, 0x6e, 0x67, 0x20, 0x43, 0x2d, 0x39, 0x37, 0x20, 0x53,
  0x74, 0x72, 0x61, 0x74, 0x6f, 0x66, 0x72, 0x65, 0x69, 0x67, 0x68, 0x74, 0x65, 0x72, 0x00, 0x43,
  0x6f, 0x6d, 0x6d, 0x6f, 0x6e, 0x77, 0x65, 0x61, 0x6c, 0x74, 0x68, 0x20, 0x43, 0x41, 0x2d, 0x31,
  0x39, 0x20, 0x42, 0x6f, 0x6f, 0x6d, 0x65, 0x72, 0x61, 0x6e, 0x67, 0x00, 0x43, 0x6f, 0x6d, 0x6d,
  0x6f, 0x6e, 0x77, 0x65, 0x61, 0x6c, 0x74, 0x68, 0x20, 0x43, 0x41, 0x2d, 0x32, 0x35, 0x20, 0x57,
  0x69, 0x6e, 0x6a, 0x65, 0x65, 0x6c, 0x00, 0x43, 0x6f, 0x6d, 0x20, 0x41, 0x49, 0x52, 0x20, 0x34,
  0x00, 0x43, 0x6f, 0x72, 0x76, 0x75, 0x73, 0x20, 0x43, 0x41, 0x2d, 0x34, 0x31, 0x20, 0x52, 0x61,
  0x63, 0x65, 0x72, 0x00, 0x43, 0x6f, 0x6d, 0x70, 0x20, 0x41, 0x49, 0x52, 0x20, 0x36, 0x00, 0x43,
  0x76, 0x6a, 0x65, 0x74, 0x6b, 0x6f, 0x76, 0x69, 0x63, 0x20, 0x43, 0x41, 0x2d, 0x36, 0x31, 0x20,
  0x4d, 0x69, 0x6e, 0x69, 0x20, 0x41, 0x63, 0x65, 0x00, 0x43, 0x76, 0x6a, 0x65, 0x74, 0x6b, 0x6f,
  0x76, 0x69, 0x63, 0x20, 0x43, 0x41, 0x2d, 0x36, 0x35, 0x20, 0x53, 0x6b, 0x79, 0x66, 0x6c, 0x79,
  0x00, 0x43, 0x6f, 0x6d, 0x70, 0x20, 0x41, 0x49, 0x52, 0x20, 0x37, 0x54, 0x00, 0x43, 0x61, 0x20,
  0x38, 0x00, 0x44, 0x65, 0x6c, 0x69, 0x73, 0x6c, 0x65, 0x20, 0x43, 0x61, 0x64, 0x69, 0x00, 0x43,
  0x6c, 0x61, 0x73, 0x73, 0x20, 0x42, 0x75, 0x73, 0x68, 0x20, 0x43, 0x61, 0x64, 0x64, 0x79, 0x20,
  0x4c, 0x2d, 0x31, 0x36, 0x30, 0x00, 0x53, 0x6f, 0x70, 0x77, 0x69, 0x74, 0x68, 0x20, 0x43, 0x61,
  0x6d, 0x65, 0x6c, 0x20, 0x52, 0x65, 0x70, 0x6c, 0x69, 0x63, 0x61, 0x00, 0x47, 0x72, 0x65, 0x67,
  0x61, 0x20, 0x47, 0x4e, 0x2d, 0x31, 0x20, 0x41, 0x69, 0x72, 0x63, 0x61, 0x6d, 0x70, 0x65, 0x72,
  0x00, 0x41, 0x65, 0x72, 0x6f, 0x63, 0x61, 0x72, 0x00, 0x4e, 0x61, 0x74, 0x69, 0x6f, 0x6e, 0x61,
  0x6c, 0x20, 0x41, 0x45, 0x52, 0x4f, 0x4e, 0x41, 0x55, 0x54, 0x49, 0x43, 0x53, 0x20, 0x43, 0x61,
  0x73, 0x73, 0x75, 0x74, 0x74, 0x20, 0x33, 0x4d, 0x00, 0x43, 0x61, 0x6e, 0x61, 0x64, 0x61, 0x69,
  0x72, 0x20, 0x43, 0x61, 0x74, 0x61, 0x6c, 0x69, 0x6e, 0x61, 0x00, 0x48, 0x61, 0x74, 0x7a, 0x20,
  0x43, 0x42, 0x2d, 0x31, 0x20, 0x43, 0x6c, 0x61, 0x73, 0x73, 0x69, 0x63, 0x00, 0x43, 0x75, 0x62,
  0x20, 0x43, 0x52, 0x41, 0x46, 0x54, 0x45, 0x52, 0x53, 0x20, 0x43, 0x43, 0x2d, 0x31, 0x31, 0x20,
  0x43, 0x61, 0x72, 0x62, 0x6f, 0x6e, 0x20, 0x43, 0x75, 0x62, 0x00, 0x43, 0x75, 0x62, 0x20, 0x43,
  0x52, 0x41, 0x46, 0x54, 0x45, 0x52, 0x53, 0x20, 0x43, 0x43, 0x2d, 0x31, 0x39, 0x20, 0x58, 0x43,
  0x75, 0x62, 0x00, 0x43, 0x6c, 0x61, 0x75, 0x64, 0x69, 0x75, 0x73, 0x20, 0x44, 0x4f, 0x52, 0x4e,
  0x49, 0x45, 0x52, 0x20, 0x43, 0x44, 0x2d, 0x32, 0x20, 0x53, 0x65, 0x61, 0x73, 0x74, 0x61, 0x72,
  0x00, 0x41, 0x75, 0x74, 0x6f, 0x67, 0x79, 0x72, 0x6f, 0x20, 0x43, 0x61, 0x6c, 0x69, 0x64, 0x75,
  0x73, 0x00, 0x43, 0x68, 0x69, 0x6c, 0x74, 0x6f, 0x6e, 0x20, 0x44, 0x57, 0x2d, 0x31, 0x00, 0x43,
  0x65, 0x72, 0x76, 0x61, 0x20, 0x43, 0x45, 0x2d, 0x34, 0x33, 0x20, 0x47, 0x75, 0x65, 0x70, 0x61,
  0x72, 0x64, 0x00, 0x43, 0x65, 0x6c, 0x65, 0x72, 0x61, 0x20, 0x35, 0x30, 0x30, 0x4c, 0x00, 0x5a,
  0x65, 0x6e, 0x61, 0x69, 0x72, 0x20, 0x43, 0x48, 0x2d, 0x31, 0x30, 0x30, 0x20, 0x4d, 0x6f, 0x6e,
  0x6f, 0x2d, 0x5a, 0x65, 0x6e, 0x69, 0x74, 0x68, 0x00, 0x5a, 0x65, 0x6e, 0x61, 0x69, 0x72, 0x20,
  0x43, 0x48, 0x2d, 0x31, 0x35, 0x30, 0x20, 0x41, 0x63, 0x72, 0x6f, 0x2d, 0x5a, 0x65, 0x6e, 0x69,
  0x74, 0x68, 0x00, 0x5a, 0x65, 0x6e, 0x61, 0x69, 0x72, 0x20, 0x43, 0x48, 0x2d, 0x32, 0x30, 0x30,
  0x20, 0x5a, 0x65, 0x6e, 0x69, 0x74, 0x68, 0x00, 0x5a, 0x65, 0x6e, 0x61, 0x69, 0x72, 0x20, 0x43,
  0x48, 0x2d, 0x32, 0x35, 0x30, 0x20, 0x5a, 0x65, 0x6e, 0x69, 0x74, 0x68, 0x00, 0x5a, 0x65, 0x6e,
  0x61, 0x69, 0x72, 0x20, 0x43, 0x48, 0x2d, 0x32, 0x30, 0x30, 0x30, 0x20, 0x5a, 0x65, 0x6e, 0x69,
  0x74, 0x68, 0x00, 0x5a, 0x65, 0x6e, 0x61, 0x69, 0x72, 0x20, 0x43, 0x48, 0x2d, 0x33, 0x30, 0x30,
  0x20, 0x54, 0x72, 0x69, 0x2d, 0x5a, 0x65, 0x6e, 0x69, 0x74, 0x68, 0x00, 0x34, 0x30, 0x32, 0x00,
  0x5a, 0x65, 0x6e, 0x61, 0x69, 0x72, 0x20, 0x43, 0x48, 0x2d, 0x36, 0x30, 0x30, 0x20, 0x5a, 0x6f,
  0x64, 0x69, 0x61, 0x63, 0x00, 0x5a, 0x65, 0x6e, 0x61, 0x69, 0x72, 0x20, 0x43, 0x48, 0x2d, 0x36,
  0x32, 0x30, 0x20, 0x47, 0x65, 0x6d, 0x69, 0x6e, 0x69, 0x00, 0x5a, 0x65, 0x6e, 0x61, 0x69, 0x72,
  0x20, 0x43, 0x48, 0x2d, 0x36, 0x34, 0x30, 0x20, 0x5a, 0x6f, 0x64, 0x69, 0x61, 0x63, 0x00, 0x5a,
  0x65, 0x6e, 0x61, 0x69, 0x72, 0x20, 0x43, 0x48, 0x2d, 0x36, 0x35, 0x30, 0x20, 0x5a, 0x6f, 0x64,
  0x69, 0x61, 0x63, 0x00, 0x48, 0x65, 0x6c, 0x69, 0x2d, 0x73, 0x70, 0x6f, 0x72, 0x74, 0x20, 0x43,
  0x48, 0x2d, 0x37, 0x20, 0x4b, 0x6f, 0x6d, 0x70, 0x72, 0x65, 0x73, 0x73, 0x00, 0x5a, 0x65, 0x6e,
  0x61, 0x69, 0x72, 0x20, 0x43, 0x48, 0x2d, 0x37, 0x30, 0x31, 0x20, 0x53, 0x74, 0x6f, 0x6c, 0x00,
  0x5a, 0x65, 0x6e, 0x61, 0x69, 0x72, 0x20, 0x43, 0x48, 0x2d, 0x37, 0x35, 0x30, 0x20, 0x43, 0x72,
  0x75, 0x7a, 0x65, 0x72, 0x00, 0x42, 0x65, 0x6c, 0x6c, 0x61, 0x6e, 0x63, 0x61, 0x20, 0x37, 0x20,
  0x43, 0x68, 0x61, 0x6d, 0x70, 0x69, 0x6f, 0x6e, 0x00, 0x42, 0x65, 0x6c, 0x6c, 0x61, 0x6e, 0x63,
  0x61, 0x20, 0x37, 0x20, 0x43, 0x69, 0x74, 0x61, 0x62, 0x72, 0x69, 0x61, 0x00, 0x5a, 0x65, 0x6e,
  0x61, 0x69, 0x72, 0x20, 0x43, 0x48, 0x2d, 0x38, 0x30, 0x31, 0x20, 0x53, 0x74, 0x6f, 0x6c, 0x00,
  0x50, 0x6f, 0x64, 0x65, 0x73, 0x76, 0x61, 0x20, 0x43, 0x68, 0x69, 0x63, 0x6f, 0x00, 0x41, 0x73,
  0x61, 0x70, 0x20, 0x43, 0x68, 0x69, 0x6e, 0x6f, 0x6f, 0x6b, 0x00, 0x45, 0x6c, 0x6d, 0x77, 0x6f,
  0x6f, 0x64, 0x20, 0x43, 0x41, 0x2d, 0x30, 0x35, 0x20, 0x43, 0x68, 0x72, 0x69, 0x73, 0x74, 0x61,
  0x76, 0x69, 0x61, 0x20, 0x4d, 0x6b, 0x31, 0x00, 0x45, 0x6c, 0x6d, 0x77, 0x6f, 0x6f, 0x64, 0x20,
  0x43, 0x48, 0x2d, 0x38, 0x20, 0x43, 0x68, 0x72, 0x69, 0x73, 0x74, 0x61, 0x76, 0x69, 0x61, 0x20,
  0x4d, 0x6b, 0x34, 0x00, 0x43, 0x6f, 0x72, 0x62, 0x79, 0x20, 0x43, 0x4a, 0x2d, 0x31, 0x20, 0x53,
  0x74, 0x61, 0x72, 0x6c, 0x65, 0x74, 0x00, 0x4e, 0x61, 0x6e, 0x63, 0x68, 0x61, 0x6e, 0x67, 0x20,
  0x43, 0x4a, 0x2d, 0x36, 0x00, 0x43, 0x61, 0x6e, 0x61, 0x64, 0x61, 0x69, 0x72, 0x20, 0x43, 0x4c,
  0x2d, 0x32, 0x31, 0x35, 0x00, 0x43, 0x61, 0x6e, 0x61, 0x64, 0x61, 0x69, 0x72, 0x20, 0x43, 0x4c,
  0x2d, 0x34, 0x31, 0x35, 0x20, 0x53, 0x75, 0x70, 0x65, 0x72, 0x53, 0x63, 0x6f, 0x6f, 0x70, 0x65,
  0x72, 0x00, 0x42, 0x6f, 0x6d, 0x62, 0x61, 0x72, 0x64, 0x69, 0x65, 0x72, 0x20, 0x42, 0x44, 0x2d,
  0x31, 0x30, 0x30, 0x20, 0x43, 0x68, 0x61, 0x6c, 0x6c, 0x65, 0x6e, 0x67, 0x65, 0x72, 0x20, 0x33,
  0x30, 0x30, 0x00, 0x42, 0x6f, 0x6d, 0x62, 0x61, 0x72, 0x64, 0x69, 0x65, 0x72, 0x20, 0x42, 0x44,
  0x2d, 0x31, 0x30, 0x30, 0x20, 0x43, 0x68, 0x61, 0x6c, 0x6c, 0x65, 0x6e, 0x67, 0x65, 0x72, 0x20,
  0x33, 0x35, 0x30, 0x00, 0x43, 0x61, 0x6e, 0x61, 0x64, 0x61, 0x69, 0x72, 0x20, 0x54, 0x75, 0x74,
  0x6f, 0x72, 0x00, 0x43, 0x61, 0x6e, 0x61, 0x64, 0x61, 0x69, 0x72, 0x20, 0x43, 0x4c, 0x2d, 0x34,
  0x34, 0x20, 0x47, 0x75, 0x70, 0x70, 0x79, 0x00, 0x42, 0x6f, 0x6d, 0x62, 0x61, 0x72, 0x64, 0x69,
  0x65, 0x72, 0x20, 0x43, 0x4c, 0x2d, 0x36, 0x30, 0x30, 0x20, 0x43, 0x68, 0x61, 0x6c, 0x6c, 0x65,
  0x6e, 0x67, 0x65, 0x72, 0x00, 0x43, 0x61, 0x6c, 0x6c, 0x61, 0x69, 0x72, 0x20, 0x41, 0x2d, 0x34,
  0x00, 0x4e, 0x6f, 0x72, 0x74, 0x68, 0x20, 0x41, 0x4d, 0x45, 0x52, 0x49, 0x43, 0x41, 0x4e, 0x20,
  0x52, 0x4f, 0x43, 0x4b, 0x57, 0x45, 0x4c, 0x4c, 0x20, 0x42, 0x2d, 0x31, 0x20, 0x53, 0x6e, 0x69,
  0x70, 0x65, 0x20, 0x43, 0x6f, 0x6d, 0x6d, 0x61, 0x6e, 0x64, 0x65, 0x72, 0x00, 0x46, 0x69, 0x73,
  0x68, 0x65, 0x72, 0x20, 0x41, 0x45, 0x52, 0x4f, 0x20, 0x43, 0x65, 0x6c, 0x65, 0x62, 0x72, 0x69,
  0x74, 0x79, 0x00, 0x52, 0x6f, 0x74, 0x6f, 0x72, 0x74, 0x65, 0x63, 0x20, 0x43, 0x6c, 0x6f, 0x75,
  0x64, 0x20, 0x44, 0x61, 0x6e, 0x63, 0x65, 0x72, 0x20, 0x32, 0x00, 0x38, 0x31, 0x33, 0x35, 0x00,
  0x41, 0x75, 0x74, 0x6f, 0x67, 0x79, 0x72, 0x6f, 0x20, 0x43, 0x61, 0x76, 0x61, 0x6c, 0x6f, 0x6e,
  0x00, 0x43, 0x65, 0x73, 0x73, 0x6e, 0x61, 0x20, 0x43, 0x2d, 0x31, 0x36, 0x35, 0x20, 0x41, 0x69,
  0x72, 0x6d, 0x61, 0x73, 0x74, 0x65, 0x72, 0x00, 0x41, 0x69, 0x72, 0x20, 0x43, 0x4f, 0x4d, 0x4d,
  0x41, 0x4e, 0x44, 0x20, 0x43, 0x6f, 0x6d, 0x6d, 0x61, 0x6e, 0x64, 0x65, 0x72, 0x20, 0x45, 0x6c,
  0x69, 0x74, 0x65, 0x00, 0x43, 0x69, 0x72, 0x63, 0x61, 0x20, 0x4e, 0x69, 0x65, 0x75, 0x70, 0x6f,
  0x72, 0x74, 0x20, 0x31, 0x32, 0x2d, 0x37, 0x2f, 0x38, 0x00, 0x43, 0x61, 0x73, 0x61, 0x20, 0x43,
  0x4e, 0x2d, 0x32, 0x33, 0x35, 0x20, 0x50, 0x65, 0x72, 0x73, 0x75, 0x61, 0x64, 0x65, 0x72, 0x00,
  0x42, 0x61, 0x63, 0x20, 0x43, 0x61, 0x6e, 0x62, 0x65, 0x72, 0x72, 0x61, 0x00, 0x46, 0x6c, 0x65,
  0x65, 0x74, 0x20, 0x38, 0x30, 0x20, 0x43, 0x61, 0x6e, 0x75, 0x63, 0x6b, 0x00, 0x43, 0x65, 0x73,
  0x73, 0x6e, 0x61, 0x20, 0x33, 0x35, 0x30, 0x20, 0x43, 0x6f, 0x72, 0x76, 0x61, 0x6c, 0x69, 0x73,
  0x00, 0x43, 0x65, 0x73, 0x73, 0x6e, 0x61, 0x20, 0x34, 0x30, 0x30, 0x20, 0x43, 0x6f, 0x72, 0x76,
  0x61, 0x6c, 0x69, 0x73, 0x20, 0x54, 0x54, 0x00, 0x54, 0x65, 0x78, 0x61, 0x73, 0x20, 0x41, 0x49,
  0x52, 0x43, 0x52, 0x41, 0x46, 0x54, 0x20, 0x43, 0x6f, 0x6c, 0x74, 0x00, 0x4c, 0x6f, 0x63, 0x6b,
  0x68, 0x65, 0x64, 0x20, 0x43, 0x6f, 0x6e, 0x73, 0x74, 0x65, 0x6c, 0x6c, 0x61, 0x74, 0x69, 0x6f,
  0x6e, 0x00, 0x41, 0x65, 0x72, 0x6f, 0x63, 0x61, 0x72, 0x20, 0x53, 0x75, 0x70, 0x65, 0x72, 0x20,
  0x43, 0x6f, 0x6f, 0x74, 0x00, 0x43, 0x6f, 0x72, 0x76, 0x75, 0x73, 0x20, 0x43, 0x6f, 0x72, 0x6f,
  0x6e, 0x65, 0x00, 0x43, 0x68, 0x61, 0x6e, 0x63, 0x65, 0x20, 0x56, 0x4f, 0x55, 0x47, 0x48, 0x54,
  0x20, 0x46, 0x34, 0x55, 0x20, 0x43, 0x6f, 0x72, 0x73, 0x61, 0x69, 0x72, 0x00, 0x41, 0x63, 0x72,
  0x6f, 0x20, 0x53, 0x50, 0x4f, 0x52, 0x54, 0x20, 0x43, 0x6f, 0x75, 0x67, 0x61, 0x72, 0x00, 0x48,
  0x65, 0x6c, 0x69, 0x6f, 0x20, 0x43, 0x6f, 0x75, 0x72, 0x69, 0x65, 0x72, 0x00, 0x52, 0x61, 0x6e,
  0x73, 0x20, 0x43, 0x6f, 0x79, 0x6f, 0x74, 0x65, 0x20, 0x32, 0x00, 0x43, 0x6f, 0x2d, 0x7a, 0x20,
  0x43, 0x6f, 0x7a, 0x79, 0x00, 0x43, 0x61, 0x70, 0x20, 0x41, 0x56, 0x49, 0x41, 0x54, 0x49, 0x4f,
  0x4e, 0x20, 0x43, 0x41, 0x50, 0x2d, 0x31, 0x30, 0x00, 0x50, 0x69, 0x65, 0x6c, 0x20, 0x53, 0x75,
  0x70, 0x65, 0x72, 0x20, 0x45, 0x6d, 0x65, 0x72, 0x61, 0x75, 0x64, 0x65, 0x00, 0x4d, 0x75, 0x64,
  0x72, 0x79, 0x20, 0x43, 0x41, 0x50, 0x2d, 0x32, 0x31, 0x00, 0x41, 0x6b, 0x72, 0x6f, 0x74, 0x65,
  0x63, 0x68, 0x20, 0x47, 0x2d, 0x32, 0x32, 0x32, 0x00, 0x4d, 0x75, 0x64, 0x72, 0x79, 0x20, 0x43,
  0x41, 0x50, 0x2d, 0x32, 0x33, 0x30, 0x2f, 0x31, 0x2f, 0x32, 0x00, 0x50, 0x69, 0x65, 0x6c, 0x20,
  0x45, 0x6d, 0x65, 0x72, 0x61, 0x75, 0x64, 0x65, 0x00, 0x50, 0x69, 0x65, 0x6c, 0x20, 0x53, 0x75,
  0x70, 0x65, 0x72, 0x20, 0x44, 0x69, 0x61, 0x6d, 0x61, 0x6e, 0x74, 0x00, 0x43, 0x70, 0x2d, 0x36,
  0x35, 0x00, 0x50, 0x69, 0x65, 0x6c, 0x20, 0x42, 0x65, 0x72, 0x79, 0x6c, 0x00, 0x50, 0x69, 0x65,
  0x6c, 0x20, 0x5a, 0x65, 0x70, 0x68, 0x69, 0x72, 0x00, 0x50, 0x69, 0x65, 0x6c, 0x20, 0x50, 0x69,
  0x6e, 0x6f, 0x63, 0x63, 0x68, 0x69, 0x6f, 0x20, 0x32, 0x00, 0x44, 0x79, 0x6e, 0x61, 0x65, 0x72,
  0x6f, 0x20, 0x43, 0x52, 0x2d, 0x31, 0x32, 0x30, 0x00, 0x43, 0x75, 0x72, 0x74, 0x69, 0x73, 0x73,
  0x2d, 0x72, 0x6f, 0x62, 0x65, 0x72, 0x74, 0x73, 0x6f, 0x6e, 0x20, 0x52, 0x6f, 0x62, 0x69, 0x6e,
  0x00, 0x52, 0x61, 0x6e, 0x73, 0x20, 0x43, 0x6f, 0x75, 0x72, 0x69, 0x65, 0x72, 0x00, 0x50, 0x61,
  0x63, 0x69, 0x66, 0x69, 0x63, 0x20, 0x41, 0x45, 0x52, 0x4f, 0x53, 0x50, 0x41, 0x43, 0x45, 0x20,
  0x43, 0x72, 0x65, 0x73, 0x63, 0x6f, 0x00, 0x42, 0x6f, 0x6d, 0x62, 0x61, 0x72, 0x64, 0x69, 0x65,
  0x72, 0x20, 0x52, 0x65, 0x67, 0x69, 0x6f, 0x6e, 0x61, 0x6c, 0x20, 0x4a, 0x65, 0x74, 0x20, 0x43,
  0x52, 0x4a, 0x2d, 0x31, 0x30, 0x30, 0x00, 0x42, 0x6f, 0x6d, 0x62, 0x61, 0x72, 0x64, 0x69, 0x65,
  0x72, 0x20, 0x52, 0x65, 0x67, 0x69, 0x6f, 0x6e, 0x61, 0x6c, 0x20, 0x4a, 0x65, 0x74, 0x20, 0x43,
  0x52, 0x4a, 0x2d, 0x32, 0x30, 0x30, 0x00, 0x42, 0x6f, 0x6d, 0x62, 0x61, 0x72, 0x64, 0x69, 0x65,
  0x72, 0x20, 0x52, 0x65, 0x67, 0x69, 0x6f, 0x6e, 0x61, 0x6c, 0x20, 0x4a, 0x65, 0x74, 0x20, 0x43,
  0x52, 0x4a, 0x2d, 0x37, 0x30, 0x30, 0x00, 0x42, 0x6f, 0x6d, 0x62, 0x61, 0x72, 0x64, 0x69, 0x65,
  0x72, 0x20, 0x52, 0x65, 0x67, 0x69, 0x6f, 0x6e, 0x61, 0x6c, 0x20, 0x4a, 0x65, 0x74, 0x20, 0x43,
  0x52, 0x4a, 0x2d, 0x39, 0x30, 0x30, 0x00, 0x42, 0x6f, 0x6d, 0x62, 0x61, 0x72, 0x64, 0x69, 0x65,
  0x72, 0x20, 0x52, 0x65, 0x67, 0x69, 0x6f, 0x6e, 0x61, 0x6c, 0x20, 0x4a, 0x65, 0x74, 0x20, 0x43,
  0x52, 0x4a, 0x2d, 0x31, 0x30, 0x30, 0x30, 0x00, 0x43, 0x73, 0x61, 0x20, 0x50, 0x53, 0x2d, 0x32,
  0x38, 0x20, 0x43, 0x72, 0x75, 0x69, 0x73, 0x65, 0x72, 0x00, 0x50, 0x61, 0x63, 0x69, 0x66, 0x69,
  0x63, 0x20, 0x41, 0x45, 0x52, 0x4f, 0x53, 0x50, 0x41, 0x43, 0x45, 0x20, 0x43, 0x54, 0x2d, 0x34,
  0x20, 0x41, 0x69, 0x72, 0x74, 0x72, 0x61, 0x69, 0x6e, 0x65, 0x72, 0x00, 0x52, 0x61, 0x69, 0x6e,
  0x62, 0x6f, 0x77, 0x20, 0x53, 0x4b, 0x59, 0x52, 0x45, 0x41, 0x43, 0x48, 0x20, 0x43, 0x68, 0x65,
  0x65, 0x74, 0x61, 0x68, 0x00, 0x41, 0x63, 0x65, 0x73, 0x20, 0x48, 0x49, 0x47, 0x48, 0x20, 0x43,
  0x75, 0x62, 0x79, 0x20, 0x32, 0x00, 0x43, 0x75, 0x6c, 0x76, 0x65, 0x72, 0x20, 0x43, 0x61, 0x64,
  0x65, 0x74, 0x00, 0x43, 0x75, 0x6c, 0x70, 0x20, 0x53, 0x70, 0x65, 0x63, 0x69, 0x61, 0x6c, 0x00,
  0x43, 0x75, 0x6c, 0x76, 0x65, 0x72, 0x20, 0x56, 0x00, 0x43, 0x6f, 0x6e, 0x76, 0x61, 0x69, 0x72,
  0x20, 0x43, 0x6f, 0x6e, 0x76, 0x61, 0x69, 0x72, 0x6c, 0x69, 0x6e, 0x65, 0x72, 0x00, 0x43, 0x61,
  0x6e, 0x61, 0x64, 0x61, 0x69, 0x72, 0x20, 0x43, 0x6f, 0x73, 0x6d, 0x6f, 0x70, 0x6f, 0x6c, 0x69,
  0x74, 0x61, 0x6e, 0x00, 0x54, 0x68, 0x61, 0x74, 0x63, 0x68, 0x65, 0x72, 0x20, 0x43, 0x58, 0x2d,
  0x35, 0x00, 0x44, 0x65, 0x72, 0x72, 0x69, 0x6e, 0x67, 0x65, 0x72, 0x20, 0x4e, 0x65, 0x77, 0x20,
  0x44, 0x65, 0x72, 0x72, 0x69, 0x6e, 0x67, 0x65, 0x72, 0x00, 0x4a, 0x6f, 0x64, 0x65, 0x6c, 0x20,
  0x44, 0x2d, 0x31, 0x31, 0x78, 0x2f, 0x31, 0x32, 0x78, 0x00, 0x4a, 0x6f, 0x64, 0x65, 0x6c, 0x20,
  0x44, 0x2d, 0x31, 0x34, 0x30, 0x20, 0x4d, 0x6f, 0x75, 0x73, 0x71, 0x75, 0x65, 0x74, 0x61, 0x69,
  0x72, 0x65, 0x00, 0x4a, 0x6f, 0x64, 0x65, 0x6c, 0x20, 0x44, 0x2d, 0x31, 0x35, 0x30, 0x20, 0x4d,
  0x61, 0x73, 0x63, 0x61, 0x72, 0x65, 0x74, 0x00, 0x4a, 0x6f, 0x64, 0x65, 0x6c, 0x20, 0x44, 0x2d,
  0x31, 0x38, 0x2f, 0x31, 0x39, 0x2f, 0x32, 0x30, 0x00, 0x44, 0x6f, 0x72, 0x6e, 0x69, 0x65, 0x72,
  0x20, 0x32, 0x32, 0x38, 0x00, 0x4e, 0x65, 0x77, 0x20, 0x53, 0x54, 0x41, 0x4e, 0x44, 0x41, 0x52,
  0x54, 0x20, 0x44, 0x2d, 0x32, 0x35, 0x00, 0x43, 0x65, 0x6e, 0x74, 0x72, 0x65, 0x20, 0x45, 0x53,
  0x54, 0x20, 0x44, 0x52, 0x2d, 0x32, 0x35, 0x30, 0x20, 0x43, 0x61, 0x70, 0x69, 0x74, 0x61, 0x69,
  0x6e, 0x65, 0x00, 0x43, 0x65, 0x6e, 0x74, 0x72, 0x65, 0x20, 0x45, 0x53, 0x54, 0x20, 0x44, 0x52,
  0x2d, 0x32, 0x35, 0x33, 0x20, 0x52, 0x65, 0x67, 0x65, 0x6e, 0x74, 0x00, 0x44, 0x6f, 0x72, 0x6e,
  0x69, 0x65, 0x72, 0x20, 0x44, 0x6f, 0x2d, 0x32, 0x38, 0x44, 0x20, 0x53, 0x6b, 0x79, 0x73, 0x65,
  0x72, 0x76, 0x61, 0x6e, 0x74, 0x00, 0x44, 0x6f, 0x72, 0x6e, 0x69, 0x65, 0x72, 0x20, 0x44, 0x6f,
  0x2d, 0x32, 0x38, 0x44, 0x2d, 0x36, 0x20, 0x54, 0x75, 0x72, 0x62, 0x6f, 0x20, 0x53, 0x6b, 0x79,
  0x73, 0x65, 0x72, 0x76, 0x61, 0x6e, 0x74, 0x00, 0x52, 0x6f, 0x6c, 0x6c, 0x61, 0x73, 0x6f, 0x6e,
  0x20, 0x44, 0x2d, 0x33, 0x31, 0x20, 0x54, 0x75, 0x72, 0x62, 0x75, 0x6c, 0x65, 0x6e, 0x74, 0x00,
  0x44, 0x6f, 0x72, 0x6e, 0x69, 0x65, 0x72, 0x20, 0x33, 0x32, 0x38, 0x00, 0x41, 0x75, 0x73, 0x74,
  0x65, 0x72, 0x20, 0x44, 0x2d, 0x34, 0x00, 0x41, 0x75, 0x73, 0x74, 0x65, 0x72, 0x20, 0x44, 0x2d,
  0x35, 0x00, 0x44, 0x72, 0x75, 0x69, 0x6e, 0x65, 0x20, 0x44, 0x2d, 0x35, 0x20, 0x54, 0x75, 0x72,
  0x62, 0x69, 0x00, 0x41, 0x75, 0x73, 0x74, 0x65, 0x72, 0x20, 0x44, 0x2d, 0x36, 0x00, 0x44, 0x72,
  0x75, 0x69, 0x6e, 0x65, 0x20, 0x44, 0x2d, 0x36, 0x32, 0x20, 0x43, 0x6f, 0x6e, 0x64, 0x6f, 0x72,
  0x00, 0x46, 0x6f, 0x6b, 0x6b, 0x65, 0x72, 0x20, 0x44, 0x2d, 0x37, 0x20, 0x52, 0x65, 0x70, 0x6c,
  0x69, 0x63, 0x61, 0x00, 0x46, 0x6f, 0x6b, 0x6b, 0x65, 0x72, 0x20, 0x44, 0x2d, 0x38, 0x20, 0x52,
  0x65, 0x70, 0x6c, 0x69, 0x63, 0x61, 0x00, 0x44, 0x61, 0x76, 0x69, 0x73, 0x20, 0x44, 0x41, 0x2d,
  0x32, 0x00, 0x44, 0x69, 0x61, 0x6d, 0x6f, 0x6e, 0x64, 0x20, 0x44, 0x41, 0x2d, 0x34, 0x30, 0x20,
  0x43, 0x6c, 0x75, 0x62, 0x20, 0x53, 0x74, 0x61, 0x72, 0x00, 0x44, 0x69, 0x61, 0x6d, 0x6f, 0x6e,
  0x64, 0x20, 0x44, 0x41, 0x2d, 0x34, 0x32, 0x20, 0x47, 0x75, 0x61, 0x72, 0x64, 0x69, 0x61, 0x6e,
  0x00, 0x44, 0x69, 0x61, 0x6d, 0x6f, 0x6e, 0x64, 0x20, 0x44, 0x41, 0x2d, 0x35, 0x30, 0x20, 0x4d,
  0x61, 0x67, 0x6e, 0x75, 0x6d, 0x00, 0x44, 0x69, 0x61, 0x6d, 0x6f, 0x6e, 0x64, 0x20, 0x44, 0x41,
  0x2d, 0x36, 0x32, 0x00, 0x46, 0x69, 0x73, 0x68, 0x65, 0x72, 0x20, 0x44, 0x61, 0x6b, 0x6f, 0x74,
  0x61, 0x20, 0x48, 0x61, 0x77, 0x6b, 0x00, 0x53, 0x70, 0x65, 0x7a, 0x69, 0x6f, 0x20, 0x44, 0x41,
  0x4c, 0x2d, 0x31, 0x20, 0x54, 0x75, 0x68, 0x6f, 0x6c, 0x65, 0x72, 0x00, 0x44, 0x61, 0x6c, 0x6c,
  0x61, 0x63, 0x68, 0x20, 0x44, 0x2d, 0x34, 0x20, 0x46, 0x61, 0x73, 0x63, 0x69, 0x6e, 0x61, 0x74,
  0x69, 0x6f, 0x6e, 0x00, 0x4d, 0x63, 0x64, 0x6f, 0x6e, 0x6e, 0x65, 0x6c, 0x6c, 0x20, 0x44, 0x4f,
  0x55, 0x47, 0x4c, 0x41, 0x53, 0x20, 0x44, 0x43, 0x2d, 0x31, 0x30, 0x00, 0x44, 0x6f, 0x75, 0x67,
  0x6c, 0x61, 0x73, 0x20, 0x44, 0x43, 0x2d, 0x32, 0x00, 0x44, 0x6f, 0x75, 0x67, 0x6c, 0x61, 0x73,
  0x20, 0x44, 0x43, 0x2d, 0x33, 0x20, 0x44, 0x61, 0x6b, 0x6f, 0x74, 0x61, 0x00, 0x44, 0x6f, 0x75,
  0x67, 0x6c, 0x61, 0x73, 0x20, 0x44, 0x43, 0x2d, 0x33, 0x20, 0x53, 0x75, 0x70, 0x65, 0x72, 0x20,
  0x44, 0x61, 0x6b, 0x6f, 0x74, 0x61, 0x00, 0x44, 0x6f, 0x75, 0x67, 0x6c, 0x61, 0x73, 0x20, 0x44,
  0x43, 0x2d, 0x33, 0x20, 0x54, 0x75, 0x72, 0x62, 0x69, 0x6e, 0x65, 0x20, 0x44, 0x61, 0x6b, 0x6f,
  0x74, 0x61, 0x00, 0x44, 0x6f, 0x75, 0x67, 0x6c, 0x61, 0x73, 0x20, 0x44, 0x43, 0x2d, 0x34, 0x20,
  0x53, 0x6b, 0x79, 0x6d, 0x61, 0x73, 0x74, 0x65, 0x72, 0x00, 0x44, 0x6f, 0x75, 0x67, 0x6c, 0x61,
  0x73, 0x20, 0x44, 0x43, 0x2d, 0x36, 0x20, 0x4c, 0x69, 0x66, 0x74, 0x6d, 0x61, 0x73, 0x74, 0x65,
  0x72, 0x00, 0x44, 0x6f, 0x75, 0x67, 0x6c, 0x61, 0x73, 0x20, 0x44, 0x43, 0x2d, 0x37, 0x20, 0x53,
  0x65, 0x76, 0x65, 0x6e, 0x20, 0x53, 0x65, 0x61, 0x73, 0x00, 0x4d, 0x63, 0x64, 0x6f, 0x6e, 0x6e,
  0x65, 0x6c, 0x6c, 0x20, 0x44, 0x4f, 0x55, 0x47, 0x4c, 0x41, 0x53, 0x20, 0x44, 0x43, 0x2d, 0x38,
  0x2d, 0x36, 0x30, 0x00, 0x4d, 0x63, 0x64, 0x6f, 0x6e, 0x6e, 0x65, 0x6c, 0x6c, 0x20, 0x44, 0x4f,
  0x55, 0x47, 0x4c, 0x41, 0x53, 0x20, 0x44, 0x43, 0x2d, 0x38, 0x2d, 0x37, 0x30, 0x00, 0x4d, 0x63,
  0x64, 0x6f, 0x6e, 0x6e, 0x65, 0x6c, 0x6c, 0x20, 0x44, 0x4f, 0x55, 0x47, 0x4c, 0x41, 0x53, 0x20,
  0x44, 0x43, 0x2d, 0x39, 0x2d, 0x31, 0x30, 0x00, 0x4d, 0x63, 0x64, 0x6f, 0x6e, 0x6e, 0x65, 0x6c,
  0x6c, 0x20, 0x44, 0x4f, 0x55, 0x47, 0x4c, 0x41, 0x53, 0x20, 0x44, 0x43, 0x2d, 0x39, 0x2d, 0x32,
  0x30, 0x00, 0x4d, 0x63, 0x64, 0x6f, 0x6e, 0x6e, 0x65, 0x6c, 0x6c, 0x20, 0x44, 0x4f, 0x55, 0x47,
  0x4c, 0x41, 0x53, 0x20, 0x44, 0x43, 0x2d, 0x39, 0x2d, 0x33, 0x30, 0x00, 0x52, 0x75, 0x74, 0x61,
  0x6e, 0x20, 0x34, 0x30, 0x20, 0x44, 0x65, 0x66, 0x69, 0x61, 0x6e, 0x74, 0x00, 0x56, 0x69, 0x6b,
  0x69, 0x6e, 0x67, 0x20, 0x44, 0x72, 0x61, 0x67, 0x6f, 0x6e, 0x66, 0x6c, 0x79, 0x00, 0x48, 0x6f,
  0x77, 0x61, 0x72, 0x64, 0x20, 0x4e, 0x69, 0x67, 0x68, 0x74, 0x69, 0x6e, 0x67, 0x61, 0x6c, 0x65,
  0x00, 0x44, 0x65, 0x20, 0x48, 0x41, 0x56, 0x49, 0x4c, 0x4c, 0x41, 0x4e, 0x44, 0x20, 0x44, 0x48,
  0x43, 0x2d, 0x32, 0x20, 0x54, 0x75, 0x72, 0x62, 0x6f, 0x20, 0x42, 0x65, 0x61, 0x76, 0x65, 0x72,
  0x00, 0x44, 0x65, 0x20, 0x48, 0x41, 0x56, 0x49, 0x4c, 0x4c, 0x41, 0x4e, 0x44, 0x20, 0x44, 0x48,
  0x43, 0x2d, 0x33, 0x20, 0x54, 0x75, 0x72, 0x62, 0x6f, 0x20, 0x4f, 0x74, 0x74, 0x65, 0x72, 0x00,
  0x44, 0x65, 0x20, 0x48, 0x41, 0x56, 0x49, 0x4c, 0x4c, 0x41, 0x4e, 0x44, 0x20, 0x44, 0x48, 0x2d,
  0x36, 0x30, 0x20, 0x4d, 0x6f, 0x74, 0x68, 0x00, 0x44, 0x65, 0x20, 0x48, 0x41, 0x56, 0x49, 0x4c,
  0x4c, 0x41, 0x4e, 0x44, 0x20, 0x44, 0x48, 0x2d, 0x38, 0x30, 0x20, 0x50, 0x75, 0x73, 0x73, 0x20,
  0x4d, 0x6f, 0x74, 0x68, 0x00, 0x44, 0x65, 0x20, 0x48, 0x41, 0x56, 0x49, 0x4c, 0x4c, 0x41, 0x4e,
  0x44, 0x20, 0x44, 0x48, 0x2d, 0x38, 0x32, 0x20, 0x54, 0x69, 0x67, 0x65, 0x72, 0x20, 0x4d, 0x6f,
  0x74, 0x68, 0x00, 0x44, 0x65, 0x20, 0x48, 0x41, 0x56, 0x49, 0x4c, 0x4c, 0x41, 0x4e, 0x44, 0x20,
  0x44, 0x48, 0x2d, 0x38, 0x33, 0x20, 0x46, 0x6f, 0x78, 0x20, 0x4d, 0x6f, 0x74, 0x68, 0x00, 0x44,
  0x65, 0x20, 0x48, 0x41, 0x56, 0x49, 0x4c, 0x4c, 0x41, 0x4e, 0x44, 0x20, 0x44, 0x48, 0x2d, 0x38,
  0x34, 0x20, 0x44, 0x72, 0x61, 0x67, 0x6f, 0x6e, 0x00, 0x44, 0x65, 0x20, 0x48, 0x41, 0x56, 0x49,
  0x4c, 0x4c, 0x41, 0x4e, 0x44, 0x20, 0x44, 0x48, 0x2d, 0x38, 0x35, 0x20, 0x4c, 0x65, 0x6f, 0x70,
  0x61, 0x72, 0x64, 0x20, 0x4d, 0x6f, 0x74, 0x68, 0x00, 0x44, 0x65, 0x20, 0x48, 0x41, 0x56, 0x49,
  0x4c, 0x4c, 0x41, 0x4e, 0x44, 0x20, 0x44, 0x48, 0x2d, 0x38, 0x37, 0x20, 0x48, 0x6f, 0x72, 0x6e,
  0x65, 0x74, 0x20, 0x4d, 0x6f, 0x74, 0x68, 0x00, 0x44, 0x65, 0x20, 0x48, 0x41, 0x56, 0x49, 0x4c,
  0x4c, 0x41, 0x4e, 0x44, 0x20, 0x44, 0x48, 0x2d, 0x38, 0x38, 0x20, 0x43, 0x6f, 0x6d, 0x65, 0x74,
  0x20, 0x52, 0x65, 0x70, 0x6c, 0x69, 0x63, 0x61, 0x00, 0x44, 0x65, 0x20, 0x48, 0x41, 0x56, 0x49,
  0x4c, 0x4c, 0x41, 0x4e, 0x44, 0x20, 0x44, 0x72, 0x61, 0x67, 0x6f, 0x6e, 0x20, 0x52, 0x61, 0x70,
  0x69, 0x64, 0x65, 0x00, 0x44, 0x65, 0x20, 0x48, 0x41, 0x56, 0x49, 0x4c, 0x4c, 0x41, 0x4e, 0x44,
  0x20, 0x44, 0x48, 0x43, 0x2d, 0x38, 0x2d, 0x31, 0x30, 0x30, 0x20, 0x44, 0x61, 0x73, 0x68, 0x20,
  0x38, 0x00, 0x44, 0x65, 0x20, 0x48, 0x41, 0x56, 0x49, 0x4c, 0x4c, 0x41, 0x4e, 0x44, 0x20, 0x44,
  0x48, 0x43, 0x2d, 0x38, 0x2d, 0x32, 0x30, 0x30, 0x20, 0x44, 0x61, 0x73, 0x68, 0x20, 0x38, 0x00,
  0x44, 0x65, 0x20, 0x48, 0x41, 0x56, 0x49, 0x4c, 0x4c, 0x41, 0x4e, 0x44, 0x20, 0x44, 0x48, 0x43,
  0x2d, 0x38, 0x2d, 0x33, 0x30, 0x30, 0x20, 0x44, 0x61, 0x73, 0x68, 0x20, 0x38, 0x00, 0x44, 0x65,
  0x20, 0x48, 0x41, 0x56, 0x49, 0x4c, 0x4c, 0x41, 0x4e, 0x44, 0x20, 0x44, 0x48, 0x43, 0x2d, 0x38,
  0x2d, 0x34, 0x30, 0x30, 0x20, 0x44, 0x61, 0x73, 0x68, 0x20, 0x38, 0x00, 0x44, 0x65, 0x20, 0x48,
  0x41, 0x56, 0x49, 0x4c, 0x4c, 0x41, 0x4e, 0x44, 0x20, 0x44, 0x48, 0x2d, 0x39, 0x30, 0x20, 0x44,
  0x72, 0x61, 0x67, 0x6f, 0x6e, 0x66, 0x6c, 0x79, 0x00, 0x44, 0x65, 0x20, 0x48, 0x41, 0x56, 0x49,
  0x4c, 0x4c, 0x41, 0x4e, 0x44, 0x20, 0x44, 0x48, 0x2d, 0x39, 0x34, 0x20, 0x4d, 0x6f, 0x74, 0x68,
  0x20, 0x4d, 0x69, 0x6e, 0x6f, 0x72, 0x00, 0x44, 0x65, 0x20, 0x48, 0x41, 0x56, 0x49, 0x4c, 0x4c,
  0x41, 0x4e, 0x44, 0x20, 0x44, 0x48, 0x41, 0x2d, 0x33, 0x20, 0x44, 0x72, 0x6f, 0x76, 0x65, 0x72,
  0x00, 0x44, 0x65, 0x20, 0x48, 0x41, 0x56, 0x49, 0x4c, 0x4c, 0x41, 0x4e, 0x44, 0x20, 0x44, 0x48,
  0x43, 0x2d, 0x31, 0x20, 0x43, 0x68, 0x69, 0x70, 0x6d, 0x75, 0x6e, 0x6b, 0x00, 0x44, 0x65, 0x20,
  0x48, 0x41, 0x56, 0x49, 0x4c, 0x4c, 0x41, 0x4e, 0x44, 0x20, 0x44, 0x48, 0x43, 0x2d, 0x32, 0x20,
  0x42, 0x65, 0x61, 0x76, 0x65, 0x72, 0x00, 0x44, 0x65, 0x20, 0x48, 0x41, 0x56, 0x49, 0x4c, 0x4c,
  0x41, 0x4e, 0x44, 0x20, 0x44, 0x48, 0x43, 0x2d, 0x33, 0x20, 0x4f, 0x74, 0x74, 0x65, 0x72, 0x00,
  0x44, 0x65, 0x20, 0x48, 0x41, 0x56, 0x49, 0x4c, 0x4c, 0x41, 0x4e, 0x44, 0x20, 0x44, 0x48, 0x43,
  0x2d, 0x34, 0x20, 0x43, 0x61, 0x72, 0x69, 0x62, 0x6f, 0x75, 0x00, 0x44, 0x65, 0x20, 0x48, 0x41,
  0x56, 0x49, 0x4c, 0x4c, 0x41, 0x4e, 0x44, 0x20, 0x44, 0x48, 0x43, 0x2d, 0x35, 0x20, 0x42, 0x75,
  0x66, 0x66, 0x61, 0x6c, 0x6f, 0x00, 0x44, 0x65, 0x20, 0x48, 0x41, 0x56, 0x49, 0x4c, 0x4c, 0x41,
  0x4e, 0x44, 0x20, 0x44, 0x48, 0x43, 0x2d, 0x36, 0x20, 0x54, 0x77, 0x69, 0x6e, 0x20, 0x4f, 0x74,
  0x74, 0x65, 0x72, 0x00, 0x44, 0x65, 0x20, 0x48, 0x41, 0x56, 0x49, 0x4c, 0x4c, 0x41, 0x4e, 0x44,
  0x20, 0x44, 0x48, 0x43, 0x2d, 0x37, 0x20, 0x44, 0x61, 0x73, 0x68, 0x20, 0x37, 0x00, 0x44, 0x69,
  0x61, 0x6d, 0x6f, 0x6e, 0x64, 0x20, 0x48, 0x2d, 0x33, 0x36, 0x20, 0x44, 0x69, 0x6d, 0x6f, 0x6e,
  0x61, 0x00, 0x44, 0x6f, 0x72, 0x6e, 0x69, 0x65, 0x72, 0x20, 0x44, 0x6f, 0x2d, 0x32, 0x37, 0x00,
  0x44, 0x6f, 0x72, 0x6e, 0x69, 0x65, 0x72, 0x20, 0x44, 0x6f, 0x2d, 0x32, 0x38, 0x42, 0x00, 0x44,
  0x65, 0x20, 0x48, 0x41, 0x56, 0x49, 0x4c, 0x4c, 0x41, 0x4e, 0x44, 0x20, 0x44, 0x48, 0x2d, 0x31,
  0x30, 0x34, 0x20, 0x44, 0x6f, 0x76, 0x65, 0x00, 0x46, 0x6f, 0x6b, 0x6b, 0x65, 0x72, 0x20, 0x44,
  0x72, 0x2d, 0x31, 0x00, 0x43, 0x65, 0x6e, 0x74, 0x72, 0x65, 0x20, 0x45, 0x53, 0x54, 0x20, 0x41,
  0x6d, 0x62, 0x61, 0x73, 0x73, 0x61, 0x64, 0x65, 0x75, 0x72, 0x00, 0x43, 0x65, 0x6e, 0x74, 0x72,
  0x65, 0x20, 0x45, 0x53, 0x54, 0x20, 0x44, 0x61, 0x75, 0x70, 0x68, 0x69, 0x6e, 0x00, 0x43, 0x65,
  0x6e, 0x74, 0x72, 0x65, 0x20, 0x45, 0x53, 0x54, 0x20, 0x50, 0x72, 0x69, 0x6e, 0x63, 0x65, 0x00,
  0x52, 0x6f, 0x62, 0x69, 0x6e, 0x20, 0x44, 0x52, 0x2d, 0x34, 0x30, 0x30, 0x00, 0x41, 0x75, 0x73,
  0x74, 0x66, 0x6c, 0x69, 0x67, 0x68, 0x74, 0x20, 0x44, 0x72, 0x69, 0x66, 0x74, 0x65, 0x72, 0x00,
  0x50, 0x68, 0x61, 0x6e, 0x74, 0x6f, 0x6d, 0x20, 0x33, 0x20, 0x50, 0x52, 0x4f, 0x46, 0x45, 0x53,
  0x53, 0x49, 0x4f, 0x4e, 0x00, 0x43, 0x75, 0x6c, 0x76, 0x65, 0x72, 0x20, 0x44, 0x61, 0x72, 0x74,
  0x00, 0x53, 0x6d, 0x69, 0x74, 0x68, 0x20, 0x44, 0x53, 0x41, 0x2d, 0x31, 0x20, 0x4d, 0x69, 0x6e,
  0x69, 0x70, 0x6c, 0x61, 0x6e, 0x65, 0x00, 0x44, 0x69, 0x61, 0x6d, 0x6f, 0x6e, 0x64, 0x20, 0x44,
  0x61, 0x72, 0x74, 0x2d, 0x34, 0x35, 0x30, 0x00, 0x56, 0x65, 0x72, 0x68, 0x65, 0x65, 0x73, 0x20,
  0x44, 0x2d, 0x31, 0x20, 0x44, 0x65, 0x6c, 0x74, 0x61, 0x00, 0x42, 0x61, 0x6b, 0x65, 0x6e, 0x67,
  0x20, 0x44, 0x75, 0x63, 0x65, 0x00, 0x44, 0x75, 0x72, 0x61, 0x6e, 0x64, 0x20, 0x4d, 0x6b, 0x35,
  0x00, 0x44, 0x6f, 0x76, 0x61, 0x20, 0x53, 0x6b, 0x79, 0x6c, 0x61, 0x72, 0x6b, 0x00, 0x44, 0x6f,
  0x76, 0x61, 0x20, 0x49, 0x6e, 0x66, 0x69, 0x6e, 0x69, 0x74, 0x79, 0x00, 0x44, 0x69, 0x61, 0x6d,
  0x6f, 0x6e, 0x64, 0x20, 0x44, 0x41, 0x2d, 0x32, 0x30, 0x00, 0x42, 0x65, 0x6c, 0x6c, 0x61, 0x6e,
  0x63, 0x61, 0x20, 0x45, 0x61, 0x67, 0x6c, 0x65, 0x00, 0x44, 0x65, 0x77, 0x6f, 0x69, 0x74, 0x69,
  0x6e, 0x65, 0x20, 0x44, 0x2d, 0x32, 0x36, 0x2f, 0x32, 0x37, 0x00, 0x44, 0x79, 0x6e, 0x61, 0x6c,
  0x69, 0x20, 0x48, 0x2d, 0x33, 0x00, 0x45, 0x6d, 0x62, 0x72, 0x61, 0x65, 0x72, 0x20, 0x45, 0x4d,
  0x42, 0x2d, 0x31, 0x31, 0x30, 0x20, 0x42, 0x61, 0x6e, 0x64, 0x65, 0x69, 0x72, 0x61, 0x6e, 0x74,
  0x65, 0x00, 0x45, 0x6d, 0x62, 0x72, 0x61, 0x65, 0x72, 0x20, 0x45, 0x4d, 0x42, 0x2d, 0x31, 0x32,
  0x30, 0x20, 0x42, 0x72, 0x61, 0x73, 0x69, 0x6c, 0x69, 0x61, 0x00, 0x45, 0x6d, 0x62, 0x72, 0x61,
  0x65, 0x72, 0x20, 0x45, 0x4d, 0x42, 0x2d, 0x31, 0x32, 0x31, 0x20, 0x58, 0x69, 0x6e, 0x67, 0x75,
  0x00, 0x45, 0x6d, 0x62, 0x72, 0x61, 0x65, 0x72, 0x20, 0x45, 0x52, 0x4a, 0x2d, 0x31, 0x33, 0x35,
  0x00, 0x45, 0x6d, 0x62, 0x72, 0x61, 0x65, 0x72, 0x20, 0x45, 0x52, 0x4a, 0x2d, 0x31, 0x34, 0x35,
  0x00, 0x45, 0x6d, 0x62, 0x72, 0x61, 0x65, 0x72, 0x20, 0x45, 0x52, 0x4a, 0x2d, 0x31, 0x37, 0x30,
  0x2d, 0x31, 0x30, 0x30, 0x00, 0x45, 0x6d, 0x62, 0x72, 0x61, 0x65, 0x72, 0x20, 0x45, 0x52, 0x4a,
  0x2d, 0x31, 0x39, 0x30, 0x2d, 0x31, 0x30, 0x30, 0x00, 0x45, 0x6d, 0x62, 0x72, 0x61, 0x65, 0x72,
  0x20, 0x45, 0x52, 0x4a, 0x2d, 0x31, 0x39, 0x30, 0x2d, 0x32, 0x30, 0x30, 0x00, 0x4e, 0x6f, 0x72,
  0x74, 0x68, 0x72, 0x6f, 0x70, 0x20, 0x47, 0x52, 0x55, 0x4d, 0x4d, 0x41, 0x4e, 0x20, 0x45, 0x2d,
  0x32, 0x20, 0x48, 0x61, 0x77, 0x6b, 0x65, 0x79, 0x65, 0x00, 0x45, 0x78, 0x74, 0x72, 0x61, 0x20,
  0x45, 0x41, 0x2d, 0x32, 0x30, 0x30, 0x00, 0x45, 0x78, 0x74, 0x72, 0x61, 0x20, 0x45, 0x41, 0x2d,
  0x32, 0x33, 0x30, 0x00, 0x45, 0x6d, 0x62, 0x72, 0x61, 0x65, 0x72, 0x20, 0x45, 0x52, 0x4a, 0x2d,
  0x31, 0x39, 0x30, 0x2d, 0x35, 0x30, 0x30, 0x00, 0x45, 0x6d, 0x62, 0x72, 0x61, 0x65, 0x72, 0x20,
  0x45, 0x52, 0x4a, 0x2d, 0x31, 0x39, 0x30, 0x2d, 0x33, 0x30, 0x30, 0x00, 0x45, 0x6d, 0x62, 0x72,
  0x61, 0x65, 0x72, 0x20, 0x45, 0x52, 0x4a, 0x2d, 0x31, 0x39, 0x30, 0x2d, 0x34, 0x30, 0x30, 0x00,
  0x45, 0x2d, 0x32, 0x00, 0x45, 0x78, 0x74, 0x72, 0x61, 0x20, 0x45, 0x41, 0x2d, 0x33, 0x30, 0x30,
  0x2f, 0x33, 0x33, 0x30, 0x2f, 0x33, 0x35, 0x30, 0x00, 0x45, 0x6d, 0x62, 0x72, 0x61, 0x65, 0x72,
  0x20, 0x45, 0x4d, 0x42, 0x2d, 0x33, 0x31, 0x34, 0x20, 0x53, 0x75, 0x70, 0x65, 0x72, 0x20, 0x54,
  0x75, 0x63, 0x61, 0x6e, 0x6f, 0x00, 0x43, 0x65, 0x73, 0x73, 0x6e, 0x61, 0x20, 0x45, 0x33, 0x35,
  0x30, 0x00, 0x45, 0x6d, 0x62, 0x72, 0x61, 0x65, 0x72, 0x20, 0x45, 0x4d, 0x42, 0x2d, 0x31, 0x33,
  0x35, 0x20, 0x4c, 0x65, 0x67, 0x61, 0x63, 0x79, 0x00, 0x45, 0x6d, 0x62, 0x72, 0x61, 0x65, 0x72,
  0x20, 0x45, 0x4d, 0x42, 0x2d, 0x33, 0x39, 0x30, 0x00, 0x42, 0x6f, 0x65, 0x69, 0x6e, 0x67, 0x20,
  0x45, 0x2d, 0x33, 0x46, 0x20, 0x53, 0x65, 0x6e, 0x74, 0x72, 0x79, 0x00, 0x42, 0x6f, 0x65, 0x69,
  0x6e, 0x67, 0x20, 0x45, 0x2d, 0x33, 0x42, 0x20, 0x53, 0x65, 0x6e, 0x74, 0x72, 0x79, 0x00, 0x45,
  0x78, 0x74, 0x72, 0x61, 0x20, 0x45, 0x41, 0x2d, 0x34, 0x30, 0x30, 0x00, 0x45, 0x6d, 0x62, 0x72,
  0x61, 0x65, 0x72, 0x20, 0x45, 0x52, 0x4a, 0x2d, 0x31, 0x34, 0x35, 0x58, 0x52, 0x00, 0x45, 0x78,
  0x74, 0x72, 0x61, 0x20, 0x45, 0x41, 0x2d, 0x35, 0x30, 0x30, 0x00, 0x45, 0x6d, 0x62, 0x72, 0x61,
  0x65, 0x72, 0x20, 0x45, 0x4d, 0x42, 0x2d, 0x35, 0x30, 0x30, 0x20, 0x50, 0x68, 0x65, 0x6e, 0x6f,
  0x6d, 0x20, 0x31, 0x30, 0x30, 0x00, 0x43, 0x65, 0x73, 0x73, 0x6e, 0x61, 0x20, 0x45, 0x35, 0x33,
  0x30, 0x20, 0x53, 0x63, 0x6f, 0x72, 0x70, 0x69, 0x6f, 0x6e, 0x00, 0x45, 0x6d, 0x62, 0x72, 0x61,
  0x65, 0x72, 0x20, 0x45, 0x4d, 0x42, 0x35, 0x34, 0x35, 0x20, 0x50, 0x72, 0x61, 0x65, 0x74, 0x6f,
  0x72, 0x20, 0x35, 0x30, 0x30, 0x00, 0x45, 0x6d, 0x62, 0x72, 0x61, 0x65, 0x72, 0x20, 0x45, 0x4d,
  0x42, 0x2d, 0x35, 0x35, 0x30, 0x20, 0x50, 0x72, 0x61, 0x65, 0x74, 0x6f, 0x72, 0x20, 0x36, 0x30,
  0x30, 0x00, 0x45, 0x6d, 0x62, 0x72, 0x61, 0x65, 0x72, 0x20, 0x45, 0x4d, 0x42, 0x2d, 0x35, 0x30,
  0x35, 0x20, 0x50, 0x68, 0x65, 0x6e, 0x6f, 0x6d, 0x20, 0x33, 0x30, 0x30, 0x00, 0x42, 0x6f, 0x65,
  0x69, 0x6e, 0x67, 0x20, 0x45, 0x2d, 0x36, 0x42, 0x20, 0x4d, 0x65, 0x72, 0x63, 0x75, 0x72, 0x79,
  0x00, 0x42, 0x6f, 0x65, 0x69, 0x6e, 0x67, 0x20, 0x45, 0x2d, 0x37, 0x41, 0x20, 0x57, 0x65, 0x64,
  0x67, 0x65, 0x74, 0x61, 0x69, 0x6c, 0x00, 0x45, 0x6d, 0x62, 0x72, 0x61, 0x65, 0x72, 0x20, 0x45,
  0x52, 0x4a, 0x2d, 0x31, 0x37, 0x30, 0x2d, 0x32, 0x30, 0x30, 0x20, 0x28, 0x6c, 0x6f, 0x6e, 0x67,
  0x20, 0x77, 0x69, 0x6e, 0x67, 0x29, 0x00, 0x45, 0x6d, 0x62, 0x72, 0x61, 0x65, 0x72, 0x20, 0x45,
  0x52, 0x4a, 0x2d, 0x31, 0x37, 0x30, 0x2d, 0x32, 0x30, 0x30, 0x20, 0x28, 0x73, 0x68, 0x6f, 0x72,
  0x74, 0x20, 0x77, 0x69, 0x6e, 0x67, 0x29, 0x00, 0x42, 0x6f, 0x65, 0x69, 0x6e, 0x67, 0x20, 0x45,
  0x2d, 0x37, 0x36, 0x37, 0x00, 0x45, 0x63, 0x6c, 0x69, 0x70, 0x73, 0x65, 0x20, 0x35, 0x35, 0x30,
  0x00, 0x43, 0x68, 0x72, 0x69, 0x73, 0x74, 0x65, 0x6e, 0x20, 0x45, 0x61, 0x67, 0x6c, 0x65, 0x00,
  0x45, 0x61, 0x67, 0x6c, 0x65, 0x20, 0x41, 0x49, 0x52, 0x43, 0x52, 0x41, 0x46, 0x54, 0x20, 0x45,
  0x61, 0x67, 0x6c, 0x65, 0x20, 0x58, 0x2d, 0x54, 0x53, 0x00, 0x45, 0x62, 0x32, 0x39, 0x00, 0x41,
  0x69, 0x72, 0x62, 0x75, 0x73, 0x20, 0x48, 0x45, 0x4c, 0x49, 0x43, 0x4f, 0x50, 0x54, 0x45, 0x52,
  0x53, 0x20, 0x45, 0x43, 0x2d, 0x31, 0x32, 0x30, 0x00, 0x41, 0x69, 0x72, 0x62, 0x75, 0x73, 0x20,
  0x48, 0x45, 0x4c, 0x49, 0x43, 0x4f, 0x50, 0x54, 0x45, 0x52, 0x53, 0x20, 0x45, 0x43, 0x2d, 0x32,
  0x32, 0x35, 0x2f, 0x37, 0x32, 0x35, 0x00, 0x41, 0x69, 0x72, 0x62, 0x75, 0x73, 0x20, 0x48, 0x45,
  0x4c, 0x49, 0x43, 0x4f, 0x50, 0x54, 0x45, 0x52, 0x53, 0x20, 0x45, 0x43, 0x2d, 0x31, 0x33, 0x30,
  0x00, 0x41, 0x69, 0x72, 0x62, 0x75, 0x73, 0x20, 0x48, 0x45, 0x4c, 0x49, 0x43, 0x4f, 0x50, 0x54,
  0x45, 0x52, 0x53, 0x20, 0x45, 0x43, 0x2d, 0x31, 0x33, 0x35, 0x2f, 0x36, 0x33, 0x35, 0x00, 0x41,
  0x69, 0x72, 0x62, 0x75, 0x73, 0x20, 0x48, 0x45, 0x4c, 0x49, 0x43, 0x4f, 0x50, 0x54, 0x45, 0x52,
  0x53, 0x20, 0x45, 0x43, 0x2d, 0x31, 0x34, 0x35, 0x00, 0x41, 0x69, 0x72, 0x62, 0x75, 0x73, 0x20,
  0x48, 0x45, 0x4c, 0x49, 0x43, 0x4f, 0x50, 0x54, 0x45, 0x52, 0x53, 0x20, 0x45, 0x43, 0x2d, 0x31,
  0x35, 0x35, 0x00, 0x43, 0x72, 0x6f, 0x73, 0x65, 0x73, 0x20, 0x45, 0x43, 0x2d, 0x36, 0x20, 0x43,
  0x72, 0x69, 0x71, 0x75, 0x65, 0x74, 0x00, 0x41, 0x69, 0x72, 0x62, 0x75, 0x73, 0x20, 0x48, 0x45,
  0x4c, 0x49, 0x43, 0x4f, 0x50, 0x54, 0x45, 0x52, 0x53, 0x20, 0x45, 0x43, 0x2d, 0x31, 0x37, 0x35,
  0x00, 0x54, 0x65, 0x63, 0x6e, 0x61, 0x6d, 0x20, 0x50, 0x2d, 0x39, 0x32, 0x20, 0x45, 0x63, 0x68,
  0x6f, 0x00, 0x5a, 0x69, 0x76, 0x6b, 0x6f, 0x20, 0x45, 0x64, 0x67, 0x65, 0x20, 0x35, 0x34, 0x30,
  0x00, 0x5a, 0x69, 0x76, 0x6b, 0x6f, 0x20, 0x45, 0x64, 0x67, 0x65, 0x20, 0x35, 0x34, 0x30, 0x54,
  0x00, 0x41, 0x65, 0x72, 0x6f, 0x70, 0x72, 0x6f, 0x20, 0x45, 0x75, 0x72, 0x6f, 0x66, 0x6f, 0x78,
  0x00, 0x4d, 0x61, 0x67, 0x6e, 0x75, 0x73, 0x20, 0x65, 0x46, 0x75, 0x73, 0x69, 0x6f, 0x6e, 0x00,
  0x47, 0x72, 0x6f, 0x62, 0x20, 0x47, 0x2d, 0x35, 0x32, 0x30, 0x20, 0x53, 0x74, 0x72, 0x61, 0x74,
  0x6f, 0x20, 0x31, 0x00, 0x41, 0x67, 0x75, 0x73, 0x74, 0x61, 0x20, 0x57, 0x45, 0x53, 0x54, 0x4c,
  0x41, 0x4e, 0x44, 0x20, 0x45, 0x48, 0x2d, 0x31, 0x30, 0x31, 0x20, 0x4d, 0x65, 0x72, 0x6c, 0x69,
  0x6e, 0x00, 0x45, 0x6c, 0x61, 0x20, 0x41, 0x56, 0x49, 0x41, 0x43, 0x49, 0x4f, 0x4e, 0x20, 0x45,
  0x4c, 0x41, 0x2d, 0x31, 0x30, 0x00, 0x45, 0x6c, 0x61, 0x20, 0x41, 0x56, 0x49, 0x41, 0x43, 0x49,
  0x4f, 0x4e, 0x20, 0x45, 0x4c, 0x41, 0x2d, 0x37, 0x00, 0x41, 0x32, 0x20, 0x43, 0x5a, 0x20, 0x45,
  0x6c, 0x6c, 0x69, 0x70, 0x73, 0x65, 0x20, 0x53, 0x70, 0x69, 0x72, 0x69, 0x74, 0x00, 0x50, 0x75,
  0x74, 0x7a, 0x65, 0x72, 0x20, 0x45, 0x6c, 0x73, 0x74, 0x65, 0x72, 0x00, 0x43, 0x6f, 0x6e, 0x74,
  0x69, 0x6e, 0x65, 0x6e, 0x74, 0x61, 0x6c, 0x20, 0x43, 0x4f, 0x50, 0x54, 0x45, 0x52, 0x20, 0x45,
  0x6c, 0x20, 0x54, 0x6f, 0x6d, 0x63, 0x61, 0x74, 0x00, 0x45, 0x6e, 0x73, 0x74, 0x72, 0x6f, 0x6d,
  0x20, 0x46, 0x2d, 0x32, 0x38, 0x00, 0x45, 0x6e, 0x73, 0x74, 0x72, 0x6f, 0x6d, 0x20, 0x54, 0x48,
  0x2d, 0x32, 0x38, 0x00, 0x4c, 0x61, 0x6e, 0x63, 0x61, 0x73, 0x68, 0x69, 0x72, 0x65, 0x20, 0x45,
  0x50, 0x2d, 0x39, 0x20, 0x50, 0x72, 0x6f, 0x73, 0x70, 0x65, 0x63, 0x74, 0x6f, 0x72, 0x00, 0x45,
  0x70, 0x69, 0x63, 0x20, 0x41, 0x49, 0x52, 0x43, 0x52, 0x41, 0x46, 0x54, 0x20, 0x45, 0x70, 0x69,
  0x63, 0x20, 0x4c, 0x54, 0x00, 0x44, 0x69, 0x63, 0x6b, 0x65, 0x79, 0x20, 0x45, 0x2d, 0x52, 0x61,
  0x63, 0x65, 0x72, 0x00, 0x41, 0x69, 0x72, 0x20, 0x50, 0x52, 0x4f, 0x44, 0x55, 0x43, 0x54, 0x53,
  0x20, 0x46, 0x2d, 0x31, 0x20, 0x41, 0x69, 0x72, 0x63, 0x6f, 0x75, 0x70, 0x65, 0x00, 0x41, 0x76,
  0x69, 0x6f, 0x74, 0x65, 0x63, 0x6e, 0x69, 0x63, 0x61, 0x20, 0x45, 0x53, 0x2d, 0x31, 0x30, 0x31,
  0x00, 0x53, 0x70, 0x61, 0x64, 0x20, 0x58, 0x49, 0x49, 0x49, 0x20, 0x52, 0x45, 0x50, 0x4c, 0x49,
  0x43, 0x41, 0x00, 0x52, 0x65, 0x61, 0x6c, 0x69, 0x74, 0x79, 0x20, 0x45, 0x73, 0x63, 0x61, 0x70,
  0x61, 0x64, 0x65, 0x00, 0x45, 0x75, 0x72, 0x6f, 0x66, 0x69, 0x67, 0x68, 0x74, 0x65, 0x72, 0x20,
  0x32, 0x30, 0x30, 0x30, 0x00, 0x45, 0x75, 0x72, 0x6f, 0x70, 0x61, 0x00, 0x45, 0x76, 0x65, 0x6b,
  0x74, 0x6f, 0x72, 0x20, 0x45, 0x56, 0x2d, 0x35, 0x35, 0x20, 0x4f, 0x75, 0x74, 0x62, 0x61, 0x63,
  0x6b, 0x00, 0x45, 0x76, 0x65, 0x6b, 0x74, 0x72, 0x6f, 0x20, 0x45, 0x56, 0x2d, 0x39, 0x37, 0x20,
  0x45, 0x75, 0x72, 0x6f, 0x53, 0x74, 0x61, 0x72, 0x00, 0x4c, 0x61, 0x6e, 0x63, 0x61, 0x69, 0x72,
  0x20, 0x45, 0x76, 0x6f, 0x6c, 0x75, 0x74, 0x69, 0x6f, 0x6e, 0x20, 0x50, 0x69, 0x73, 0x74, 0x6f,
  0x6e, 0x00, 0x4c, 0x61, 0x6e, 0x63, 0x61, 0x69, 0x72, 0x20, 0x45, 0x76, 0x6f, 0x6c, 0x75, 0x74,
  0x69, 0x6f, 0x6e, 0x20, 0x54, 0x75, 0x72, 0x62, 0x69, 0x6e, 0x65, 0x00, 0x45, 0x76, 0x65, 0x6b,
  0x74, 0x6f, 0x72, 0x20, 0x53, 0x70, 0x6f, 0x72, 0x74, 0x53, 0x74, 0x61, 0x72, 0x00, 0x45, 0x78,
  0x70, 0x6c, 0x6f, 0x72, 0x65, 0x72, 0x20, 0x33, 0x35, 0x30, 0x52, 0x00, 0x52, 0x6f, 0x74, 0x6f,
  0x72, 0x77, 0x61, 0x79, 0x20, 0x45, 0x78, 0x65, 0x63, 0x00, 0x52, 0x6f, 0x74, 0x6f, 0x72, 0x77,
  0x61, 0x79, 0x20, 0x4a, 0x65, 0x74, 0x45, 0x78, 0x65, 0x63, 0x00, 0x45, 0x78, 0x74, 0x72, 0x61,
  0x20, 0x4e, 0x47, 0x00, 0x4d, 0x63, 0x64, 0x6f, 0x6e, 0x6e, 0x65, 0x6c, 0x6c, 0x2d, 0x64, 0x6f,
  0x75, 0x67, 0x6c, 0x61, 0x73, 0x20, 0x4d, 0x44, 0x2d, 0x39, 0x30, 0x30, 0x20, 0x45, 0x78, 0x70,
  0x6c, 0x6f, 0x72, 0x65, 0x72, 0x00, 0x45, 0x78, 0x70, 0x72, 0x65, 0x73, 0x73, 0x20, 0x32, 0x30,
  0x30, 0x30, 0x00, 0x46, 0x6f, 0x6b, 0x6b, 0x65, 0x72, 0x20, 0x31, 0x30, 0x30, 0x00, 0x4c, 0x6f,
  0x63, 0x6b, 0x68, 0x65, 0x65, 0x64, 0x20, 0x46, 0x2d, 0x31, 0x30, 0x34, 0x20, 0x53, 0x74, 0x61,
  0x72, 0x66, 0x69, 0x67, 0x68, 0x74, 0x65, 0x72, 0x00, 0x4d, 0x63, 0x64, 0x6f, 0x6e, 0x6e, 0x65,
  0x6c, 0x6c, 0x2d, 0x64, 0x6f, 0x75, 0x67, 0x6c, 0x61, 0x73, 0x20, 0x46, 0x2d, 0x31, 0x35, 0x20,
  0x45, 0x61, 0x67, 0x6c, 0x65, 0x00, 0x46, 0x69, 0x65, 0x73, 0x65, 0x6c, 0x65, 0x72, 0x20, 0x46,
  0x69, 0x2d, 0x31, 0x35, 0x36, 0x20, 0x53, 0x74, 0x6f, 0x72, 0x63, 0x68, 0x00, 0x47, 0x65, 0x6e,
  0x65, 0x72, 0x61, 0x6c, 0x20, 0x44, 0x59, 0x4e, 0x41, 0x4d, 0x49, 0x43, 0x53, 0x20, 0x46, 0x2d,
  0x31, 0x36, 0x20, 0x46, 0x69, 0x67, 0x68, 0x74, 0x69, 0x6e, 0x67, 0x20, 0x46, 0x61, 0x6c, 0x63,
  0x6f, 0x6e, 0x00, 0x42, 0x6f, 0x65, 0x69, 0x6e, 0x67, 0x20, 0x46, 0x41, 0x2d, 0x31, 0x38, 0x20,
  0x48, 0x4f, 0x52, 0x4e, 0x45, 0x54, 0x00, 0x42, 0x6f, 0x65, 0x69, 0x6e, 0x67, 0x20, 0x46, 0x41,
  0x2d, 0x31, 0x38, 0x20, 0x53, 0x55, 0x50, 0x45, 0x52, 0x20, 0x48, 0x4f, 0x52, 0x4e, 0x45, 0x54,
  0x00, 0x41, 0x65, 0x72, 0x6d, 0x61, 0x63, 0x63, 0x68, 0x69, 0x20, 0x53, 0x46, 0x2d, 0x32, 0x36,
  0x30, 0x00, 0x46, 0x6f, 0x6b, 0x6b, 0x65, 0x72, 0x20, 0x46, 0x2d, 0x32, 0x37, 0x00, 0x46, 0x6f,
  0x6b, 0x6b, 0x65, 0x72, 0x20, 0x46, 0x2d, 0x32, 0x38, 0x00, 0x44, 0x61, 0x73, 0x73, 0x61, 0x75,
  0x6c, 0x74, 0x20, 0x46, 0x61, 0x6c, 0x63, 0x6f, 0x6e, 0x20, 0x32, 0x30, 0x30, 0x30, 0x00, 0x47,
  0x6f, 0x6c, 0x64, 0x65, 0x6e, 0x20, 0x43, 0x41, 0x52, 0x20, 0x46, 0x2d, 0x33, 0x30, 0x20, 0x42,
  0x72, 0x69, 0x6f, 0x00, 0x4c, 0x6f, 0x63, 0x6b, 0x68, 0x65, 0x65, 0x64, 0x20, 0x4d, 0x41, 0x52,
  0x54, 0x49, 0x4e, 0x20, 0x46, 0x2d, 0x33, 0x35, 0x20, 0x4c, 0x69, 0x67, 0x68, 0x74, 0x6e, 0x69,
  0x6e, 0x67, 0x20, 0x32, 0x00, 0x47, 0x72, 0x75, 0x6d, 0x6d, 0x61, 0x6e, 0x20, 0x46, 0x33, 0x46,
  0x20, 0x52, 0x65, 0x70, 0x6c, 0x69, 0x63, 0x61, 0x00, 0x46, 0x34, 0x64, 0x00, 0x43, 0x65, 0x73,
  0x73, 0x6e, 0x61, 0x20, 0x46, 0x34, 0x30, 0x36, 0x20, 0x43, 0x61, 0x72, 0x61, 0x76, 0x61, 0x6e,
  0x20, 0x32, 0x00, 0x4e, 0x6f, 0x72, 0x74, 0x68, 0x72, 0x6f, 0x70, 0x20, 0x46, 0x2d, 0x35, 0x20,
  0x54, 0x69, 0x67, 0x65, 0x72, 0x20, 0x32, 0x00, 0x46, 0x6f, 0x6b, 0x6b, 0x65, 0x72, 0x20, 0x35,
  0x30, 0x00, 0x46, 0x6f, 0x6b, 0x6b, 0x65, 0x72, 0x20, 0x37, 0x30, 0x00, 0x46, 0x2d, 0x38, 0x00,
  0x4e, 0x6f, 0x72, 0x74, 0x68, 0x20, 0x41, 0x4d, 0x45, 0x52, 0x49, 0x43, 0x41, 0x4e, 0x20, 0x46,
  0x2d, 0x38, 0x36, 0x20, 0x53, 0x61, 0x62, 0x72, 0x65, 0x00, 0x41, 0x65, 0x72, 0x6f, 0x6d, 0x65,
  0x72, 0x65, 0x20, 0x46, 0x2d, 0x38, 0x4c, 0x20, 0x46, 0x61, 0x6c, 0x63, 0x6f, 0x00, 0x44, 0x61,
  0x73, 0x73, 0x61, 0x75, 0x6c, 0x74, 0x20, 0x46, 0x61, 0x6c, 0x63, 0x6f, 0x6e, 0x20, 0x39, 0x30,
  0x30, 0x00, 0x47, 0x72, 0x75, 0x6d, 0x6d, 0x61, 0x6e, 0x20, 0x46, 0x39, 0x46, 0x20, 0x50, 0x61,
  0x6e, 0x74, 0x68, 0x65, 0x72, 0x00, 0x46, 0x6c, 0x61, 0x65, 0x6d, 0x69, 0x6e, 0x67, 0x20, 0x41,
  0x49, 0x52, 0x20, 0x46, 0x41, 0x2d, 0x30, 0x31, 0x00, 0x46, 0x6c, 0x61, 0x65, 0x6d, 0x69, 0x6e,
  0x67, 0x20, 0x41, 0x49, 0x52, 0x20, 0x46, 0x41, 0x2d, 0x30, 0x32, 0x00, 0x46, 0x6c, 0x61, 0x65,
  0x6d, 0x69, 0x6e, 0x67, 0x20, 0x41, 0x49, 0x52, 0x20, 0x46, 0x41, 0x2d, 0x30, 0x34, 0x00, 0x44,
  0x61, 0x73, 0x73, 0x61, 0x75, 0x6c, 0x74, 0x20, 0x46, 0x61, 0x6c, 0x63, 0x6f, 0x6e, 0x20, 0x31,
  0x30, 0x30, 0x00, 0x44, 0x61, 0x73, 0x73, 0x61, 0x75, 0x6c, 0x74, 0x20, 0x46, 0x61, 0x6c, 0x63,
  0x6f, 0x6e, 0x20, 0x32, 0x30, 0x30, 0x00, 0x46, 0x61, 0x69, 0x72, 0x63, 0x68, 0x69, 0x6c, 0x64,
  0x20, 0x46, 0x2d, 0x32, 0x34, 0x20, 0x41, 0x72, 0x67, 0x75, 0x73, 0x00, 0x44, 0x61, 0x73, 0x73,
  0x61, 0x75, 0x6c, 0x74, 0x20, 0x46, 0x61, 0x6c, 0x63, 0x6f, 0x6e, 0x20, 0x35, 0x30, 0x00, 0x46,
  0x61, 0x69, 0x72, 0x63, 0x68, 0x69, 0x6c, 0x64, 0x20, 0x4d, 0x2d, 0x32, 0x36, 0x20, 0x43, 0x6f,
  0x72, 0x6e, 0x65, 0x6c, 0x6c, 0x00, 0x44, 0x61, 0x73, 0x73, 0x61, 0x75, 0x6c, 0x74, 0x20, 0x46,
  0x61, 0x6c, 0x63, 0x6f, 0x6e, 0x20, 0x36, 0x58, 0x00, 0x44, 0x61, 0x73, 0x73, 0x61, 0x75, 0x6c,
  0x74, 0x20, 0x46, 0x61, 0x6c, 0x63, 0x6f, 0x6e, 0x20, 0x37, 0x58, 0x00, 0x44, 0x61, 0x73, 0x73,
  0x61, 0x75, 0x6c, 0x74, 0x20, 0x46, 0x61, 0x6c, 0x63, 0x6f, 0x6e, 0x20, 0x38, 0x58, 0x00, 0x41,
  0x74, 0x65, 0x63, 0x20, 0x33, 0x32, 0x31, 0x20, 0x46, 0x61, 0x65, 0x74, 0x61, 0x00, 0x41, 0x6d,
  0x65, 0x72, 0x69, 0x63, 0x61, 0x6e, 0x20, 0x41, 0x49, 0x52, 0x43, 0x52, 0x41, 0x46, 0x54, 0x20,
  0x46, 0x61, 0x6c, 0x63, 0x6f, 0x6e, 0x20, 0x58, 0x50, 0x00, 0x4d, 0x69, 0x6c, 0x65, 0x73, 0x20,
  0x4d, 0x2d, 0x33, 0x20, 0x46, 0x61, 0x6c, 0x63, 0x6f, 0x6e, 0x20, 0x4d, 0x61, 0x6a, 0x6f, 0x72,
  0x00, 0x52, 0x68, 0x65, 0x69, 0x6e, 0x20, 0x46, 0x61, 0x6e, 0x6c, 0x69, 0x6e, 0x65, 0x72, 0x00,
  0x52, 0x68, 0x65, 0x69, 0x6e, 0x20, 0x46, 0x61, 0x6e, 0x74, 0x72, 0x61, 0x69, 0x6e, 0x65, 0x72,
  0x00, 0x42, 0x6f, 0x77, 0x65, 0x72, 0x73, 0x20, 0x46, 0x6c, 0x79, 0x20, 0x42, 0x61, 0x62, 0x79,
  0x20, 0x31, 0x41, 0x00, 0x42, 0x6f, 0x77, 0x65, 0x72, 0x73, 0x20, 0x46, 0x6c, 0x79, 0x20, 0x42,
  0x61, 0x62, 0x79, 0x20, 0x31, 0x42, 0x00, 0x45, 0x75, 0x72, 0x6f, 0x2d, 0x66, 0x6c, 0x79, 0x20,
  0x46, 0x42, 0x2d, 0x35, 0x20, 0x53, 0x74, 0x61, 0x72, 0x20, 0x4c, 0x69, 0x67, 0x68, 0x74, 0x00,
  0x46, 0x6f, 0x75, 0x6e, 0x64, 0x20, 0x46, 0x42, 0x2d, 0x32, 0x20, 0x42, 0x75, 0x73, 0x68, 0x20,
  0x48, 0x61, 0x77, 0x6b, 0x00, 0x46, 0x6c, 0x69, 0x67, 0x68, 0x74, 0x20, 0x44, 0x45, 0x53, 0x49,
  0x47, 0x4e, 0x20, 0x43, 0x54, 0x00, 0x46, 0x6c, 0x69, 0x67, 0x68, 0x74, 0x20, 0x44, 0x45, 0x53,
  0x49, 0x47, 0x4e, 0x20, 0x46, 0x2d, 0x32, 0x00, 0x46, 0x6c, 0x69, 0x67, 0x68, 0x74, 0x20, 0x44,
  0x45, 0x53, 0x49, 0x47, 0x4e, 0x20, 0x4d, 0x43, 0x00, 0x46, 0x69, 0x67, 0x68, 0x74, 0x65, 0x72,
  0x20, 0x45, 0x53, 0x43, 0x4f, 0x52, 0x54, 0x20, 0x57, 0x49, 0x4e, 0x47, 0x53, 0x20, 0x50, 0x2d,
  0x35, 0x31, 0x00, 0x41, 0x65, 0x72, 0x6f, 0x73, 0x74, 0x61, 0x72, 0x74, 0x20, 0x52, 0x34, 0x30,
  0x53, 0x20, 0x46, 0x65, 0x73, 0x74, 0x69, 0x76, 0x61, 0x6c, 0x00, 0x52, 0x71, 0x2d, 0x37, 0x62,
  0x00, 0x46, 0x61, 0x69, 0x72, 0x63, 0x68, 0x69, 0x6c, 0x64, 0x20, 0x46, 0x48, 0x2d, 0x31, 0x31,
  0x30, 0x30, 0x00, 0x46, 0x6c, 0x65, 0x65, 0x74, 0x20, 0x46, 0x69, 0x6e, 0x63, 0x68, 0x00, 0x42,
  0x26, 0x66, 0x20, 0x54, 0x45, 0x43, 0x48, 0x4e, 0x49, 0x4b, 0x20, 0x46, 0x4b, 0x2d, 0x31, 0x32,
  0x20, 0x43, 0x6f, 0x6d, 0x65, 0x74, 0x00, 0x42, 0x26, 0x66, 0x20, 0x54, 0x45, 0x43, 0x48, 0x4e,
  0x49, 0x4b, 0x20, 0x46, 0x4b, 0x2d, 0x31, 0x34, 0x20, 0x50, 0x6f, 0x6c, 0x61, 0x72, 0x69, 0x73,
  0x00, 0x42, 0x26, 0x66, 0x20, 0x54, 0x45, 0x43, 0x48, 0x4e, 0x49, 0x4b, 0x20, 0x46, 0x4b, 0x2d,
  0x39, 0x00, 0x46, 0x6c, 0x65, 0x65, 0x74, 0x20, 0x32, 0x00, 0x46, 0x6c, 0x65, 0x65, 0x74, 0x20,
  0x37, 0x00, 0x46, 0x6c, 0x69, 0x74, 0x7a, 0x65, 0x72, 0x20, 0x5a, 0x2d, 0x31, 0x00, 0x45, 0x75,
  0x72, 0x6f, 0x2d, 0x66, 0x6c, 0x79, 0x20, 0x46, 0x6c, 0x61, 0x73, 0x68, 0x00, 0x46, 0x6c, 0x79,
  0x65, 0x72, 0x20, 0x4e, 0x47, 0x2f, 0x53, 0x53, 0x00, 0x46, 0x6c, 0x79, 0x69, 0x6e, 0x67, 0x20,
  0x4d, 0x41, 0x43, 0x48, 0x49, 0x4e, 0x45, 0x53, 0x20, 0x46, 0x4d, 0x2d, 0x32, 0x35, 0x30, 0x20,
  0x56, 0x61, 0x6d, 0x70, 0x69, 0x72, 0x65, 0x00, 0x53, 0x69, 0x61, 0x69, 0x2d, 0x6d, 0x61, 0x72,
  0x63, 0x68, 0x65, 0x74, 0x74, 0x69, 0x20, 0x46, 0x4e, 0x2d, 0x33, 0x33, 0x33, 0x20, 0x52, 0x69,
  0x76, 0x69, 0x65, 0x72, 0x61, 0x00, 0x46, 0x75, 0x6e, 0x6b, 0x20, 0x42, 0x00, 0x43, 0x6d, 0x20,
  0x31, 0x37, 0x30, 0x20, 0x4d, 0x41, 0x47, 0x49, 0x53, 0x54, 0x45, 0x52, 0x00, 0x4b, 0x69, 0x74,
  0x66, 0x6f, 0x78, 0x00, 0x54, 0x65, 0x61, 0x6d, 0x20, 0x54, 0x41, 0x4e, 0x47, 0x4f, 0x20, 0x46,
  0x6f, 0x78, 0x74, 0x72, 0x6f, 0x74, 0x2d, 0x34, 0x00, 0x52, 0x30, 0x33, 0x00, 0x41, 0x65, 0x72,
  0x6f, 0x73, 0x70, 0x61, 0x74, 0x69, 0x61, 0x6c, 0x65, 0x20, 0x53, 0x75, 0x70, 0x65, 0x72, 0x20,
  0x46, 0x72, 0x65, 0x6c, 0x6f, 0x6e, 0x00, 0x46, 0x6c, 0x65, 0x74, 0x63, 0x68, 0x65, 0x72, 0x20,
  0x46, 0x55, 0x2d, 0x32, 0x34, 0x00, 0x48, 0x61, 0x77, 0x6b, 0x65, 0x72, 0x20, 0x46, 0x75, 0x72,
  0x79, 0x00, 0x4d, 0x61, 0x67, 0x6e, 0x75, 0x73, 0x20, 0x46, 0x75, 0x73, 0x69, 0x6f, 0x6e, 0x00,
  0x46, 0x6f, 0x63, 0x6b, 0x65, 0x2d, 0x77, 0x75, 0x6c, 0x66, 0x20, 0x46, 0x77, 0x2d, 0x34, 0x34,
  0x20, 0x53, 0x74, 0x69, 0x65, 0x67, 0x6c, 0x69, 0x74, 0x7a, 0x00, 0x46, 0x6f, 0x63, 0x6b, 0x65,
  0x2d, 0x77, 0x75, 0x6c, 0x66, 0x20, 0x46, 0x77, 0x2d, 0x31, 0x39, 0x30, 0x20, 0x52, 0x65, 0x70,
  0x6c, 0x69, 0x63, 0x61, 0x00, 0x46, 0x78, 0x31, 0x00, 0x47, 0x31, 0x20, 0x41, 0x56, 0x49, 0x41,
  0x54, 0x49, 0x4f, 0x4e, 0x20, 0x47, 0x2d, 0x31, 0x00, 0x47, 0x72, 0x6f, 0x62, 0x20, 0x47, 0x2d,
  0x31, 0x30, 0x39, 0x00, 0x47, 0x72, 0x6f, 0x62, 0x20, 0x47, 0x2d, 0x31, 0x31, 0x35, 0x00, 0x47,
  0x72, 0x6f, 0x62, 0x20, 0x47, 0x2d, 0x31, 0x32, 0x30, 0x00, 0x47, 0x72, 0x6f, 0x62, 0x20, 0x47,
  0x2d, 0x31, 0x32, 0x30, 0x54, 0x50, 0x00, 0x47, 0x75, 0x6c, 0x66, 0x73, 0x74, 0x72, 0x65, 0x61,
  0x6d, 0x20, 0x47, 0x31, 0x35, 0x30, 0x00, 0x47, 0x72, 0x75, 0x6d, 0x6d, 0x61, 0x6e, 0x20, 0x47,
  0x75, 0x6c, 0x66, 0x73, 0x74, 0x72, 0x65, 0x61, 0x6d, 0x20, 0x31, 0x00, 0x47, 0x72, 0x75, 0x6d,
  0x6d, 0x61, 0x6e, 0x20, 0x47, 0x2d, 0x31, 0x36, 0x34, 0x20, 0x41, 0x67, 0x2d, 0x43, 0x61, 0x74,
  0x00, 0x41, 0x6b, 0x72, 0x6f, 0x74, 0x65, 0x63, 0x68, 0x20, 0x47, 0x2d, 0x32, 0x30, 0x30, 0x00,
  0x41, 0x6b, 0x72, 0x6f, 0x74, 0x65, 0x63, 0x68, 0x20, 0x47, 0x2d, 0x32, 0x30, 0x32, 0x00, 0x47,
  0x72, 0x75, 0x6d, 0x6d, 0x61, 0x6e, 0x20, 0x47, 0x2d, 0x32, 0x31, 0x41, 0x20, 0x47, 0x6f, 0x6f,
  0x73, 0x65, 0x00, 0x47, 0x32, 0x31, 0x67, 0x00, 0x41, 0x6c, 0x65, 0x6e, 0x69, 0x61, 0x20, 0x43,
  0x2d, 0x32, 0x37, 0x41, 0x20, 0x53, 0x70, 0x61, 0x72, 0x74, 0x61, 0x6e, 0x00, 0x47, 0x75, 0x6c,
  0x66, 0x73, 0x74, 0x72, 0x65, 0x61, 0x6d, 0x20, 0x47, 0x32, 0x38, 0x30, 0x00, 0x47, 0x75, 0x69,
  0x6d, 0x62, 0x61, 0x6c, 0x20, 0x47, 0x2d, 0x32, 0x20, 0x43, 0x61, 0x62, 0x72, 0x69, 0x00, 0x53,
  0x6f, 0x6b, 0x6f, 0x20, 0x47, 0x2d, 0x32, 0x20, 0x47, 0x61, 0x6c, 0x65, 0x62, 0x00, 0x47, 0x72,
  0x65, 0x61, 0x74, 0x20, 0x4c, 0x41, 0x4b, 0x45, 0x53, 0x20, 0x32, 0x54, 0x2d, 0x31, 0x00, 0x52,
  0x65, 0x6d, 0x6f, 0x73, 0x20, 0x4d, 0x69, 0x72, 0x61, 0x67, 0x65, 0x00, 0x47, 0x72, 0x75, 0x6d,
  0x6d, 0x61, 0x6e, 0x20, 0x47, 0x2d, 0x34, 0x34, 0x20, 0x57, 0x69, 0x64, 0x67, 0x65, 0x6f, 0x6e,
  0x00, 0x46, 0x69, 0x61, 0x74, 0x20, 0x47, 0x2d, 0x34, 0x36, 0x00, 0x47, 0x72, 0x75, 0x6d, 0x6d,
  0x61, 0x6e, 0x20, 0x47, 0x2d, 0x31, 0x36, 0x34, 0x20, 0x54, 0x75, 0x72, 0x62, 0x6f, 0x20, 0x41,
  0x67, 0x2d, 0x43, 0x61, 0x74, 0x00, 0x47, 0x72, 0x6f, 0x70, 0x70, 0x6f, 0x20, 0x47, 0x2d, 0x37,
  0x30, 0x00, 0x47, 0x72, 0x75, 0x6d, 0x6d, 0x61, 0x6e, 0x20, 0x47, 0x2d, 0x37, 0x33, 0x20, 0x4d,
  0x61, 0x6c, 0x6c, 0x61, 0x72, 0x64, 0x00, 0x47, 0x72, 0x75, 0x6d, 0x6d, 0x61, 0x6e, 0x20, 0x47,
  0x2d, 0x37, 0x33, 0x54, 0x20, 0x54, 0x75, 0x72, 0x62, 0x6f, 0x20, 0x4d, 0x61, 0x6c, 0x6c, 0x61,
  0x72, 0x64, 0x00, 0x41, 0x65, 0x72, 0x6f, 0x64, 0x69, 0x73, 0x20, 0x4f, 0x72, 0x69, 0x6f, 0x6e,
  0x00, 0x46, 0x69, 0x61, 0x74, 0x20, 0x47, 0x2d, 0x39, 0x31, 0x52, 0x00, 0x43, 0x2d, 0x31, 0x61,
  0x00, 0x47, 0x69, 0x70, 0x70, 0x73, 0x61, 0x65, 0x72, 0x6f, 0x20, 0x47, 0x41, 0x2d, 0x31, 0x30,
  0x00, 0x47, 0x69, 0x70, 0x70, 0x73, 0x6c, 0x61, 0x6e, 0x64, 0x20, 0x47, 0x41, 0x2d, 0x32, 0x30,
  0x30, 0x20, 0x46, 0x61, 0x74, 0x6d, 0x61, 0x6e, 0x00, 0x47, 0x75, 0x6c, 0x66, 0x73, 0x74, 0x72,
  0x65, 0x61, 0x6d, 0x20, 0x47, 0x2d, 0x37, 0x20, 0x47, 0x34, 0x30, 0x30, 0x00, 0x47, 0x75, 0x6c,
  0x66, 0x73, 0x74, 0x72, 0x65, 0x61, 0x6d, 0x20, 0x47, 0x35, 0x30, 0x30, 0x00, 0x47, 0x75, 0x6c,
  0x66, 0x73, 0x74, 0x72, 0x65, 0x61, 0x6d, 0x20, 0x47, 0x36, 0x30, 0x30, 0x00, 0x44, 0x61, 0x68,
  0x65, 0x72, 0x2d, 0x73, 0x6f, 0x63, 0x61, 0x74, 0x61, 0x20, 0x54, 0x42, 0x2d, 0x33, 0x36, 0x30,
  0x20, 0x54, 0x61, 0x6e, 0x67, 0x61, 0x72, 0x61, 0x00, 0x47, 0x75, 0x6c, 0x66, 0x73, 0x74, 0x72,
  0x65, 0x61, 0x6d, 0x20, 0x47, 0x37, 0x30, 0x30, 0x00, 0x47, 0x69, 0x70, 0x70, 0x73, 0x61, 0x65,
  0x72, 0x6f, 0x20, 0x47, 0x41, 0x2d, 0x38, 0x20, 0x41, 0x69, 0x72, 0x76, 0x61, 0x6e, 0x00, 0x47,
  0x75, 0x6c, 0x66, 0x73, 0x74, 0x72, 0x65, 0x61, 0x6d, 0x20, 0x47, 0x2d, 0x38, 0x20, 0x47, 0x38,
  0x30, 0x30, 0x00, 0x42, 0x6c, 0x61, 0x63, 0x6b, 0x73, 0x68, 0x61, 0x70, 0x65, 0x20, 0x47, 0x61,
  0x62, 0x72, 0x69, 0x65, 0x6c, 0x00, 0x47, 0x75, 0x6c, 0x66, 0x73, 0x74, 0x72, 0x65, 0x61, 0x6d,
  0x20, 0x47, 0x32, 0x30, 0x30, 0x00, 0x46, 0x61, 0x69, 0x72, 0x65, 0x79, 0x20, 0x47, 0x61, 0x6e,
  0x6e, 0x65, 0x74, 0x00, 0x41, 0x65, 0x72, 0x6f, 0x73, 0x70, 0x61, 0x74, 0x69, 0x61, 0x6c, 0x65,
  0x20, 0x53, 0x41, 0x2d, 0x33, 0x34, 0x31, 0x20, 0x47, 0x61, 0x7a, 0x65, 0x6c, 0x6c, 0x65, 0x00,
  0x47, 0x61, 0x6d, 0x65, 0x20, 0x43, 0x4f, 0x4d, 0x50, 0x4f, 0x53, 0x49, 0x54, 0x45, 0x53, 0x20,
  0x47, 0x61, 0x6d, 0x65, 0x42, 0x69, 0x72, 0x64, 0x00, 0x47, 0x6c, 0x6f, 0x62, 0x65, 0x20, 0x53,
  0x77, 0x69, 0x66, 0x74, 0x00, 0x45, 0x6c, 0x6c, 0x69, 0x73, 0x6f, 0x6e, 0x2d, 0x6d, 0x61, 0x68,
  0x6f, 0x6e, 0x20, 0x47, 0x77, 0x65, 0x64, 0x75, 0x63, 0x6b, 0x00, 0x4d, 0x69, 0x6c, 0x65, 0x73,
  0x20, 0x4d, 0x2d, 0x36, 0x35, 0x20, 0x47, 0x65, 0x6d, 0x69, 0x6e, 0x69, 0x00, 0x42, 0x6f, 0x6d,
  0x62, 0x61, 0x72, 0x64, 0x69, 0x65, 0x72, 0x20, 0x42, 0x44, 0x2d, 0x37, 0x30, 0x30, 0x20, 0x47,
  0x6c, 0x6f, 0x62, 0x61, 0x6c, 0x20, 0x35, 0x30, 0x30, 0x30, 0x2f, 0x35, 0x35, 0x30, 0x30, 0x00,
  0x42, 0x6f, 0x6d, 0x62, 0x61, 0x72, 0x64, 0x69, 0x65, 0x72, 0x20, 0x42, 0x44, 0x2d, 0x37, 0x30,
  0x30, 0x20, 0x47, 0x6c, 0x6f, 0x62, 0x61, 0x6c, 0x20, 0x37, 0x30, 0x30, 0x30, 0x2f, 0x37, 0x35,
  0x30, 0x30, 0x00, 0x47, 0x6c, 0x6f, 0x73, 0x74, 0x65, 0x72, 0x20, 0x47, 0x6c, 0x61, 0x64, 0x69,
  0x61, 0x74, 0x6f, 0x72, 0x00, 0x47, 0x6c, 0x61, 0x73, 0x61, 0x69, 0x72, 0x00, 0x42, 0x6f, 0x6d,
  0x62, 0x61, 0x72, 0x64, 0x69, 0x65, 0x72, 0x20, 0x42, 0x44, 0x2d, 0x37, 0x30, 0x30, 0x20, 0x47,
  0x6c, 0x6f, 0x62, 0x61, 0x6c, 0x20, 0x36, 0x30, 0x30, 0x30, 0x2f, 0x36, 0x35, 0x30, 0x30, 0x00,
  0x47, 0x75, 0x6c, 0x66, 0x73, 0x74, 0x72, 0x65, 0x61, 0x6d, 0x20, 0x32, 0x00, 0x47, 0x75, 0x6c,
  0x66, 0x73, 0x74, 0x72, 0x65, 0x61, 0x6d, 0x20, 0x33, 0x00, 0x47, 0x75, 0x6c, 0x66, 0x73, 0x74,
  0x72, 0x65, 0x61, 0x6d, 0x20, 0x34, 0x00, 0x47, 0x75, 0x6c, 0x66, 0x73, 0x74, 0x72, 0x65, 0x61,
  0x6d, 0x20, 0x35, 0x00, 0x47, 0x75, 0x6c, 0x66, 0x73, 0x74, 0x72, 0x65, 0x61, 0x6d, 0x20, 0x47,
  0x36, 0x35, 0x30, 0x00, 0x53, 0x67, 0x73, 0x20, 0x32, 0x2d, 0x33, 0x33, 0x41, 0x00, 0x4d, 0x6f,
  0x74, 0x6f, 0x72, 0x67, 0x6c, 0x69, 0x64, 0x65, 0x72, 0x00, 0x4e, 0x65, 0x77, 0x20, 0x47, 0x4c,
  0x41, 0x53, 0x54, 0x41, 0x52, 0x20, 0x53, 0x70, 0x6f, 0x72, 0x74, 0x73, 0x6d, 0x61, 0x6e, 0x20,
  0x32, 0x2b, 0x32, 0x00, 0x47, 0x6c, 0x61, 0x73, 0x61, 0x69, 0x72, 0x20, 0x53, 0x48, 0x2d, 0x34,
  0x20, 0x47, 0x6c, 0x61, 0x53, 0x74, 0x61, 0x72, 0x00, 0x48, 0x61, 0x77, 0x6b, 0x65, 0x72, 0x20,
  0x53, 0x49, 0x44, 0x44, 0x45, 0x4c, 0x45, 0x59, 0x20, 0x47, 0x6e, 0x61, 0x74, 0x00, 0x54, 0x65,
  0x63, 0x6e, 0x61, 0x6d, 0x20, 0x50, 0x2d, 0x39, 0x36, 0x20, 0x47, 0x6f, 0x6c, 0x66, 0x00, 0x51,
  0x75, 0x69, 0x6b, 0x6b, 0x69, 0x74, 0x20, 0x47, 0x6c, 0x61, 0x73, 0x73, 0x20, 0x47, 0x6f, 0x6f,
  0x73, 0x65, 0x00, 0x4a, 0x69, 0x68, 0x6c, 0x61, 0x76, 0x61, 0x6e, 0x20, 0x53, 0x6b, 0x79, 0x6c,
  0x65, 0x61, 0x64, 0x65, 0x72, 0x20, 0x47, 0x50, 0x20, 0x4f, 0x6e, 0x65, 0x00, 0x4f, 0x73, 0x70,
  0x72, 0x65, 0x79, 0x20, 0x47, 0x50, 0x2d, 0x33, 0x20, 0x4f, 0x73, 0x70, 0x72, 0x65, 0x79, 0x20,
  0x32, 0x00, 0x4f, 0x73, 0x70, 0x72, 0x65, 0x79, 0x20, 0x47, 0x50, 0x2d, 0x34, 0x00, 0x47, 0x65,
  0x6e, 0x65, 0x76, 0x61, 0x74, 0x69, 0x6f, 0x6e, 0x20, 0x47, 0x65, 0x6e, 0x50, 0x72, 0x6f, 0x00,
  0x49, 0x6e, 0x6e, 0x6f, 0x61, 0x76, 0x69, 0x61, 0x74, 0x69, 0x6f, 0x6e, 0x20, 0x47, 0x65, 0x6e,
  0x65, 0x73, 0x69, 0x73, 0x00, 0x47, 0x72, 0x6f, 0x62, 0x20, 0x47, 0x2d, 0x31, 0x38, 0x30, 0x20,
  0x53, 0x50, 0x6e, 0x20, 0x55, 0x74, 0x69, 0x6c, 0x69, 0x74, 0x79, 0x20, 0x4a, 0x65, 0x74, 0x00,
  0x41, 0x65, 0x72, 0x6f, 0x20, 0x53, 0x45, 0x52, 0x56, 0x49, 0x43, 0x45, 0x20, 0x53, 0x75, 0x70,
  0x65, 0x72, 0x20, 0x47, 0x75, 0x65, 0x70, 0x61, 0x72, 0x64, 0x00, 0x52, 0x65, 0x6d, 0x6f, 0x73,
  0x20, 0x47, 0x58, 0x00, 0x43, 0x61, 0x62, 0x20, 0x47, 0x59, 0x2d, 0x32, 0x30, 0x20, 0x4d, 0x69,
  0x6e, 0x69, 0x63, 0x61, 0x62, 0x00, 0x44, 0x61, 0x68, 0x65, 0x72, 0x2d, 0x73, 0x6f, 0x63, 0x61,
  0x74, 0x61, 0x20, 0x47, 0x59, 0x2d, 0x38, 0x30, 0x20, 0x48, 0x6f, 0x72, 0x69, 0x7a, 0x6f, 0x6e,
  0x00, 0x41, 0x72, 0x2d, 0x31, 0x00, 0x48, 0x69, 0x6c, 0x6c, 0x65, 0x72, 0x20, 0x55, 0x48, 0x2d,
  0x31, 0x32, 0x00, 0x41, 0x69, 0x72, 0x62, 0x75, 0x73, 0x20, 0x48, 0x45, 0x4c, 0x49, 0x43, 0x4f,
  0x50, 0x54, 0x45, 0x52, 0x53, 0x20, 0x48, 0x2d, 0x31, 0x36, 0x30, 0x00, 0x4b, 0x61, 0x6d, 0x61,
  0x6e, 0x20, 0x53, 0x65, 0x61, 0x73, 0x70, 0x72, 0x69, 0x74, 0x65, 0x00, 0x48, 0x62, 0x2d, 0x61,
  0x69, 0x72, 0x63, 0x72, 0x61, 0x66, 0x74, 0x20, 0x32, 0x30, 0x32, 0x20, 0x46, 0x6c, 0x65, 0x64,
  0x67, 0x65, 0x72, 0x00, 0x48, 0x62, 0x2d, 0x66, 0x6c, 0x75, 0x67, 0x74, 0x65, 0x63, 0x68, 0x6e,
  0x69, 0x6b, 0x20, 0x32, 0x30, 0x37, 0x20, 0x41, 0x6c, 0x66, 0x61, 0x00, 0x56, 0x65, 0x72, 0x74,
  0x6f, 0x6c, 0x20, 0x57, 0x6f, 0x72, 0x6b, 0x20, 0x48, 0x6f, 0x72, 0x73, 0x65, 0x00, 0x48, 0x61,
  0x77, 0x6b, 0x65, 0x72, 0x20, 0x53, 0x49, 0x44, 0x44, 0x45, 0x4c, 0x45, 0x59, 0x20, 0x48, 0x53,
  0x2d, 0x31, 0x32, 0x35, 0x00, 0x48, 0x61, 0x77, 0x6b, 0x65, 0x72, 0x20, 0x42, 0x45, 0x45, 0x43,
  0x48, 0x43, 0x52, 0x41, 0x46, 0x54, 0x20, 0x48, 0x61, 0x77, 0x6b, 0x65, 0x72, 0x20, 0x37, 0x35,
  0x30, 0x2f, 0x38, 0x35, 0x30, 0x00, 0x52, 0x61, 0x79, 0x74, 0x68, 0x65, 0x6f, 0x6e, 0x20, 0x48,
  0x61, 0x77, 0x6b, 0x65, 0x72, 0x20, 0x31, 0x30, 0x30, 0x30, 0x00, 0x48, 0x75, 0x67, 0x68, 0x65,
  0x73, 0x20, 0x53, 0x6b, 0x79, 0x20, 0x4b, 0x6e, 0x69, 0x67, 0x68, 0x74, 0x00, 0x48, 0x6f, 0x66,
  0x66, 0x6d, 0x61, 0x6e, 0x20, 0x48, 0x2d, 0x34, 0x30, 0x00, 0x4b, 0x61, 0x6d, 0x61, 0x6e, 0x20,
  0x48, 0x48, 0x2d, 0x34, 0x33, 0x20, 0x48, 0x75, 0x73, 0x6b, 0x69, 0x65, 0x00, 0x4b, 0x61, 0x6d,
  0x61, 0x6e, 0x20, 0x4b, 0x2d, 0x36, 0x30, 0x30, 0x2d, 0x35, 0x20, 0x48, 0x75, 0x73, 0x6b, 0x69,
  0x65, 0x00, 0x42, 0x6f, 0x65, 0x69, 0x6e, 0x67, 0x2d, 0x76, 0x65, 0x72, 0x74, 0x6f, 0x6c, 0x20,
  0x43, 0x48, 0x2d, 0x34, 0x36, 0x20, 0x53, 0x65, 0x61, 0x20, 0x4b, 0x6e, 0x69, 0x67, 0x68, 0x74,
  0x00, 0x42, 0x6f, 0x65, 0x69, 0x6e, 0x67, 0x2d, 0x76, 0x65, 0x72, 0x74, 0x6f, 0x6c, 0x20, 0x43,
  0x48, 0x2d, 0x34, 0x37, 0x20, 0x43, 0x68, 0x69, 0x6e, 0x6f, 0x6f, 0x6b, 0x00, 0x48, 0x75, 0x67,
  0x68, 0x65, 0x73, 0x20, 0x35, 0x30, 0x30, 0x00, 0x53, 0x69, 0x6b, 0x6f, 0x72, 0x73, 0x6b, 0x79,
  0x20, 0x43, 0x48, 0x2d, 0x35, 0x33, 0x00, 0x53, 0x69, 0x6b, 0x6f, 0x72, 0x73, 0x6b, 0x79, 0x20,
  0x43, 0x48, 0x2d, 0x35, 0x33, 0x20, 0x53, 0x75, 0x70, 0x65, 0x72, 0x20, 0x53, 0x74, 0x61, 0x6c,
  0x6c, 0x69, 0x6f, 0x6e, 0x00, 0x53, 0x69, 0x6b, 0x6f, 0x72, 0x73, 0x6b, 0x79, 0x20, 0x55, 0x48,
  0x2d, 0x36, 0x30, 0x20, 0x42, 0x6c, 0x61, 0x63, 0x6b, 0x20, 0x48, 0x61, 0x77, 0x6b, 0x00, 0x4d,
  0x63, 0x64, 0x6f, 0x6e, 0x6e, 0x65, 0x6c, 0x6c, 0x20, 0x44, 0x4f, 0x55, 0x47, 0x4c, 0x41, 0x53,
  0x20, 0x41, 0x48, 0x2d, 0x36, 0x34, 0x20, 0x41, 0x70, 0x61, 0x63, 0x68, 0x65, 0x00, 0x52, 0x61,
  0x79, 0x74, 0x68, 0x65, 0x6f, 0x6e, 0x20, 0x34, 0x30, 0x30, 0x30, 0x20, 0x48, 0x61, 0x77, 0x6b,
  0x65, 0x72, 0x20, 0x48, 0x6f, 0x72, 0x69, 0x7a, 0x6f, 0x6e, 0x00, 0x53, 0x69, 0x6e, 0x64, 0x6c,
  0x69, 0x6e, 0x67, 0x65, 0x72, 0x20, 0x48, 0x48, 0x2d, 0x31, 0x20, 0x48, 0x61, 0x77, 0x6b, 0x65,
  0x72, 0x20, 0x48, 0x75, 0x72, 0x72, 0x69, 0x63, 0x61, 0x6e, 0x65, 0x00, 0x42, 0x72, 0x69, 0x74,
  0x69, 0x73, 0x68, 0x20, 0x41, 0x45, 0x52, 0x4f, 0x53, 0x50, 0x41, 0x43, 0x45, 0x20, 0x48, 0x61,
  0x72, 0x72, 0x69, 0x65, 0x72, 0x00, 0x42, 0x72, 0x69, 0x74, 0x69, 0x73, 0x68, 0x20, 0x41, 0x45,
  0x52, 0x4f, 0x53, 0x50, 0x41, 0x43, 0x45, 0x20, 0x54, 0x2d, 0x34, 0x35, 0x20, 0x47, 0x6f, 0x73,
  0x68, 0x61, 0x77, 0x6b, 0x00, 0x42, 0x72, 0x64, 0x69, 0x74, 0x73, 0x63, 0x68, 0x6b, 0x61, 0x20,
  0x48, 0x42, 0x2d, 0x32, 0x31, 0x20, 0x48, 0x6f, 0x62, 0x62, 0x79, 0x6c, 0x69, 0x6e, 0x65, 0x72,
  0x00, 0x48, 0x62, 0x2d, 0x61, 0x69, 0x72, 0x63, 0x72, 0x61, 0x66, 0x74, 0x20, 0x48, 0x42, 0x2d,
  0x33, 0x32, 0x20, 0x53, 0x63, 0x61, 0x6e, 0x6c, 0x69, 0x6e, 0x65, 0x72, 0x00, 0x47, 0x72, 0x75,
  0x6d, 0x6d, 0x61, 0x6e, 0x20, 0x46, 0x36, 0x46, 0x20, 0x48, 0x65, 0x6c, 0x6c, 0x63, 0x61, 0x74,
  0x00, 0x48, 0x6f, 0x6e, 0x64, 0x61, 0x20, 0x48, 0x6f, 0x6e, 0x64, 0x61, 0x4a, 0x65, 0x74, 0x00,
  0x44, 0x65, 0x20, 0x48, 0x41, 0x56, 0x49, 0x4c, 0x4c, 0x41, 0x4e, 0x44, 0x20, 0x48, 0x65, 0x72,
  0x6f, 0x6e, 0x00, 0x48, 0x69, 0x72, 0x74, 0x68, 0x20, 0x48, 0x69, 0x2d, 0x32, 0x37, 0x20, 0x41,
  0x63, 0x72, 0x6f, 0x73, 0x74, 0x61, 0x72, 0x00, 0x4a, 0x75, 0x73, 0x74, 0x20, 0x4a, 0x41, 0x32,
  0x30, 0x20, 0x48, 0x69, 0x67, 0x68, 0x6c, 0x61, 0x6e, 0x64, 0x65, 0x72, 0x00, 0x48, 0x61, 0x6c,
  0x62, 0x65, 0x72, 0x73, 0x74, 0x61, 0x64, 0x74, 0x20, 0x44, 0x2d, 0x34, 0x20, 0x52, 0x65, 0x70,
  0x6c, 0x69, 0x63, 0x61, 0x00, 0x4e, 0x69, 0x63, 0x6f, 0x6c, 0x6c, 0x69, 0x65, 0x72, 0x20, 0x4d,
  0x65, 0x6e, 0x65, 0x73, 0x74, 0x72, 0x65, 0x6c, 0x20, 0x32, 0x00, 0x46, 0x69, 0x73, 0x68, 0x65,
  0x72, 0x20, 0x48, 0x6f, 0x72, 0x69, 0x7a, 0x6f, 0x6e, 0x00, 0x52, 0x6f, 0x62, 0x69, 0x6e, 0x20,
  0x48, 0x52, 0x2d, 0x31, 0x30, 0x30, 0x00, 0x52, 0x6f, 0x62, 0x69, 0x6e, 0x20, 0x48, 0x52, 0x2d,
  0x32, 0x30, 0x30, 0x00, 0x41, 0x61, 0x6b, 0x20, 0x48, 0x6f, 0x72, 0x6e, 0x65, 0x74, 0x00, 0x48,
  0x61, 0x72, 0x6d, 0x6f, 0x6e, 0x20, 0x52, 0x6f, 0x63, 0x6b, 0x65, 0x74, 0x00, 0x49, 0x61, 0x69,
  0x20, 0x48, 0x65, 0x72, 0x6f, 0x6e, 0x20, 0x44, 0x72, 0x6f, 0x6e, 0x65, 0x00, 0x42, 0x65, 0x6c,
  0x6c, 0x20, 0x41, 0x48, 0x2d, 0x31, 0x20, 0x48, 0x75, 0x65, 0x79, 0x43, 0x6f, 0x62, 0x72, 0x61,
  0x00, 0x48, 0x75, 0x6d, 0x6d, 0x65, 0x6c, 0x20, 0x42, 0x69, 0x72, 0x64, 0x00, 0x48, 0x61, 0x77,
  0x6b, 0x65, 0x72, 0x20, 0x48, 0x75, 0x6e, 0x74, 0x65, 0x72, 0x00, 0x48, 0x61, 0x77, 0x6b, 0x65,
  0x72, 0x20, 0x48, 0x75, 0x72, 0x72, 0x69, 0x63, 0x61, 0x6e, 0x65, 0x00, 0x54, 0x61, 0x69, 0x20,
  0x48, 0x75, 0x72, 0x6b, 0x75, 0x73, 0x00, 0x43, 0x68, 0x72, 0x69, 0x73, 0x74, 0x65, 0x6e, 0x20,
  0x48, 0x75, 0x73, 0x6b, 0x79, 0x00, 0x49, 0x6c, 0x79, 0x75, 0x73, 0x68, 0x69, 0x6e, 0x20, 0x49,
  0x6c, 0x2d, 0x31, 0x31, 0x34, 0x00, 0x41, 0x69, 0x73, 0x61, 0x20, 0x49, 0x2d, 0x31, 0x31, 0x35,
  0x00, 0x50, 0x6f, 0x6c, 0x69, 0x6b, 0x61, 0x72, 0x70, 0x6f, 0x76, 0x20, 0x49, 0x2d, 0x31, 0x36,
  0x00, 0x49, 0x6e, 0x65, 0x72, 0x61, 0x76, 0x69, 0x61, 0x20, 0x49, 0x2d, 0x33, 0x00, 0x44, 0x69,
  0x6e, 0x66, 0x69, 0x61, 0x20, 0x49, 0x41, 0x2d, 0x34, 0x36, 0x20, 0x52, 0x61, 0x6e, 0x71, 0x75,
  0x65, 0x6c, 0x00, 0x49, 0x73, 0x61, 0x61, 0x63, 0x73, 0x20, 0x46, 0x75, 0x72, 0x79, 0x00, 0x49,
  0x6c, 0x79, 0x75, 0x73, 0x68, 0x69, 0x6e, 0x20, 0x49, 0x6c, 0x2d, 0x31, 0x38, 0x00, 0x49, 0x6c,
  0x79, 0x75, 0x73, 0x68, 0x69, 0x6e, 0x20, 0x49, 0x6c, 0x2d, 0x36, 0x32, 0x00, 0x49, 0x6c, 0x79,
  0x75, 0x73, 0x68, 0x69, 0x6e, 0x20, 0x49, 0x6c, 0x2d, 0x37, 0x36, 0x2f, 0x38, 0x32, 0x00, 0x49,
  0x6c, 0x79, 0x75, 0x73, 0x68, 0x69, 0x6e, 0x20, 0x49, 0x6c, 0x2d, 0x38, 0x37, 0x00, 0x49, 0x6c,
  0x79, 0x75, 0x73, 0x68, 0x69, 0x6e, 0x20, 0x49, 0x6c, 0x2d, 0x39, 0x36, 0x00, 0x49, 0x6d, 0x70,
  0x75, 0x6c, 0x73, 0x65, 0x20, 0x58, 0x74, 0x75, 0x72, 0x6e, 0x00, 0x41, 0x75, 0x72, 0x61, 0x20,
  0x41, 0x45, 0x52, 0x4f, 0x20, 0x49, 0x6e, 0x74, 0x65, 0x67, 0x72, 0x61, 0x6c, 0x00, 0x49, 0x70,
  0x65, 0x20, 0x30, 0x36, 0x20, 0x43, 0x75, 0x72, 0x75, 0x63, 0x61, 0x63, 0x61, 0x00, 0x49, 0x63,
  0x61, 0x20, 0x49, 0x41, 0x52, 0x2d, 0x38, 0x32, 0x33, 0x00, 0x49, 0x63, 0x61, 0x20, 0x49, 0x41,
  0x52, 0x2d, 0x38, 0x32, 0x35, 0x20, 0x54, 0x72, 0x69, 0x75, 0x6d, 0x66, 0x00, 0x49, 0x63, 0x61,
  0x20, 0x49, 0x41, 0x52, 0x2d, 0x32, 0x38, 0x4d, 0x41, 0x00, 0x49, 0x61, 0x72, 0x20, 0x34, 0x36,
  0x20, 0x4b, 0x61, 0x74, 0x74, 0x79, 0x00, 0x49, 0x61, 0x72, 0x20, 0x49, 0x53, 0x2d, 0x32, 0x38,
  0x4d, 0x32, 0x00, 0x49, 0x73, 0x61, 0x61, 0x63, 0x73, 0x20, 0x53, 0x70, 0x69, 0x74, 0x66, 0x69,
  0x72, 0x65, 0x00, 0x41, 0x75, 0x73, 0x74, 0x65, 0x72, 0x20, 0x4a, 0x2d, 0x31, 0x00, 0x50, 0x69,
  0x70, 0x65, 0x72, 0x20, 0x4a, 0x2d, 0x32, 0x20, 0x43, 0x75, 0x62, 0x00, 0x50, 0x69, 0x70, 0x65,
  0x72, 0x20, 0x4a, 0x2d, 0x33, 0x20, 0x43, 0x75, 0x62, 0x00, 0x41, 0x6c, 0x6d, 0x73, 0x20, 0x4a,
  0x2d, 0x33, 0x30, 0x30, 0x20, 0x4a, 0x6f, 0x6b, 0x65, 0x72, 0x00, 0x44, 0x6f, 0x72, 0x6e, 0x69,
  0x65, 0x72, 0x20, 0x33, 0x32, 0x38, 0x20, 0x4a, 0x45, 0x54, 0x00, 0x50, 0x69, 0x70, 0x65, 0x72,
  0x20, 0x4a, 0x2d, 0x34, 0x20, 0x43, 0x75, 0x62, 0x20, 0x43, 0x6f, 0x75, 0x70, 0x65, 0x00, 0x4a,
  0x69, 0x68, 0x6c, 0x61, 0x76, 0x61, 0x6e, 0x20, 0x53, 0x6b, 0x79, 0x6c, 0x65, 0x61, 0x64, 0x65,
  0x72, 0x20, 0x34, 0x30, 0x30, 0x00, 0x42, 0x61, 0x72, 0x6e, 0x65, 0x74, 0x74, 0x20, 0x4a, 0x34,
  0x42, 0x32, 0x00, 0x50, 0x69, 0x70, 0x65, 0x72, 0x20, 0x4a, 0x2d, 0x35, 0x20, 0x43, 0x75, 0x62,
  0x20, 0x43, 0x72, 0x75, 0x69, 0x73, 0x65, 0x72, 0x00, 0x4a, 0x69, 0x68, 0x6c, 0x61, 0x76, 0x61,
  0x6e, 0x20, 0x53, 0x6b, 0x79, 0x6c, 0x65, 0x61, 0x64, 0x65, 0x72, 0x20, 0x36, 0x30, 0x30, 0x00,
  0x4a, 0x61, 0x62, 0x69, 0x72, 0x75, 0x20, 0x4a, 0x31, 0x36, 0x30, 0x2f, 0x31, 0x37, 0x30, 0x00,
  0x4a, 0x61, 0x62, 0x69, 0x72, 0x75, 0x20, 0x4a, 0x32, 0x30, 0x30, 0x2d, 0x34, 0x35, 0x30, 0x00,
  0x4a, 0x61, 0x62, 0x69, 0x72, 0x75, 0x20, 0x4a, 0x31, 0x32, 0x30, 0x00, 0x41, 0x63, 0x65, 0x20,
  0x4a, 0x75, 0x6e, 0x69, 0x6f, 0x72, 0x20, 0x41, 0x63, 0x65, 0x00, 0x48, 0x69, 0x6e, 0x64, 0x75,
  0x73, 0x74, 0x61, 0x6e, 0x20, 0x4a, 0x61, 0x67, 0x75, 0x61, 0x72, 0x00, 0x4a, 0x61, 0x73, 0x34,
  0x2d, 0x31, 0x00, 0x4f, 0x62, 0x65, 0x72, 0x6c, 0x65, 0x63, 0x68, 0x6e, 0x65, 0x72, 0x20, 0x4a,
  0x4f, 0x42, 0x2d, 0x31, 0x35, 0x00, 0x49, 0x61, 0x69, 0x20, 0x43, 0x6f, 0x6d, 0x6d, 0x6f, 0x64,
  0x6f, 0x72, 0x65, 0x20, 0x4a, 0x65, 0x74, 0x00, 0x44, 0x79, 0x6b, 0x65, 0x20, 0x4a, 0x44, 0x2d,
  0x32, 0x20, 0x44, 0x65, 0x6c, 0x74, 0x61, 0x00, 0x45, 0x75, 0x72, 0x6f, 0x61, 0x6c, 0x61, 0x6c,
  0x20, 0x4a, 0x65, 0x74, 0x20, 0x46, 0x6f, 0x78, 0x00, 0x45, 0x6b, 0x6f, 0x6c, 0x6f, 0x74, 0x20,
  0x4a, 0x4b, 0x2d, 0x30, 0x35, 0x00, 0x42, 0x61, 0x63, 0x20, 0x50, 0x2d, 0x38, 0x34, 0x20, 0x4a,
  0x65, 0x74, 0x20, 0x50, 0x72, 0x6f, 0x76, 0x6f, 0x73, 0x74, 0x00, 0x44, 0x74, 0x61, 0x20, 0x4a,
  0x2d, 0x52, 0x4f, 0x00, 0x43, 0x65, 0x6e, 0x74, 0x75, 0x72, 0x79, 0x20, 0x4a, 0x65, 0x74, 0x73,
  0x74, 0x72, 0x65, 0x61, 0x6d, 0x20, 0x33, 0x00, 0x42, 0x72, 0x69, 0x74, 0x69, 0x73, 0x68, 0x20,
  0x41, 0x45, 0x52, 0x4f, 0x53, 0x50, 0x41, 0x43, 0x45, 0x20, 0x4a, 0x65, 0x74, 0x73, 0x74, 0x72,
  0x65, 0x61, 0x6d, 0x20, 0x54, 0x2e, 0x4d, 0x6b, 0x2e, 0x33, 0x00, 0x42, 0x72, 0x69, 0x74, 0x69,
  0x73, 0x68, 0x20, 0x41, 0x45, 0x52, 0x4f, 0x53, 0x50, 0x41, 0x43, 0x45, 0x20, 0x4a, 0x65, 0x74,
  0x73, 0x74, 0x72, 0x65, 0x61, 0x6d, 0x20, 0x53, 0x75, 0x70, 0x65, 0x72, 0x20, 0x33, 0x31, 0x00,
  0x4a, 0x73, 0x33, 0x00, 0x42, 0x72, 0x69, 0x74, 0x69, 0x73, 0x68, 0x20, 0x41, 0x45, 0x52, 0x4f,
  0x53, 0x50, 0x41, 0x43, 0x45, 0x20, 0x4a, 0x65, 0x74, 0x73, 0x74, 0x72, 0x65, 0x61, 0x6d, 0x20,
  0x34, 0x31, 0x00, 0x53, 0x6f, 0x6e, 0x65, 0x78, 0x20, 0x53, 0x75, 0x62, 0x53, 0x6f, 0x6e, 0x65,
  0x78, 0x00, 0x54, 0x61, 0x79, 0x6c, 0x6f, 0x72, 0x20, 0x54, 0x69, 0x74, 0x63, 0x68, 0x00, 0x4a,
  0x75, 0x6e, 0x6b, 0x65, 0x72, 0x73, 0x20, 0x4a, 0x75, 0x2d, 0x35, 0x32, 0x2f, 0x33, 0x6d, 0x00,
  0x4b, 0x61, 0x6d, 0x69, 0x6e, 0x73, 0x6b, 0x61, 0x73, 0x20, 0x52, 0x4b, 0x2d, 0x31, 0x20, 0x4a,
  0x75, 0x6e, 0x67, 0x73, 0x74, 0x65, 0x72, 0x20, 0x31, 0x00, 0x42, 0x6f, 0x6c, 0x6b, 0x6f, 0x77,
  0x20, 0x42, 0x4f, 0x2d, 0x32, 0x30, 0x38, 0x20, 0x4a, 0x75, 0x6e, 0x69, 0x6f, 0x72, 0x00, 0x44,
  0x61, 0x68, 0x65, 0x72, 0x20, 0x4b, 0x6f, 0x64, 0x69, 0x61, 0x6b, 0x20, 0x31, 0x30, 0x30, 0x00,
  0x46, 0x61, 0x6d, 0x61, 0x20, 0x4b, 0x2d, 0x32, 0x30, 0x39, 0x20, 0x4b, 0x49, 0x53, 0x53, 0x00,
  0x42, 0x6f, 0x65, 0x69, 0x6e, 0x67, 0x20, 0x4b, 0x43, 0x2d, 0x31, 0x33, 0x35, 0x45, 0x20, 0x53,
  0x74, 0x72, 0x61, 0x74, 0x6f, 0x74, 0x61, 0x6e, 0x6b, 0x65, 0x72, 0x00, 0x42, 0x6f, 0x65, 0x69,
  0x6e, 0x67, 0x20, 0x4b, 0x43, 0x2d, 0x31, 0x33, 0x35, 0x52, 0x2f, 0x54, 0x20, 0x53, 0x74, 0x72,
  0x61, 0x74, 0x6f, 0x74, 0x61, 0x6e, 0x6b, 0x65, 0x72, 0x00, 0x4b, 0x6f, 0x64, 0x69, 0x61, 0x6b,
  0x20, 0x51, 0x55, 0x45, 0x53, 0x54, 0x20, 0x32, 0x30, 0x30, 0x2f, 0x39, 0x30, 0x30, 0x00, 0x4b,
  0x61, 0x6d, 0x6f, 0x76, 0x20, 0x4b, 0x61, 0x2d, 0x32, 0x36, 0x00, 0x4b, 0x61, 0x6d, 0x6f, 0x76,
  0x20, 0x4b, 0x61, 0x2d, 0x32, 0x35, 0x32, 0x00, 0x4b, 0x72, 0x69, 0x65, 0x67, 0x65, 0x72, 0x20,
  0x41, 0x4b, 0x2d, 0x31, 0x00, 0x4b, 0x72, 0x69, 0x65, 0x67, 0x65, 0x72, 0x20, 0x41, 0x4b, 0x2d,
  0x33, 0x00, 0x4b, 0x61, 0x77, 0x61, 0x73, 0x61, 0x6b, 0x69, 0x20, 0x43, 0x2d, 0x32, 0x00, 0x4b,
  0x65, 0x6c, 0x65, 0x68, 0x65, 0x72, 0x20, 0x4c, 0x61, 0x72, 0x6b, 0x00, 0x52, 0x65, 0x61, 0x72,
  0x77, 0x69, 0x6e, 0x20, 0x4b, 0x65, 0x6e, 0x2d, 0x52, 0x6f, 0x79, 0x63, 0x65, 0x00, 0x4b, 0x69,
  0x74, 0x70, 0x6c, 0x61, 0x6e, 0x65, 0x73, 0x20, 0x46, 0x4f, 0x52, 0x20, 0x41, 0x46, 0x52, 0x49,
  0x43, 0x41, 0x20, 0x45, 0x78, 0x70, 0x6c, 0x6f, 0x72, 0x65, 0x72, 0x00, 0x4b, 0x69, 0x74, 0x70,
  0x6c, 0x61, 0x6e, 0x65, 0x73, 0x20, 0x46, 0x4f, 0x52, 0x20, 0x41, 0x46, 0x52, 0x49, 0x43, 0x41,
  0x20, 0x53, 0x61, 0x66, 0x61, 0x72, 0x69, 0x00, 0x49, 0x61, 0x69, 0x20, 0x4b, 0x66, 0x69, 0x72,
  0x00, 0x41, 0x6e, 0x64, 0x65, 0x72, 0x73, 0x6f, 0x6e, 0x20, 0x4b, 0x69, 0x6e, 0x67, 0x66, 0x69,
  0x73, 0x68, 0x65, 0x72, 0x00, 0x54, 0x72, 0x69, 0x2d, 0x72, 0x20, 0x4b, 0x49, 0x53, 0x20, 0x54,
  0x52, 0x2d, 0x31, 0x00, 0x54, 0x72, 0x69, 0x2d, 0x72, 0x20, 0x4b, 0x49, 0x53, 0x20, 0x54, 0x52,
  0x2d, 0x34, 0x00, 0x42, 0x6f, 0x6c, 0x6b, 0x6f, 0x77, 0x20, 0x42, 0x4f, 0x2d, 0x31, 0x30, 0x37,
  0x00, 0x4b, 0x6c, 0x65, 0x6d, 0x6d, 0x20, 0x4c, 0x2d, 0x32, 0x35, 0x00, 0x4b, 0x6c, 0x65, 0x6d,
  0x6d, 0x20, 0x4b, 0x6c, 0x2d, 0x33, 0x35, 0x00, 0x4b, 0x6f, 0x6c, 0x62, 0x20, 0x4b, 0x69, 0x6e,
  0x67, 0x20, 0x43, 0x6f, 0x6c, 0x62, 0x72, 0x61, 0x00, 0x4c, 0x6d, 0x20, 0x49, 0x00, 0x4b, 0x61,
  0x6d, 0x61, 0x6e, 0x20, 0x4b, 0x2d, 0x4d, 0x61, 0x78, 0x00, 0x4a, 0x69, 0x68, 0x6c, 0x61, 0x76,
  0x61, 0x6e, 0x20, 0x4b, 0x50, 0x2d, 0x32, 0x20, 0x53, 0x6f, 0x76, 0x61, 0x00, 0x4a, 0x69, 0x68,
  0x6c, 0x61, 0x76, 0x61, 0x6e, 0x20, 0x4b, 0x50, 0x2d, 0x35, 0x20, 0x53, 0x6b, 0x79, 0x6c, 0x65,
  0x61, 0x64, 0x65, 0x72, 0x00, 0x52, 0x61, 0x6e, 0x64, 0x20, 0x4b, 0x52, 0x2d, 0x31, 0x00, 0x52,
  0x61, 0x6e, 0x64, 0x20, 0x4b, 0x52, 0x2d, 0x32, 0x00, 0x45, 0x6b, 0x6f, 0x6c, 0x6f, 0x74, 0x20,
  0x54, 0x6f, 0x70, 0x61, 0x7a, 0x00, 0x4b, 0x72, 0x65, 0x69, 0x64, 0x65, 0x72, 0x2d, 0x72, 0x65,
  0x69, 0x73, 0x6e, 0x65, 0x72, 0x20, 0x43, 0x2d, 0x32, 0x20, 0x43, 0x68, 0x61, 0x6c, 0x6c, 0x65,
  0x6e, 0x67, 0x65, 0x72, 0x00, 0x4b, 0x72, 0x65, 0x69, 0x64, 0x65, 0x72, 0x5f, 0x72, 0x65, 0x69,
  0x73, 0x6e, 0x65, 0x72, 0x20, 0x43, 0x2d, 0x34, 0x20, 0x43, 0x68, 0x61, 0x6c, 0x6c, 0x65, 0x6e,
  0x67, 0x65, 0x72, 0x00, 0x53, 0x6f, 0x6b, 0x6f, 0x20, 0x4a, 0x2d, 0x32, 0x30, 0x20, 0x4b, 0x72,
  0x61, 0x67, 0x75, 0x6a, 0x00, 0x4b, 0x6f, 0x72, 0x65, 0x61, 0x6e, 0x20, 0x41, 0x45, 0x52, 0x4f,
  0x53, 0x50, 0x41, 0x43, 0x45, 0x20, 0x4b, 0x54, 0x2d, 0x31, 0x00, 0x41, 0x6d, 0x61, 0x78, 0x20,
  0x4b, 0x61, 0x72, 0x61, 0x74, 0x6f, 0x6f, 0x00, 0x53, 0x61, 0x69, 0x20, 0x4b, 0x5a, 0x2d, 0x32,
  0x00, 0x53, 0x61, 0x69, 0x20, 0x4b, 0x5a, 0x2d, 0x33, 0x00, 0x53, 0x61, 0x69, 0x20, 0x4b, 0x5a,
  0x2d, 0x37, 0x00, 0x53, 0x61, 0x69, 0x20, 0x4b, 0x5a, 0x2d, 0x38, 0x00, 0x4c, 0x6f, 0x63, 0x6b,
  0x68, 0x65, 0x65, 0x64, 0x20, 0x4c, 0x2d, 0x31, 0x30, 0x20, 0x45, 0x6c, 0x65, 0x63, 0x74, 0x72,
  0x61, 0x00, 0x4c, 0x6f, 0x63, 0x6b, 0x68, 0x65, 0x65, 0x64, 0x20, 0x4c, 0x2d, 0x31, 0x30, 0x31,
  0x31, 0x20, 0x54, 0x72, 0x69, 0x53, 0x74, 0x61, 0x72, 0x00, 0x54, 0x65, 0x6d, 0x63, 0x6f, 0x20,
  0x53, 0x65, 0x64, 0x61, 0x6e, 0x00, 0x31, 0x32, 0x61, 0x00, 0x43, 0x6f, 0x6e, 0x76, 0x61, 0x69,
  0x72, 0x20, 0x4c, 0x2d, 0x31, 0x33, 0x20, 0x43, 0x65, 0x6e, 0x74, 0x61, 0x75, 0x72, 0x00, 0x4c,
  0x65, 0x74, 0x20, 0x4c, 0x2d, 0x31, 0x33, 0x20, 0x42, 0x6c, 0x61, 0x6e, 0x69, 0x6b, 0x00, 0x41,
  0x65, 0x72, 0x6f, 0x74, 0x65, 0x63, 0x68, 0x6e, 0x69, 0x6b, 0x20, 0x4c, 0x2d, 0x31, 0x33, 0x53,
  0x20, 0x56, 0x69, 0x76, 0x61, 0x74, 0x00, 0x4c, 0x6f, 0x63, 0x6b, 0x68, 0x65, 0x65, 0x64, 0x20,
  0x4c, 0x2d, 0x31, 0x34, 0x20, 0x53, 0x75, 0x70, 0x65, 0x72, 0x20, 0x45, 0x6c, 0x65, 0x63, 0x74,
  0x72, 0x61, 0x00, 0x41, 0x65, 0x72, 0x6f, 0x20, 0x4c, 0x2d, 0x31, 0x35, 0x39, 0x20, 0x41, 0x6c,
  0x62, 0x61, 0x74, 0x72, 0x6f, 0x73, 0x20, 0x32, 0x00, 0x4c, 0x6f, 0x63, 0x6b, 0x68, 0x65, 0x65,
  0x64, 0x20, 0x4c, 0x2d, 0x31, 0x38, 0x20, 0x4c, 0x6f, 0x64, 0x65, 0x73, 0x74, 0x61, 0x72, 0x00,
  0x4c, 0x6f, 0x63, 0x6b, 0x68, 0x65, 0x65, 0x64, 0x20, 0x4c, 0x2d, 0x31, 0x38, 0x38, 0x20, 0x45,
  0x6c, 0x65, 0x63, 0x74, 0x72, 0x61, 0x00, 0x4c, 0x65, 0x74, 0x20, 0x4c, 0x2d, 0x32, 0x30, 0x30,
  0x20, 0x4d, 0x6f, 0x72, 0x61, 0x76, 0x61, 0x00, 0x41, 0x65, 0x72, 0x6f, 0x20, 0x4c, 0x2d, 0x32,
  0x39, 0x20, 0x44, 0x65, 0x6c, 0x66, 0x69, 0x6e, 0x00, 0x4c, 0x6f, 0x63, 0x6b, 0x68, 0x65, 0x65,
  0x64, 0x20, 0x4c, 0x2d, 0x31, 0x33, 0x32, 0x39, 0x20, 0x4a, 0x65, 0x74, 0x73, 0x74, 0x61, 0x72,
  0x20, 0x37, 0x33, 0x31, 0x00, 0x4c, 0x6f, 0x63, 0x6b, 0x68, 0x65, 0x65, 0x64, 0x20, 0x4c, 0x2d,
  0x31, 0x33, 0x37, 0x20, 0x56, 0x65, 0x6e, 0x74, 0x75, 0x72, 0x61, 0x00, 0x4c, 0x65, 0x74, 0x20,
  0x4c, 0x2d, 0x33, 0x39, 0x20, 0x41, 0x6c, 0x62, 0x61, 0x74, 0x72, 0x6f, 0x73, 0x00, 0x43, 0x68,
  0x61, 0x69, 0x6b, 0x61, 0x20, 0x4c, 0x2d, 0x34, 0x00, 0x4f, 0x72, 0x6c, 0x69, 0x63, 0x61, 0x6e,
  0x20, 0x4c, 0x2d, 0x34, 0x30, 0x20, 0x4d, 0x65, 0x74, 0x61, 0x20, 0x53, 0x6f, 0x6b, 0x6f, 0x6c,
  0x00, 0x4c, 0x65, 0x74, 0x20, 0x4c, 0x2d, 0x34, 0x31, 0x30, 0x20, 0x54, 0x75, 0x72, 0x62, 0x6f,
  0x6c, 0x65, 0x74, 0x00, 0x53, 0x74, 0x69, 0x6e, 0x73, 0x6f, 0x6e, 0x20, 0x53, 0x65, 0x6e, 0x74,
  0x69, 0x6e, 0x65, 0x6c, 0x00, 0x4c, 0x75, 0x73, 0x63, 0x6f, 0x6d, 0x62, 0x65, 0x20, 0x38, 0x00,
  0x56, 0x61, 0x6c, 0x6d, 0x65, 0x74, 0x20, 0x52, 0x65, 0x64, 0x69, 0x67, 0x6f, 0x00, 0x4c, 0x61,
  0x6b, 0x65, 0x20, 0x4c, 0x41, 0x2d, 0x32, 0x35, 0x30, 0x00, 0x4c, 0x61, 0x6b, 0x65, 0x20, 0x4c,
  0x41, 0x2d, 0x34, 0x2f, 0x32, 0x30, 0x30, 0x00, 0x41, 0x65, 0x72, 0x6d, 0x61, 0x63, 0x63, 0x68,
  0x69, 0x20, 0x41, 0x4c, 0x2d, 0x36, 0x30, 0x00, 0x41, 0x65, 0x72, 0x6f, 0x76, 0x6f, 0x6c, 0x67,
  0x61, 0x20, 0x4c, 0x41, 0x2d, 0x38, 0x20, 0x46, 0x6c, 0x61, 0x67, 0x6d, 0x61, 0x6e, 0x00, 0x4c,
  0x61, 0x73, 0x65, 0x72, 0x20, 0x41, 0x6b, 0x72, 0x6f, 0x20, 0x5a, 0x00, 0x41, 0x65, 0x72, 0x6f,
  0x73, 0x70, 0x61, 0x74, 0x69, 0x61, 0x6c, 0x65, 0x20, 0x53, 0x41, 0x2d, 0x33, 0x31, 0x35, 0x20,
  0x4c, 0x61, 0x6d, 0x61, 0x00, 0x41, 0x76, 0x72, 0x6f, 0x20, 0x4c, 0x61, 0x6e, 0x63, 0x61, 0x73,
  0x74, 0x65, 0x72, 0x00, 0x48, 0x69, 0x6e, 0x64, 0x75, 0x73, 0x74, 0x61, 0x6e, 0x20, 0x54, 0x65,
  0x6a, 0x61, 0x73, 0x00, 0x4c, 0x61, 0x6e, 0x63, 0x61, 0x69, 0x72, 0x20, 0x4c, 0x65, 0x67, 0x61,
  0x63, 0x79, 0x00, 0x4c, 0x20, 0x36, 0x30, 0x30, 0x00, 0x4c, 0x61, 0x6e, 0x63, 0x61, 0x69, 0x72,
  0x20, 0x45, 0x53, 0x2d, 0x50, 0x00, 0x52, 0x75, 0x74, 0x61, 0x6e, 0x20, 0x4c, 0x6f, 0x6e, 0x67,
  0x2d, 0x45, 0x5a, 0x00, 0x41, 0x65, 0x72, 0x6f, 0x70, 0x69, 0x6c, 0x6f, 0x74, 0x20, 0x4c, 0x65,
  0x67, 0x65, 0x6e, 0x64, 0x00, 0x4c, 0x65, 0x61, 0x72, 0x6a, 0x65, 0x74, 0x20, 0x32, 0x33, 0x00,
  0x4c, 0x65, 0x61, 0x72, 0x6a, 0x65, 0x74, 0x20, 0x32, 0x34, 0x00, 0x4c, 0x65, 0x61, 0x72, 0x6a,
  0x65, 0x74, 0x20, 0x32, 0x35, 0x00, 0x4c, 0x65, 0x61, 0x72, 0x6a, 0x65, 0x74, 0x20, 0x32, 0x39,
  0x00, 0x4c, 0x65, 0x61, 0x72, 0x6a, 0x65, 0x74, 0x20, 0x33, 0x31, 0x00, 0x4c, 0x65, 0x61, 0x72,
  0x6a, 0x65, 0x74, 0x20, 0x33, 0x35, 0x00, 0x4c, 0x65, 0x61, 0x72, 0x6a, 0x65, 0x74, 0x20, 0x34,
  0x30, 0x00, 0x4c, 0x65, 0x61, 0x72, 0x6a, 0x65, 0x74, 0x20, 0x34, 0x35, 0x00, 0x4c, 0x65, 0x61,
  0x72, 0x6a, 0x65, 0x74, 0x20, 0x35, 0x35, 0x00, 0x4c, 0x65, 0x61, 0x72, 0x6a, 0x65, 0x74, 0x20,
  0x36, 0x30, 0x00, 0x4c, 0x65, 0x61, 0x72, 0x6a, 0x65, 0x74, 0x20, 0x37, 0x30, 0x00, 0x4c, 0x65,
  0x61, 0x72, 0x6a, 0x65, 0x74, 0x20, 0x37, 0x35, 0x00, 0x43, 0x68, 0x61, 0x73, 0x6c, 0x65, 0x20,
  0x4c, 0x4d, 0x43, 0x2d, 0x31, 0x20, 0x53, 0x70, 0x72, 0x69, 0x6e, 0x74, 0x61, 0x69, 0x72, 0x00,
  0x46, 0x61, 0x6c, 0x63, 0x6f, 0x6d, 0x70, 0x6f, 0x73, 0x69, 0x74, 0x65, 0x20, 0x4c, 0x4e, 0x2d,
  0x32, 0x37, 0x20, 0x46, 0x75, 0x72, 0x69, 0x6f, 0x00, 0x4c, 0x61, 0x6e, 0x63, 0x61, 0x69, 0x72,
  0x20, 0x32, 0x30, 0x30, 0x2d, 0x33, 0x32, 0x30, 0x00, 0x4c, 0x61, 0x6e, 0x63, 0x61, 0x69, 0x72,
  0x20, 0x34, 0x00, 0x4c, 0x61, 0x6e, 0x63, 0x61, 0x69, 0x72, 0x20, 0x45, 0x53, 0x00, 0x4c, 0x61,
  0x6e, 0x63, 0x61, 0x69, 0x72, 0x20, 0x50, 0x72, 0x6f, 0x70, 0x4a, 0x65, 0x74, 0x20, 0x34, 0x00,
  0x48, 0x6f, 0x77, 0x61, 0x72, 0x64, 0x20, 0x48, 0x55, 0x47, 0x48, 0x45, 0x53, 0x20, 0x53, 0x70,
  0x6f, 0x72, 0x74, 0x20, 0x32, 0x30, 0x30, 0x30, 0x00, 0x45, 0x6c, 0x69, 0x78, 0x69, 0x72, 0x00,
  0x41, 0x67, 0x75, 0x73, 0x74, 0x61, 0x77, 0x65, 0x73, 0x74, 0x6c, 0x61, 0x6e, 0x64, 0x20, 0x41,
  0x57, 0x2d, 0x31, 0x35, 0x39, 0x20, 0x53, 0x75, 0x70, 0x65, 0x72, 0x20, 0x4c, 0x79, 0x6e, 0x78,
  0x00, 0x57, 0x65, 0x73, 0x74, 0x6c, 0x61, 0x6e, 0x64, 0x20, 0x4c, 0x79, 0x73, 0x61, 0x6e, 0x64,
  0x65, 0x72, 0x00, 0x4d, 0x6f, 0x6f, 0x6e, 0x65, 0x79, 0x20, 0x4d, 0x2d, 0x31, 0x30, 0x20, 0x43,
  0x61, 0x64, 0x65, 0x74, 0x00, 0x4c, 0x61, 0x6d, 0x62, 0x65, 0x72, 0x74, 0x20, 0x4d, 0x2d, 0x31,
  0x30, 0x36, 0x00, 0x4c, 0x61, 0x6d, 0x62, 0x65, 0x72, 0x74, 0x20, 0x4d, 0x2d, 0x31, 0x30, 0x38,
  0x00, 0x31, 0x31, 0x30, 0x00, 0x50, 0x7a, 0x6c, 0x2d, 0x6d, 0x69, 0x65, 0x6c, 0x65, 0x63, 0x20,
  0x4d, 0x2d, 0x31, 0x38, 0x20, 0x44, 0x72, 0x6f, 0x6d, 0x61, 0x64, 0x65, 0x72, 0x00, 0x4e, 0x6f,
  0x72, 0x74, 0x68, 0x20, 0x41, 0x4d, 0x45, 0x52, 0x49, 0x43, 0x41, 0x4e, 0x20, 0x52, 0x4f, 0x43,
  0x4b, 0x57, 0x45, 0x4c, 0x4c, 0x20, 0x43, 0x6f, 0x6d, 0x6d, 0x61, 0x6e, 0x64, 0x65, 0x72, 0x20,
  0x32, 0x30, 0x30, 0x00, 0x4d, 0x6f, 0x6f, 0x6e, 0x65, 0x79, 0x20, 0x4d, 0x2d, 0x32, 0x30, 0x00,
  0x4d, 0x6f, 0x6f, 0x6e, 0x65, 0x79, 0x20, 0x4d, 0x2d, 0x32, 0x30, 0x54, 0x00, 0x4d, 0x6f, 0x6f,
  0x6e, 0x65, 0x79, 0x20, 0x4d, 0x2d, 0x32, 0x32, 0x20, 0x4d, 0x75, 0x73, 0x74, 0x61, 0x6e, 0x67,
  0x00, 0x50, 0x7a, 0x6c, 0x2d, 0x6d, 0x69, 0x65, 0x6c, 0x65, 0x63, 0x20, 0x4d, 0x2d, 0x32, 0x36,
  0x20, 0x49, 0x73, 0x6b, 0x69, 0x65, 0x72, 0x6b, 0x61, 0x00, 0x50, 0x7a, 0x6c, 0x2d, 0x6d, 0x69,
  0x65, 0x6c, 0x65, 0x63, 0x20, 0x4d, 0x2d, 0x32, 0x38, 0x20, 0x53, 0x6b, 0x79, 0x74, 0x72, 0x75,
  0x63, 0x6b, 0x00, 0x4d, 0x69, 0x6c, 0x65, 0x73, 0x20, 0x4d, 0x2d, 0x32, 0x20, 0x48, 0x61, 0x77,
  0x6b, 0x20, 0x4d, 0x61, 0x6a, 0x6f, 0x72, 0x00, 0x45, 0x6d, 0x62, 0x72, 0x61, 0x65, 0x72, 0x20,
  0x45, 0x4d, 0x42, 0x2d, 0x33, 0x32, 0x36, 0x20, 0x58, 0x61, 0x76, 0x61, 0x6e, 0x74, 0x65, 0x00,
  0x41, 0x65, 0x72, 0x6d, 0x61, 0x63, 0x63, 0x68, 0x69, 0x20, 0x4d, 0x42, 0x2d, 0x33, 0x33, 0x39,
  0x00, 0x41, 0x65, 0x72, 0x6d, 0x61, 0x63, 0x63, 0x68, 0x69, 0x20, 0x4d, 0x2d, 0x33, 0x34, 0x35,
  0x00, 0x41, 0x65, 0x72, 0x6d, 0x61, 0x63, 0x63, 0x68, 0x69, 0x20, 0x4d, 0x2d, 0x33, 0x34, 0x36,
  0x20, 0x4d, 0x61, 0x73, 0x74, 0x65, 0x72, 0x00, 0x4d, 0x61, 0x75, 0x6c, 0x65, 0x20, 0x4d, 0x2d,
  0x34, 0x00, 0x34, 0x30, 0x34, 0x00, 0x4d, 0x61, 0x75, 0x6c, 0x65, 0x20, 0x4d, 0x2d, 0x35, 0x00,
  0x4d, 0x61, 0x75, 0x6c, 0x65, 0x20, 0x4d, 0x2d, 0x36, 0x00, 0x50, 0x69, 0x70, 0x65, 0x72, 0x20,
  0x50, 0x41, 0x2d, 0x34, 0x36, 0x2d, 0x36, 0x30, 0x30, 0x54, 0x50, 0x00, 0x4d, 0x61, 0x75, 0x6c,
  0x65, 0x20, 0x4d, 0x2d, 0x37, 0x00, 0x50, 0x69, 0x70, 0x65, 0x72, 0x20, 0x50, 0x41, 0x2d, 0x34,
  0x36, 0x2d, 0x37, 0x30, 0x31, 0x54, 0x50, 0x20, 0x4d, 0x37, 0x30, 0x30, 0x20, 0x46, 0x75, 0x72,
  0x79, 0x00, 0x54, 0x65, 0x78, 0x61, 0x73, 0x20, 0x48, 0x45, 0x4c, 0x49, 0x43, 0x4f, 0x50, 0x54,
  0x45, 0x52, 0x20, 0x4d, 0x2d, 0x37, 0x34, 0x20, 0x57, 0x61, 0x73, 0x70, 0x00, 0x4d, 0x61, 0x75,
  0x6c, 0x65, 0x20, 0x4d, 0x2d, 0x37, 0x2d, 0x34, 0x32, 0x30, 0x20, 0x54, 0x75, 0x72, 0x62, 0x69,
  0x6e, 0x65, 0x00, 0x4d, 0x61, 0x75, 0x6c, 0x65, 0x20, 0x4d, 0x2d, 0x38, 0x00, 0x4d, 0x61, 0x75,
  0x6c, 0x65, 0x20, 0x4d, 0x2d, 0x39, 0x00, 0x4d, 0x61, 0x72, 0x71, 0x75, 0x61, 0x72, 0x74, 0x20,
  0x4d, 0x41, 0x2d, 0x35, 0x20, 0x43, 0x68, 0x61, 0x72, 0x67, 0x65, 0x72, 0x00, 0x58, 0x69, 0x61,
  0x6e, 0x20, 0x4d, 0x41, 0x2d, 0x36, 0x30, 0x00, 0x49, 0x62, 0x69, 0x73, 0x20, 0x4d, 0x61, 0x67,
  0x69, 0x63, 0x00, 0x4d, 0x69, 0x6c, 0x65, 0x73, 0x20, 0x4d, 0x61, 0x67, 0x69, 0x73, 0x74, 0x65,
  0x72, 0x00, 0x41, 0x76, 0x69, 0x64, 0x20, 0x4d, 0x61, 0x67, 0x6e, 0x75, 0x6d, 0x00, 0x4c, 0x75,
  0x74, 0x6f, 0x6e, 0x20, 0x4d, 0x61, 0x6a, 0x6f, 0x72, 0x00, 0x4c, 0x61, 0x6e, 0x63, 0x61, 0x69,
  0x72, 0x20, 0x4d, 0x61, 0x6b, 0x6f, 0x00, 0x4d, 0x65, 0x6c, 0x62, 0x6f, 0x75, 0x72, 0x6e, 0x65,
  0x20, 0x4d, 0x61, 0x6d, 0x62, 0x61, 0x00, 0x42, 0x6c, 0x75, 0x65, 0x20, 0x59, 0x4f, 0x4e, 0x44,
  0x45, 0x52, 0x20, 0x4d, 0x65, 0x72, 0x6c, 0x69, 0x6e, 0x00, 0x4a, 0x72, 0x6d, 0x20, 0x33, 0x00,
  0x41, 0x65, 0x61, 0x20, 0x4d, 0x61, 0x76, 0x65, 0x72, 0x69, 0x63, 0x6b, 0x00, 0x4d, 0x6f, 0x6e,
  0x74, 0x61, 0x65, 0x72, 0x20, 0x4d, 0x43, 0x2d, 0x30, 0x31, 0x00, 0x43, 0x6f, 0x6c, 0x6f, 0x6d,
  0x62, 0x61, 0x6e, 0x20, 0x43, 0x72, 0x69, 0x63, 0x72, 0x69, 0x00, 0x49, 0x72, 0x6b, 0x75, 0x74,
  0x20, 0x4d, 0x43, 0x2d, 0x32, 0x31, 0x2d, 0x33, 0x30, 0x30, 0x00, 0x4d, 0x65, 0x79, 0x65, 0x72,
  0x73, 0x20, 0x4d, 0x41, 0x43, 0x2d, 0x31, 0x34, 0x35, 0x00, 0x39, 0x30, 0x61, 0x00, 0x43, 0x68,
  0x72, 0x69, 0x73, 0x20, 0x54, 0x45, 0x4e, 0x41, 0x20, 0x4d, 0x69, 0x6e, 0x69, 0x20, 0x43, 0x6f,
  0x75, 0x70, 0x65, 0x00, 0x4d, 0x6f, 0x6e, 0x74, 0x61, 0x6e, 0x61, 0x20, 0x43, 0x6f, 0x79, 0x6f,
  0x74, 0x65, 0x00, 0x43, 0x6f, 0x6c, 0x6f, 0x6d, 0x62, 0x61, 0x6e, 0x20, 0x42, 0x61, 0x6e, 0x2d,
  0x42, 0x69, 0x00, 0x44, 0x79, 0x6e, 0x61, 0x65, 0x72, 0x6f, 0x20, 0x4d, 0x43, 0x52, 0x2d, 0x32,
  0x2f, 0x34, 0x00, 0x4d, 0x63, 0x64, 0x6f, 0x6e, 0x6e, 0x65, 0x6c, 0x6c, 0x2d, 0x64, 0x6f, 0x75,
  0x67, 0x6c, 0x61, 0x73, 0x20, 0x4d, 0x44, 0x2d, 0x31, 0x31, 0x00, 0x4d, 0x64, 0x62, 0x20, 0x4d,
  0x44, 0x2d, 0x33, 0x20, 0x53, 0x77, 0x69, 0x73, 0x73, 0x20, 0x54, 0x72, 0x61, 0x69, 0x6e, 0x65,
  0x72, 0x00, 0x46, 0x6c, 0x79, 0x69, 0x74, 0x61, 0x6c, 0x69, 0x61, 0x20, 0x4d, 0x44, 0x2d, 0x33,
  0x20, 0x52, 0x69, 0x64, 0x65, 0x72, 0x00, 0x4d, 0x63, 0x64, 0x6f, 0x6e, 0x6e, 0x65, 0x6c, 0x6c,
  0x2d, 0x64, 0x6f, 0x75, 0x67, 0x6c, 0x61, 0x73, 0x20, 0x4d, 0x44, 0x2d, 0x35, 0x32, 0x30, 0x4e,
  0x00, 0x4d, 0x63, 0x64, 0x6f, 0x6e, 0x6e, 0x65, 0x6c, 0x6c, 0x2d, 0x64, 0x6f, 0x75, 0x67, 0x6c,
  0x61, 0x73, 0x20, 0x4d, 0x44, 0x2d, 0x36, 0x30, 0x30, 0x4e, 0x00, 0x4d, 0x63, 0x64, 0x6f, 0x6e,
  0x6e, 0x65, 0x6c, 0x6c, 0x2d, 0x64, 0x6f, 0x75, 0x67, 0x6c, 0x61, 0x73, 0x20, 0x4d, 0x44, 0x2d,
  0x38, 0x31, 0x00, 0x4d, 0x63, 0x64, 0x6f, 0x6e, 0x6e, 0x65, 0x6c, 0x6c, 0x2d, 0x64, 0x6f, 0x75,
  0x67, 0x6c, 0x61, 0x73, 0x20, 0x4d, 0x44, 0x2d, 0x38, 0x32, 0x00, 0x4d, 0x63, 0x64, 0x6f, 0x6e,
  0x6e, 0x65, 0x6c, 0x6c, 0x2d, 0x64, 0x6f, 0x75, 0x67, 0x6c, 0x61, 0x73, 0x20, 0x4d, 0x44, 0x2d,
  0x38, 0x33, 0x00, 0x4d, 0x63, 0x64, 0x6f, 0x6e, 0x6e, 0x65, 0x6c, 0x6c, 0x2d, 0x64, 0x6f, 0x75,
  0x67, 0x6c, 0x61, 0x73, 0x20, 0x4d, 0x44, 0x2d, 0x38, 0x37, 0x00, 0x4d, 0x63, 0x64, 0x6f, 0x6e,
  0x6e, 0x65, 0x6c, 0x6c, 0x2d, 0x64, 0x6f, 0x75, 0x67, 0x6c, 0x61, 0x73, 0x20, 0x4d, 0x44, 0x2d,
  0x38, 0x38, 0x00, 0x4d, 0x63, 0x64, 0x6f, 0x6e, 0x6e, 0x65, 0x6c, 0x6c, 0x2d, 0x64, 0x6f, 0x75,
  0x67, 0x6c, 0x61, 0x73, 0x20, 0x4d, 0x44, 0x2d, 0x39, 0x30, 0x00, 0x4d, 0x65, 0x73, 0x73, 0x65,
  0x72, 0x73, 0x63, 0x68, 0x6d, 0x69, 0x74, 0x74, 0x20, 0x42, 0x66, 0x2d, 0x31, 0x30, 0x38, 0x20,
  0x54, 0x61, 0x69, 0x66, 0x75, 0x6e, 0x00, 0x4d, 0x65, 0x73, 0x73, 0x65, 0x72, 0x73, 0x63, 0x68,
  0x6d, 0x69, 0x74, 0x74, 0x20, 0x42, 0x66, 0x2d, 0x31, 0x30, 0x39, 0x00, 0x4d, 0x65, 0x73, 0x73,
  0x65, 0x72, 0x73, 0x63, 0x68, 0x6d, 0x69, 0x74, 0x74, 0x20, 0x4d, 0x65, 0x2d, 0x32, 0x36, 0x32,
  0x20, 0x52, 0x65, 0x70, 0x6c, 0x69, 0x63, 0x61, 0x00, 0x4d, 0x69, 0x6c, 0x65, 0x73, 0x20, 0x4d,
  0x65, 0x73, 0x73, 0x65, 0x6e, 0x67, 0x65, 0x72, 0x00, 0x47, 0x6c, 0x6f, 0x73, 0x74, 0x65, 0x72,
  0x20, 0x4d, 0x65, 0x74, 0x65, 0x6f, 0x72, 0x00, 0x53, 0x61, 0x61, 0x62, 0x20, 0x54, 0x2d, 0x31,
  0x37, 0x20, 0x53, 0x75, 0x70, 0x70, 0x6f, 0x72, 0x74, 0x65, 0x72, 0x00, 0x4d, 0x69, 0x6b, 0x6f,
  0x79, 0x61, 0x6e, 0x20, 0x4d, 0x69, 0x47, 0x2d, 0x31, 0x35, 0x00, 0x4d, 0x69, 0x6b, 0x6f, 0x79,
  0x61, 0x6e, 0x20, 0x4d, 0x69, 0x47, 0x2d, 0x31, 0x37, 0x00, 0x4d, 0x69, 0x6b, 0x6f, 0x79, 0x61,
  0x6e, 0x20, 0x4d, 0x69, 0x47, 0x2d, 0x32, 0x31, 0x00, 0x4d, 0x69, 0x6b, 0x6f, 0x79, 0x61, 0x6e,
  0x20, 0x4d, 0x69, 0x47, 0x2d, 0x32, 0x33, 0x2f, 0x32, 0x37, 0x00, 0x4d, 0x69, 0x6b, 0x6f, 0x79,
  0x61, 0x6e, 0x20, 0x4d, 0x69, 0x47, 0x2d, 0x32, 0x39, 0x2f, 0x33, 0x33, 0x2f, 0x33, 0x35, 0x00,
  0x4d, 0x69, 0x6c, 0x20, 0x4d, 0x69, 0x2d, 0x32, 0x00, 0x4d, 0x69, 0x6c, 0x20, 0x4d, 0x69, 0x2d,
  0x32, 0x34, 0x2f, 0x32, 0x35, 0x2f, 0x33, 0x35, 0x00, 0x4d, 0x69, 0x6c, 0x20, 0x4d, 0x69, 0x2d,
  0x32, 0x36, 0x00, 0x4d, 0x69, 0x6c, 0x20, 0x4d, 0x69, 0x2d, 0x33, 0x34, 0x00, 0x4d, 0x69, 0x6c,
  0x20, 0x4d, 0x69, 0x2d, 0x33, 0x38, 0x00, 0x4d, 0x69, 0x6c, 0x20, 0x4d, 0x69, 0x2d, 0x38, 0x2f,
  0x39, 0x2f, 0x31, 0x37, 0x2f, 0x31, 0x39, 0x2f, 0x31, 0x37, 0x31, 0x2f, 0x31, 0x37, 0x32, 0x00,
  0x42, 0x75, 0x73, 0x68, 0x62, 0x79, 0x20, 0x4d, 0x69, 0x64, 0x67, 0x65, 0x74, 0x20, 0x4d, 0x75,
  0x73, 0x74, 0x61, 0x6e, 0x67, 0x00, 0x44, 0x61, 0x73, 0x73, 0x61, 0x75, 0x6c, 0x74, 0x20, 0x4d,
  0x69, 0x72, 0x61, 0x67, 0x65, 0x20, 0x32, 0x30, 0x30, 0x30, 0x00, 0x44, 0x61, 0x73, 0x73, 0x61,
  0x75, 0x6c, 0x74, 0x20, 0x4d, 0x69, 0x72, 0x61, 0x67, 0x65, 0x20, 0x33, 0x00, 0x4d, 0x6f, 0x6f,
  0x6e, 0x65, 0x79, 0x20, 0x4d, 0x2d, 0x31, 0x38, 0x00, 0x4a, 0x75, 0x72, 0x63, 0x61, 0x20, 0x4d,
  0x4a, 0x2d, 0x32, 0x32, 0x00, 0x4a, 0x75, 0x72, 0x63, 0x61, 0x20, 0x4d, 0x4a, 0x2d, 0x35, 0x20,
  0x53, 0x69, 0x72, 0x6f, 0x63, 0x63, 0x6f, 0x00, 0x4a, 0x75, 0x72, 0x63, 0x61, 0x20, 0x4d, 0x4a,
  0x2d, 0x37, 0x20, 0x47, 0x6e, 0x61, 0x74, 0x73, 0x75, 0x6d, 0x00, 0x4a, 0x75, 0x72, 0x63, 0x61,
  0x20, 0x4d, 0x4a, 0x2d, 0x37, 0x37, 0x20, 0x47, 0x6e, 0x61, 0x74, 0x73, 0x75, 0x6d, 0x00, 0x4a,
  0x75, 0x72, 0x63, 0x61, 0x20, 0x4d, 0x4a, 0x2d, 0x38, 0x20, 0x31, 0x2d, 0x4e, 0x69, 0x6e, 0x65,
  0x2d, 0x30, 0x00, 0x4a, 0x75, 0x72, 0x63, 0x61, 0x20, 0x4d, 0x4a, 0x2d, 0x38, 0x30, 0x20, 0x46,
  0x6f, 0x63, 0x6b, 0x65, 0x2d, 0x57, 0x75, 0x6c, 0x66, 0x20, 0x46, 0x77, 0x2d, 0x31, 0x39, 0x30,
  0x20, 0x52, 0x65, 0x70, 0x6c, 0x69, 0x63, 0x61, 0x00, 0x4a, 0x75, 0x72, 0x63, 0x61, 0x20, 0x4d,
  0x4a, 0x2d, 0x39, 0x30, 0x20, 0x4d, 0x65, 0x73, 0x73, 0x65, 0x72, 0x73, 0x63, 0x68, 0x6d, 0x69,
  0x74, 0x74, 0x20, 0x42, 0x66, 0x2d, 0x31, 0x30, 0x39, 0x20, 0x52, 0x65, 0x70, 0x6c, 0x69, 0x63,
  0x61, 0x00, 0x4d, 0x61, 0x67, 0x6e, 0x69, 0x20, 0x4d, 0x2d, 0x31, 0x36, 0x20, 0x54, 0x61, 0x6e,
  0x64, 0x65, 0x6d, 0x20, 0x54, 0x72, 0x61, 0x69, 0x6e, 0x65, 0x72, 0x00, 0x4d, 0x61, 0x67, 0x6e,
  0x69, 0x20, 0x4d, 0x2d, 0x32, 0x32, 0x20, 0x56, 0x6f, 0x79, 0x61, 0x67, 0x65, 0x72, 0x00, 0x4d,
  0x61, 0x67, 0x6e, 0x69, 0x20, 0x4d, 0x2d, 0x32, 0x34, 0x20, 0x4f, 0x72, 0x69, 0x6f, 0x6e, 0x00,
  0x4d, 0x6f, 0x6e, 0x6e, 0x65, 0x74, 0x74, 0x20, 0x4d, 0x6f, 0x6e, 0x69, 0x00, 0x32, 0x31, 0x35,
  0x30, 0x61, 0x00, 0x4d, 0x6f, 0x6e, 0x67, 0x20, 0x53, 0x70, 0x6f, 0x72, 0x74, 0x00, 0x44, 0x65,
  0x20, 0x48, 0x41, 0x56, 0x49, 0x4c, 0x4c, 0x41, 0x4e, 0x44, 0x20, 0x44, 0x48, 0x2d, 0x39, 0x38,
  0x20, 0x4d, 0x6f, 0x73, 0x71, 0x75, 0x69, 0x74, 0x6f, 0x00, 0x41, 0x65, 0x72, 0x6f, 0x5f, 0x6b,
  0x72, 0x6f, 0x73, 0x20, 0x43, 0x7a, 0x61, 0x6a, 0x6b, 0x61, 0x00, 0x50, 0x6c, 0x61, 0x6e, 0x20,
  0x4d, 0x50, 0x2d, 0x32, 0x30, 0x37, 0x20, 0x42, 0x75, 0x73, 0x61, 0x72, 0x64, 0x00, 0x4d, 0x75,
  0x72, 0x70, 0x68, 0x79, 0x20, 0x53, 0x52, 0x2d, 0x32, 0x35, 0x30, 0x30, 0x20, 0x53, 0x75, 0x70,
  0x65, 0x72, 0x20, 0x52, 0x65, 0x62, 0x65, 0x6c, 0x00, 0x4d, 0x75, 0x72, 0x70, 0x68, 0x79, 0x20,
  0x53, 0x52, 0x2d, 0x33, 0x35, 0x30, 0x30, 0x20, 0x53, 0x75, 0x70, 0x65, 0x72, 0x20, 0x52, 0x65,
  0x62, 0x65, 0x6c, 0x00, 0x4d, 0x6f, 0x6e, 0x6e, 0x65, 0x74, 0x74, 0x20, 0x4d, 0x6f, 0x6e, 0x65,
  0x72, 0x61, 0x69, 0x20, 0x50, 0x00, 0x44, 0x61, 0x73, 0x73, 0x61, 0x75, 0x6c, 0x74, 0x20, 0x4d,
  0x69, 0x72, 0x61, 0x67, 0x65, 0x20, 0x46, 0x31, 0x00, 0x53, 0x6b, 0x65, 0x65, 0x74, 0x65, 0x72,
  0x32, 0x00, 0x4d, 0x6f, 0x72, 0x61, 0x6e, 0x65, 0x2d, 0x73, 0x61, 0x75, 0x6c, 0x6e, 0x69, 0x65,
  0x72, 0x20, 0x4d, 0x53, 0x2d, 0x33, 0x31, 0x37, 0x00, 0x4d, 0x6f, 0x72, 0x61, 0x6e, 0x65, 0x2d,
  0x73, 0x61, 0x75, 0x6c, 0x6e, 0x69, 0x65, 0x72, 0x20, 0x4d, 0x53, 0x2d, 0x37, 0x33, 0x33, 0x20,
  0x41, 0x6c, 0x63, 0x79, 0x6f, 0x6e, 0x00, 0x4d, 0x6f, 0x72, 0x61, 0x6e, 0x65, 0x2d, 0x73, 0x61,
  0x75, 0x6c, 0x6e, 0x69, 0x65, 0x72, 0x20, 0x4d, 0x53, 0x2d, 0x37, 0x36, 0x30, 0x20, 0x50, 0x61,
  0x72, 0x69, 0x73, 0x00, 0x53, 0x71, 0x32, 0x00, 0x52, 0x6f, 0x74, 0x6f, 0x72, 0x73, 0x70, 0x6f,
  0x72, 0x74, 0x20, 0x4d, 0x54, 0x4f, 0x53, 0x70, 0x6f, 0x72, 0x74, 0x00, 0x4d, 0x69, 0x74, 0x73,
  0x75, 0x62, 0x69, 0x73, 0x68, 0x69, 0x20, 0x4d, 0x55, 0x2d, 0x32, 0x20, 0x4d, 0x61, 0x72, 0x71,
  0x75, 0x69, 0x73, 0x65, 0x00, 0x4d, 0x69, 0x74, 0x73, 0x75, 0x62, 0x69, 0x73, 0x68, 0x69, 0x20,
  0x4d, 0x55, 0x2d, 0x33, 0x30, 0x30, 0x20, 0x44, 0x69, 0x61, 0x6d, 0x6f, 0x6e, 0x64, 0x00, 0x42,
  0x75, 0x73, 0x68, 0x62, 0x79, 0x20, 0x4d, 0x2d, 0x32, 0x20, 0x4d, 0x75, 0x73, 0x74, 0x61, 0x6e,
  0x67, 0x20, 0x32, 0x00, 0x57, 0x6f, 0x72, 0x6c, 0x64, 0x20, 0x41, 0x49, 0x52, 0x43, 0x52, 0x41,
  0x46, 0x54, 0x20, 0x53, 0x65, 0x6e, 0x74, 0x69, 0x6e, 0x65, 0x6c, 0x00, 0x4d, 0x78, 0x72, 0x20,
  0x4d, 0x58, 0x2d, 0x32, 0x00, 0x41, 0x65, 0x72, 0x6f, 0x74, 0x65, 0x63, 0x20, 0x4d, 0x58, 0x50,
  0x2d, 0x38, 0x30, 0x30, 0x20, 0x46, 0x61, 0x6e, 0x74, 0x61, 0x73, 0x79, 0x00, 0x4d, 0x78, 0x72,
  0x20, 0x4d, 0x58, 0x53, 0x00, 0x4d, 0x79, 0x6c, 0x69, 0x75, 0x73, 0x20, 0x4d, 0x59, 0x2d, 0x31,
  0x30, 0x32, 0x20, 0x54, 0x6f, 0x72, 0x6e, 0x61, 0x64, 0x6f, 0x00, 0x4d, 0x79, 0x6c, 0x69, 0x75,
  0x73, 0x20, 0x4d, 0x59, 0x2d, 0x31, 0x30, 0x33, 0x20, 0x4d, 0x69, 0x73, 0x74, 0x72, 0x61, 0x6c,
  0x00, 0x31, 0x31, 0x30, 0x31, 0x00, 0x4e, 0x6f, 0x72, 0x64, 0x20, 0x4e, 0x6f, 0x72, 0x65, 0x63,
  0x72, 0x69, 0x6e, 0x00, 0x44, 0x69, 0x72, 0x67, 0x61, 0x6e, 0x74, 0x61, 0x72, 0x61, 0x20, 0x49,
  0x4e, 0x44, 0x4f, 0x4e, 0x45, 0x53, 0x49, 0x41, 0x20, 0x4e, 0x2d, 0x32, 0x31, 0x39, 0x20, 0x4e,
  0x75, 0x72, 0x74, 0x61, 0x6e, 0x69, 0x6f, 0x00, 0x4e, 0x6f, 0x73, 0x74, 0x61, 0x6c, 0x67, 0x61,
  0x69, 0x72, 0x20, 0x4e, 0x2d, 0x33, 0x20, 0x53, 0x75, 0x70, 0x65, 0x72, 0x20, 0x50, 0x75, 0x70,
  0x00, 0x4e, 0x6f, 0x72, 0x64, 0x20, 0x33, 0x32, 0x30, 0x32, 0x00, 0x4e, 0x61, 0x76, 0x61, 0x6c,
  0x20, 0x41, 0x49, 0x52, 0x43, 0x52, 0x41, 0x46, 0x54, 0x20, 0x46, 0x41, 0x43, 0x54, 0x4f, 0x52,
  0x59, 0x20, 0x4e, 0x33, 0x4e, 0x00, 0x4e, 0x6f, 0x72, 0x74, 0x68, 0x20, 0x41, 0x4d, 0x45, 0x52,
  0x49, 0x43, 0x41, 0x4e, 0x20, 0x4e, 0x61, 0x76, 0x69, 0x6f, 0x6e, 0x00, 0x4e, 0x6f, 0x72, 0x64,
  0x20, 0x4e, 0x43, 0x2d, 0x38, 0x35, 0x38, 0x00, 0x4e, 0x64, 0x6e, 0x20, 0x54, 0x75, 0x72, 0x62,
  0x6f, 0x20, 0x46, 0x69, 0x72, 0x65, 0x63, 0x72, 0x61, 0x63, 0x6b, 0x65, 0x72, 0x00, 0x4e, 0x6f,
  0x72, 0x6d, 0x61, 0x6e, 0x64, 0x20, 0x44, 0x55, 0x42, 0x45, 0x20, 0x41, 0x65, 0x72, 0x6f, 0x63,
  0x72, 0x75, 0x69, 0x73, 0x65, 0x72, 0x00, 0x42, 0x72, 0x6d, 0x20, 0x41, 0x45, 0x52, 0x4f, 0x20,
  0x4e, 0x47, 0x2d, 0x34, 0x00, 0x42, 0x72, 0x6d, 0x20, 0x41, 0x45, 0x52, 0x4f, 0x20, 0x4e, 0x47,
  0x2d, 0x35, 0x2f, 0x36, 0x20, 0x42, 0x72, 0x69, 0x73, 0x74, 0x65, 0x6c, 0x6c, 0x00, 0x4e, 0x68,
  0x69, 0x20, 0x4e, 0x48, 0x2d, 0x39, 0x30, 0x00, 0x4e, 0x69, 0x65, 0x75, 0x70, 0x6f, 0x72, 0x74,
  0x20, 0x32, 0x38, 0x20, 0x52, 0x65, 0x70, 0x6c, 0x69, 0x63, 0x61, 0x00, 0x41, 0x76, 0x69, 0x61,
  0x6d, 0x69, 0x6c, 0x61, 0x6e, 0x6f, 0x20, 0x4e, 0x69, 0x62, 0x62, 0x69, 0x6f, 0x00, 0x41, 0x76,
  0x69, 0x6f, 0x6e, 0x73, 0x20, 0x46, 0x41, 0x49, 0x52, 0x45, 0x59, 0x20, 0x4e, 0x69, 0x70, 0x70,
  0x65, 0x72, 0x00, 0x42, 0x65, 0x73, 0x74, 0x20, 0x4f, 0x46, 0x46, 0x20, 0x4e, 0x79, 0x6e, 0x6a,
  0x61, 0x00, 0x47, 0x61, 0x66, 0x20, 0x4e, 0x32, 0x32, 0x2f, 0x32, 0x34, 0x20, 0x4e, 0x6f, 0x6d,
  0x61, 0x64, 0x00, 0x4e, 0x6f, 0x72, 0x64, 0x20, 0x4e, 0x6f, 0x72, 0x61, 0x74, 0x6c, 0x61, 0x73,
  0x00, 0x4e, 0x6f, 0x6f, 0x72, 0x64, 0x75, 0x79, 0x6e, 0x20, 0x4e, 0x6f, 0x72, 0x73, 0x65, 0x6d,
  0x61, 0x6e, 0x00, 0x52, 0x65, 0x64, 0x66, 0x65, 0x72, 0x6e, 0x20, 0x4e, 0x69, 0x65, 0x75, 0x70,
  0x6f, 0x72, 0x74, 0x20, 0x32, 0x34, 0x00, 0x43, 0x75, 0x73, 0x74, 0x6f, 0x6d, 0x20, 0x46, 0x4c,
  0x49, 0x47, 0x48, 0x54, 0x20, 0x4e, 0x6f, 0x72, 0x74, 0x68, 0x20, 0x53, 0x74, 0x61, 0x72, 0x00,
  0x54, 0x61, 0x70, 0x65, 0x72, 0x77, 0x69, 0x6e, 0x67, 0x20, 0x54, 0x2d, 0x31, 0x30, 0x00, 0x4e,
  0x78, 0x74, 0x00, 0x43, 0x65, 0x73, 0x73, 0x6e, 0x61, 0x20, 0x33, 0x30, 0x35, 0x2f, 0x33, 0x34,
  0x31, 0x20, 0x42, 0x69, 0x72, 0x64, 0x20, 0x44, 0x6f, 0x67, 0x00, 0x4c, 0x6f, 0x63, 0x6b, 0x68,
  0x65, 0x65, 0x64, 0x20, 0x59, 0x4f, 0x2d, 0x33, 0x00, 0x47, 0x6f, 0x67, 0x65, 0x74, 0x61, 0x69,
  0x72, 0x20, 0x4f, 0x6e, 0x65, 0x00, 0x53, 0x6f, 0x6e, 0x65, 0x78, 0x20, 0x4f, 0x6e, 0x65, 0x78,
  0x00, 0x42, 0x72, 0x6f, 0x6f, 0x6b, 0x6c, 0x61, 0x6e, 0x64, 0x73, 0x20, 0x4f, 0x41, 0x2d, 0x37,
  0x20, 0x4f, 0x70, 0x74, 0x69, 0x63, 0x61, 0x00, 0x50, 0x61, 0x72, 0x74, 0x65, 0x6e, 0x61, 0x76,
  0x69, 0x61, 0x20, 0x4f, 0x73, 0x63, 0x61, 0x72, 0x20, 0x43, 0x68, 0x61, 0x72, 0x6c, 0x69, 0x65,
  0x00, 0x54, 0x65, 0x63, 0x6e, 0x61, 0x6d, 0x20, 0x50, 0x2d, 0x32, 0x30, 0x30, 0x36, 0x54, 0x00,
  0x4b, 0x61, 0x77, 0x61, 0x73, 0x61, 0x6b, 0x69, 0x20, 0x50, 0x2d, 0x31, 0x00, 0x50, 0x2e, 0x31,
  0x33, 0x36, 0x2d, 0x6c, 0x31, 0x00, 0x50, 0x69, 0x61, 0x67, 0x67, 0x69, 0x6f, 0x20, 0x50, 0x2d,
  0x31, 0x34, 0x39, 0x00, 0x50, 0x69, 0x61, 0x67, 0x67, 0x69, 0x6f, 0x20, 0x50, 0x2d, 0x31, 0x38,
  0x30, 0x20, 0x41, 0x76, 0x61, 0x6e, 0x74, 0x69, 0x00, 0x41, 0x76, 0x69, 0x61, 0x6d, 0x69, 0x6c,
  0x61, 0x6e, 0x6f, 0x20, 0x53, 0x63, 0x72, 0x69, 0x63, 0x63, 0x69, 0x6f, 0x6c, 0x6f, 0x00, 0x4c,
  0x6f, 0x63, 0x6b, 0x68, 0x65, 0x65, 0x64, 0x20, 0x4e, 0x65, 0x70, 0x74, 0x75, 0x6e, 0x65, 0x00,
  0x54, 0x65, 0x63, 0x6e, 0x61, 0x6d, 0x20, 0x50, 0x2d, 0x32, 0x30, 0x30, 0x38, 0x00, 0x43, 0x65,
  0x73, 0x73, 0x6e, 0x61, 0x20, 0x50, 0x32, 0x31, 0x30, 0x20, 0x43, 0x65, 0x6e, 0x74, 0x75, 0x72,
  0x69, 0x6f, 0x6e, 0x00, 0x54, 0x65, 0x63, 0x6e, 0x61, 0x6d, 0x20, 0x50, 0x2d, 0x32, 0x30, 0x31,
  0x32, 0x20, 0x54, 0x72, 0x61, 0x76, 0x65, 0x6c, 0x6c, 0x65, 0x72, 0x00, 0x50, 0x6f, 0x74, 0x74,
  0x69, 0x65, 0x72, 0x20, 0x50, 0x2d, 0x32, 0x32, 0x30, 0x20, 0x4b, 0x6f, 0x61, 0x6c, 0x61, 0x00,
  0x50, 0x6f, 0x74, 0x74, 0x69, 0x65, 0x72, 0x20, 0x50, 0x2d, 0x32, 0x33, 0x30, 0x20, 0x50, 0x61,
  0x6e, 0x64, 0x61, 0x00, 0x50, 0x6f, 0x74, 0x74, 0x69, 0x65, 0x72, 0x20, 0x50, 0x2d, 0x32, 0x37,
  0x30, 0x20, 0x41, 0x6d, 0x73, 0x74, 0x65, 0x72, 0x00, 0x50, 0x69, 0x70, 0x65, 0x72, 0x20, 0x50,
  0x41, 0x2d, 0x32, 0x38, 0x2d, 0x31, 0x34, 0x30, 0x2f, 0x31, 0x35, 0x30, 0x2f, 0x31, 0x36, 0x30,
  0x2f, 0x31, 0x38, 0x30, 0x00, 0x50, 0x69, 0x70, 0x65, 0x72, 0x20, 0x50, 0x41, 0x2d, 0x32, 0x38,
  0x2d, 0x32, 0x30, 0x31, 0x54, 0x2f, 0x32, 0x33, 0x35, 0x2f, 0x32, 0x33, 0x36, 0x00, 0x50, 0x69,
  0x70, 0x65, 0x72, 0x20, 0x50, 0x41, 0x2d, 0x32, 0x38, 0x52, 0x2d, 0x31, 0x38, 0x30, 0x2f, 0x32,
  0x30, 0x30, 0x2f, 0x32, 0x30, 0x31, 0x00, 0x50, 0x69, 0x70, 0x65, 0x72, 0x20, 0x50, 0x41, 0x2d,
  0x32, 0x38, 0x52, 0x2d, 0x32, 0x30, 0x31, 0x54, 0x00, 0x50, 0x69, 0x70, 0x65, 0x72, 0x20, 0x50,
  0x41, 0x2d, 0x32, 0x38, 0x52, 0x54, 0x2d, 0x32, 0x30, 0x31, 0x00, 0x50, 0x69, 0x70, 0x65, 0x72,
  0x20, 0x50, 0x41, 0x2d, 0x32, 0x38, 0x52, 0x54, 0x2d, 0x32, 0x30, 0x31, 0x54, 0x20, 0x54, 0x75,
  0x72, 0x62, 0x6f, 0x00, 0x4c, 0x6f, 0x63, 0x6b, 0x68, 0x65, 0x65, 0x64, 0x20, 0x50, 0x2d, 0x33,
  0x20, 0x4f, 0x72, 0x69, 0x6f, 0x6e, 0x00, 0x50, 0x69, 0x70, 0x65, 0x72, 0x20, 0x50, 0x41, 0x2d,
  0x33, 0x32, 0x52, 0x2d, 0x33, 0x30, 0x30, 0x2f, 0x33, 0x30, 0x31, 0x2f, 0x33, 0x30, 0x31, 0x54,
  0x00, 0x50, 0x69, 0x70, 0x65, 0x72, 0x20, 0x50, 0x41, 0x2d, 0x33, 0x32, 0x52, 0x54, 0x2d, 0x33,
  0x30, 0x30, 0x2f, 0x33, 0x30, 0x30, 0x54, 0x00, 0x43, 0x65, 0x73, 0x73, 0x6e, 0x61, 0x20, 0x50,
  0x33, 0x33, 0x37, 0x20, 0x53, 0x6b, 0x79, 0x6d, 0x61, 0x73, 0x74, 0x65, 0x72, 0x00, 0x4c, 0x6f,
  0x63, 0x6b, 0x68, 0x65, 0x65, 0x64, 0x20, 0x50, 0x2d, 0x33, 0x38, 0x20, 0x4c, 0x69, 0x67, 0x68,
  0x74, 0x6e, 0x69, 0x6e, 0x67, 0x00, 0x42, 0x65, 0x6c, 0x6c, 0x20, 0x50, 0x2d, 0x33, 0x39, 0x20,
  0x41, 0x69, 0x72, 0x61, 0x63, 0x6f, 0x62, 0x72, 0x61, 0x00, 0x43, 0x75, 0x72, 0x74, 0x69, 0x73,
  0x73, 0x20, 0x50, 0x2d, 0x34, 0x30, 0x20, 0x4b, 0x69, 0x74, 0x74, 0x79, 0x68, 0x61, 0x77, 0x6b,
  0x00, 0x50, 0x69, 0x70, 0x65, 0x72, 0x20, 0x50, 0x41, 0x2d, 0x34, 0x36, 0x2d, 0x35, 0x30, 0x30,
  0x54, 0x50, 0x00, 0x52, 0x65, 0x70, 0x75, 0x62, 0x6c, 0x69, 0x63, 0x20, 0x46, 0x2d, 0x34, 0x37,
  0x20, 0x54, 0x68, 0x75, 0x6e, 0x64, 0x65, 0x72, 0x62, 0x6f, 0x6c, 0x74, 0x00, 0x43, 0x6f, 0x6e,
  0x76, 0x61, 0x69, 0x72, 0x20, 0x50, 0x34, 0x59, 0x20, 0x50, 0x72, 0x69, 0x76, 0x61, 0x74, 0x65,
  0x65, 0x72, 0x00, 0x50, 0x6f, 0x74, 0x74, 0x69, 0x65, 0x72, 0x20, 0x50, 0x2d, 0x35, 0x30, 0x20,
  0x42, 0x6f, 0x75, 0x76, 0x72, 0x65, 0x75, 0x69, 0x6c, 0x00, 0x4e, 0x6f, 0x72, 0x74, 0x68, 0x20,
  0x41, 0x4d, 0x45, 0x52, 0x49, 0x43, 0x41, 0x4e, 0x20, 0x50, 0x2d, 0x35, 0x31, 0x20, 0x4d, 0x75,
  0x73, 0x74, 0x61, 0x6e, 0x67, 0x00, 0x50, 0x2d, 0x36, 0x31, 0x00, 0x42, 0x65, 0x6c, 0x6c, 0x20,
  0x50, 0x2d, 0x36, 0x33, 0x20, 0x4b, 0x69, 0x6e, 0x67, 0x63, 0x6f, 0x62, 0x72, 0x61, 0x00, 0x50,
  0x69, 0x61, 0x67, 0x67, 0x69, 0x6f, 0x20, 0x50, 0x2d, 0x31, 0x36, 0x36, 0x00, 0x50, 0x69, 0x61,
  0x67, 0x67, 0x69, 0x6f, 0x20, 0x50, 0x2d, 0x31, 0x36, 0x36, 0x44, 0x50, 0x31, 0x00, 0x50, 0x61,
  0x72, 0x74, 0x65, 0x6e, 0x61, 0x76, 0x69, 0x61, 0x20, 0x50, 0x2d, 0x36, 0x38, 0x20, 0x4f, 0x62,
  0x73, 0x65, 0x72, 0x76, 0x65, 0x72, 0x00, 0x50, 0x61, 0x72, 0x74, 0x65, 0x6e, 0x61, 0x76, 0x69,
  0x61, 0x20, 0x41, 0x50, 0x2d, 0x36, 0x38, 0x20, 0x53, 0x70, 0x61, 0x72, 0x74, 0x61, 0x63, 0x75,
  0x73, 0x00, 0x50, 0x61, 0x63, 0x69, 0x66, 0x69, 0x63, 0x20, 0x41, 0x45, 0x52, 0x4f, 0x53, 0x50,
  0x41, 0x43, 0x45, 0x20, 0x50, 0x2d, 0x37, 0x35, 0x30, 0x20, 0x58, 0x53, 0x74, 0x6f, 0x6c, 0x00,
  0x42, 0x6f, 0x65, 0x69, 0x6e, 0x67, 0x20, 0x50, 0x2d, 0x38, 0x41, 0x20, 0x50, 0x6f, 0x73, 0x65,
  0x69, 0x64, 0x6f, 0x6e, 0x00, 0x50, 0x6f, 0x74, 0x74, 0x69, 0x65, 0x72, 0x20, 0x50, 0x2d, 0x38,
  0x30, 0x00, 0x4e, 0x6f, 0x72, 0x74, 0x68, 0x20, 0x41, 0x4d, 0x45, 0x52, 0x49, 0x43, 0x41, 0x4e,
  0x20, 0x50, 0x2d, 0x38, 0x32, 0x20, 0x54, 0x77, 0x69, 0x6e, 0x20, 0x4d, 0x75, 0x73, 0x74, 0x61,
  0x6e, 0x67, 0x00, 0x50, 0x69, 0x70, 0x65, 0x72, 0x20, 0x50, 0x41, 0x2d, 0x31, 0x31, 0x20, 0x43,
  0x75, 0x62, 0x20, 0x53, 0x70, 0x65, 0x63, 0x69, 0x61, 0x6c, 0x00, 0x50, 0x69, 0x70, 0x65, 0x72,
  0x20, 0x50, 0x41, 0x2d, 0x31, 0x32, 0x20, 0x53, 0x75, 0x70, 0x65, 0x72, 0x20, 0x43, 0x72, 0x75,
  0x69, 0x73, 0x65, 0x72, 0x00, 0x50, 0x69, 0x70, 0x65, 0x72, 0x20, 0x50, 0x41, 0x2d, 0x31, 0x34,
  0x20, 0x46, 0x61, 0x6d, 0x69, 0x6c, 0x79, 0x20, 0x43, 0x72, 0x75, 0x69, 0x73, 0x65, 0x72, 0x00,
  0x50, 0x69, 0x70, 0x65, 0x72, 0x20, 0x50, 0x41, 0x2d, 0x31, 0x35, 0x20, 0x56, 0x61, 0x67, 0x61,
  0x62, 0x6f, 0x6e, 0x64, 0x00, 0x50, 0x69, 0x70, 0x65, 0x72, 0x20, 0x50, 0x41, 0x2d, 0x31, 0x36,
  0x20, 0x43, 0x6c, 0x69, 0x70, 0x70, 0x65, 0x72, 0x00, 0x50, 0x69, 0x70, 0x65, 0x72, 0x20, 0x50,
  0x41, 0x2d, 0x31, 0x37, 0x20, 0x56, 0x61, 0x67, 0x61, 0x62, 0x6f, 0x6e, 0x64, 0x20, 0x54, 0x72,
  0x61, 0x69, 0x6e, 0x65, 0x72, 0x00, 0x50, 0x69, 0x70, 0x65, 0x72, 0x20, 0x50, 0x41, 0x2d, 0x31,
  0x38, 0x20, 0x53, 0x75, 0x70, 0x65, 0x72, 0x20, 0x43, 0x75, 0x62, 0x00, 0x50, 0x69, 0x70, 0x65,
  0x72, 0x20, 0x50, 0x41, 0x2d, 0x32, 0x30, 0x20, 0x50, 0x61, 0x63, 0x65, 0x72, 0x00, 0x50, 0x69,
  0x70, 0x65, 0x72, 0x20, 0x50, 0x41, 0x2d, 0x32, 0x32, 0x00, 0x50, 0x69, 0x70, 0x65, 0x72, 0x20,
  0x50, 0x41, 0x2d, 0x32, 0x33, 0x00, 0x50, 0x69, 0x70, 0x65, 0x72, 0x20, 0x50, 0x41, 0x2d, 0x32,
  0x34, 0x20, 0x43, 0x6f, 0x6d, 0x61, 0x6e, 0x63, 0x68, 0x65, 0x00, 0x50, 0x69, 0x70, 0x65, 0x72,
  0x20, 0x50, 0x41, 0x2d, 0x32, 0x35, 0x20, 0x50, 0x61, 0x77, 0x6e, 0x65, 0x65, 0x00, 0x50, 0x69,
  0x70, 0x65, 0x72, 0x20, 0x50, 0x41, 0x2d, 0x32, 0x33, 0x2d, 0x32, 0x35, 0x30, 0x20, 0x41, 0x7a,
  0x74, 0x65, 0x63, 0x00, 0x50, 0x69, 0x70, 0x65, 0x72, 0x20, 0x50, 0x41, 0x2d, 0x33, 0x30, 0x20,
  0x54, 0x77, 0x69, 0x6e, 0x20, 0x43, 0x6f, 0x6d, 0x61, 0x6e, 0x63, 0x68, 0x65, 0x00, 0x50, 0x69,
  0x70, 0x65, 0x72, 0x20, 0x50, 0x41, 0x2d, 0x33, 0x31, 0x2d, 0x33, 0x30, 0x30, 0x2f, 0x33, 0x31,
  0x30, 0x2f, 0x33, 0x32, 0x35, 0x2f, 0x33, 0x35, 0x30, 0x2f, 0x34, 0x32, 0x35, 0x00, 0x50, 0x69,
  0x70, 0x65, 0x72, 0x20, 0x50, 0x41, 0x2d, 0x33, 0x32, 0x00, 0x50, 0x69, 0x70, 0x65, 0x72, 0x20,
  0x50, 0x41, 0x2d, 0x33, 0x34, 0x20, 0x53, 0x65, 0x6e, 0x65, 0x63, 0x61, 0x00, 0x50, 0x69, 0x70,
  0x65, 0x72, 0x20, 0x50, 0x41, 0x2d, 0x33, 0x36, 0x20, 0x50, 0x61, 0x77, 0x6e, 0x65, 0x65, 0x20,
  0x42, 0x72, 0x61, 0x76, 0x65, 0x00, 0x50, 0x69, 0x70, 0x65, 0x72, 0x20, 0x50, 0x41, 0x2d, 0x33,
  0x38, 0x20, 0x54, 0x6f, 0x6d, 0x61, 0x68, 0x61, 0x77, 0x6b, 0x00, 0x50, 0x69, 0x70, 0x65, 0x72,
  0x20, 0x50, 0x41, 0x2d, 0x34, 0x34, 0x20, 0x53, 0x65, 0x6d, 0x69, 0x6e, 0x6f, 0x6c, 0x65, 0x00,
  0x50, 0x69, 0x70, 0x65, 0x72, 0x20, 0x50, 0x41, 0x2d, 0x34, 0x36, 0x2d, 0x33, 0x31, 0x30, 0x2f,
  0x33, 0x35, 0x30, 0x00, 0x42, 0x65, 0x6c, 0x6c, 0x61, 0x6e, 0x63, 0x61, 0x20, 0x53, 0x6b, 0x79,
  0x72, 0x6f, 0x63, 0x6b, 0x65, 0x74, 0x00, 0x50, 0x61, 0x72, 0x61, 0x64, 0x69, 0x73, 0x65, 0x20,
  0x50, 0x2d, 0x31, 0x20, 0x53, 0x4c, 0x53, 0x41, 0x20, 0x4c, 0x57, 0x00, 0x50, 0x65, 0x67, 0x61,
  0x73, 0x75, 0x73, 0x00, 0x50, 0x69, 0x70, 0x65, 0x72, 0x20, 0x50, 0x41, 0x2d, 0x33, 0x31, 0x54,
  0x33, 0x2d, 0x35, 0x30, 0x30, 0x00, 0x50, 0x69, 0x70, 0x65, 0x72, 0x20, 0x50, 0x41, 0x2d, 0x33,
  0x31, 0x54, 0x31, 0x2d, 0x35, 0x30, 0x30, 0x20, 0x43, 0x68, 0x65, 0x79, 0x65, 0x6e, 0x6e, 0x65,
  0x20, 0x31, 0x00, 0x50, 0x69, 0x70, 0x65, 0x72, 0x20, 0x50, 0x41, 0x2d, 0x33, 0x31, 0x54, 0x32,
  0x2d, 0x36, 0x32, 0x30, 0x20, 0x43, 0x68, 0x65, 0x79, 0x65, 0x6e, 0x6e, 0x65, 0x20, 0x32, 0x00,
  0x50, 0x69, 0x70, 0x65, 0x72, 0x20, 0x50, 0x41, 0x2d, 0x34, 0x32, 0x2d, 0x37, 0x32, 0x30, 0x20,
  0x43, 0x68, 0x65, 0x79, 0x65, 0x6e, 0x6e, 0x65, 0x20, 0x33, 0x00, 0x50, 0x69, 0x70, 0x65, 0x72,
  0x20, 0x50, 0x41, 0x2d, 0x34, 0x32, 0x2d, 0x31, 0x30, 0x30, 0x30, 0x20, 0x43, 0x68, 0x65, 0x79,
  0x65, 0x6e, 0x6e, 0x65, 0x20, 0x34, 0x30, 0x30, 0x00, 0x50, 0x69, 0x6c, 0x61, 0x74, 0x75, 0x73,
  0x20, 0x50, 0x43, 0x2d, 0x31, 0x32, 0x00, 0x50, 0x69, 0x6c, 0x61, 0x74, 0x75, 0x73, 0x20, 0x50,
  0x43, 0x2d, 0x32, 0x31, 0x00, 0x50, 0x69, 0x6c, 0x61, 0x74, 0x75, 0x73, 0x20, 0x50, 0x43, 0x2d,
  0x32, 0x34, 0x00, 0x50, 0x69, 0x6c, 0x61, 0x74, 0x75, 0x73, 0x20, 0x50, 0x43, 0x2d, 0x36, 0x20,
  0x50, 0x6f, 0x72, 0x74, 0x65, 0x72, 0x00, 0x50, 0x69, 0x6c, 0x61, 0x74, 0x75, 0x73, 0x20, 0x50,
  0x43, 0x2d, 0x36, 0x20, 0x54, 0x75, 0x72, 0x62, 0x6f, 0x2d, 0x50, 0x6f, 0x72, 0x74, 0x65, 0x72,
  0x00, 0x50, 0x69, 0x6c, 0x61, 0x74, 0x75, 0x73, 0x20, 0x50, 0x43, 0x2d, 0x37, 0x20, 0x41, 0x73,
  0x74, 0x72, 0x61, 0x00, 0x50, 0x69, 0x6c, 0x61, 0x74, 0x75, 0x73, 0x20, 0x50, 0x43, 0x2d, 0x39,
  0x20, 0x48, 0x75, 0x64, 0x6f, 0x75, 0x72, 0x6e, 0x69, 0x6b, 0x00, 0x50, 0x65, 0x67, 0x61, 0x73,
  0x65, 0x20, 0x41, 0x45, 0x52, 0x4f, 0x20, 0x50, 0x65, 0x67, 0x61, 0x7a, 0x61, 0x69, 0x72, 0x00,
  0x46, 0x6c, 0x79, 0x65, 0x72, 0x20, 0x50, 0x65, 0x6c, 0x69, 0x63, 0x61, 0x6e, 0x00, 0x48, 0x75,
  0x6e, 0x74, 0x69, 0x6e, 0x67, 0x20, 0x50, 0x2d, 0x36, 0x36, 0x20, 0x50, 0x65, 0x6d, 0x62, 0x72,
  0x6f, 0x6b, 0x65, 0x00, 0x45, 0x64, 0x72, 0x61, 0x20, 0x53, 0x75, 0x70, 0x65, 0x72, 0x20, 0x50,
  0x65, 0x74, 0x72, 0x65, 0x6c, 0x00, 0x50, 0x69, 0x70, 0x69, 0x73, 0x74, 0x72, 0x65, 0x6c, 0x20,
  0x41, 0x6c, 0x70, 0x68, 0x61, 0x20, 0x45, 0x6c, 0x65, 0x63, 0x74, 0x72, 0x6f, 0x00, 0x50, 0x69,
  0x70, 0x69, 0x73, 0x74, 0x72, 0x65, 0x6c, 0x20, 0x41, 0x6c, 0x70, 0x68, 0x61, 0x20, 0x54, 0x72,
  0x61, 0x69, 0x6e, 0x65, 0x72, 0x00, 0x47, 0x65, 0x6e, 0x65, 0x72, 0x61, 0x6c, 0x20, 0x41, 0x56,
  0x49, 0x41, 0x20, 0x46, 0x2d, 0x31, 0x35, 0x20, 0x50, 0x69, 0x63, 0x63, 0x68, 0x69, 0x6f, 0x00,
  0x47, 0x65, 0x6e, 0x65, 0x72, 0x61, 0x6c, 0x20, 0x41, 0x56, 0x49, 0x41, 0x20, 0x46, 0x2d, 0x32,
  0x32, 0x20, 0x50, 0x69, 0x6e, 0x67, 0x75, 0x69, 0x6e, 0x6f, 0x00, 0x45, 0x6a, 0x2d, 0x31, 0x00,
  0x50, 0x69, 0x70, 0x73, 0x74, 0x72, 0x65, 0x6c, 0x20, 0x50, 0x61, 0x6e, 0x74, 0x68, 0x65, 0x72,
  0x61, 0x00, 0x50, 0x69, 0x70, 0x73, 0x74, 0x72, 0x65, 0x6c, 0x20, 0x53, 0x69, 0x6e, 0x75, 0x73,
  0x00, 0x50, 0x69, 0x70, 0x73, 0x74, 0x72, 0x65, 0x6c, 0x20, 0x56, 0x65, 0x6c, 0x69, 0x73, 0x20,
  0x45, 0x6c, 0x65, 0x63, 0x74, 0x72, 0x6f, 0x00, 0x50, 0x69, 0x70, 0x73, 0x74, 0x72, 0x65, 0x6c,
  0x20, 0x56, 0x69, 0x72, 0x75, 0x73, 0x00, 0x50, 0x69, 0x6b, 0x20, 0x31, 0x35, 0x20, 0x48, 0x69,
  0x6e, 0x75, 0x00, 0x50, 0x69, 0x6b, 0x20, 0x32, 0x33, 0x20, 0x54, 0x6f, 0x77, 0x6d, 0x61, 0x73,
  0x74, 0x65, 0x72, 0x00, 0x50, 0x69, 0x6b, 0x20, 0x32, 0x35, 0x20, 0x56, 0x61, 0x72, 0x74, 0x74,
  0x69, 0x6d, 0x61, 0x72, 0x6b, 0x6b, 0x61, 0x00, 0x55, 0x65, 0x74, 0x7a, 0x20, 0x50, 0x65, 0x6c,
  0x69, 0x6b, 0x61, 0x6e, 0x00, 0x50, 0x61, 0x7a, 0x6d, 0x61, 0x6e, 0x79, 0x20, 0x4c, 0x61, 0x6d,
  0x69, 0x6e, 0x61, 0x72, 0x00, 0x46, 0x6c, 0x69, 0x67, 0x68, 0x74, 0x20, 0x45, 0x4e, 0x47, 0x49,
  0x4e, 0x45, 0x45, 0x52, 0x53, 0x20, 0x50, 0x4c, 0x2d, 0x31, 0x32, 0x20, 0x41, 0x69, 0x72, 0x74,
  0x72, 0x75, 0x6b, 0x00, 0x50, 0x61, 0x7a, 0x6d, 0x61, 0x6e, 0x79, 0x20, 0x50, 0x4c, 0x2d, 0x32,
  0x00, 0x50, 0x61, 0x7a, 0x6d, 0x61, 0x6e, 0x79, 0x20, 0x50, 0x4c, 0x2d, 0x34, 0x00, 0x50, 0x61,
  0x7a, 0x6d, 0x61, 0x6e, 0x79, 0x20, 0x50, 0x4c, 0x2d, 0x39, 0x20, 0x53, 0x74, 0x6f, 0x72, 0x6b,
  0x00, 0x54, 0x61, 0x79, 0x6c, 0x6f, 0x72, 0x63, 0x72, 0x61, 0x66, 0x74, 0x20, 0x50, 0x6c, 0x75,
  0x73, 0x00, 0x41, 0x6c, 0x70, 0x69, 0x20, 0x50, 0x69, 0x6f, 0x6e, 0x65, 0x65, 0x72, 0x20, 0x32,
  0x30, 0x30, 0x00, 0x41, 0x6c, 0x70, 0x69, 0x20, 0x50, 0x69, 0x6f, 0x6e, 0x65, 0x65, 0x72, 0x20,
  0x33, 0x33, 0x30, 0x00, 0x41, 0x6c, 0x70, 0x69, 0x20, 0x50, 0x69, 0x6f, 0x6e, 0x65, 0x65, 0x72,
  0x20, 0x34, 0x30, 0x30, 0x00, 0x53, 0x70, 0x6f, 0x72, 0x74, 0x20, 0x50, 0x45, 0x52, 0x46, 0x4f,
  0x52, 0x4d, 0x41, 0x4e, 0x43, 0x45, 0x20, 0x50, 0x61, 0x6e, 0x74, 0x68, 0x65, 0x72, 0x00, 0x50,
  0x6f, 0x6c, 0x69, 0x6b, 0x61, 0x72, 0x70, 0x6f, 0x76, 0x20, 0x50, 0x6f, 0x2d, 0x32, 0x00, 0x41,
  0x6c, 0x76, 0x61, 0x72, 0x65, 0x7a, 0x20, 0x50, 0x6f, 0x6c, 0x6c, 0x69, 0x77, 0x61, 0x67, 0x65,
  0x6e, 0x00, 0x50, 0x69, 0x6c, 0x61, 0x74, 0x75, 0x73, 0x20, 0x50, 0x2d, 0x32, 0x00, 0x50, 0x69,
  0x6c, 0x61, 0x74, 0x75, 0x73, 0x20, 0x50, 0x2d, 0x33, 0x00, 0x48, 0x75, 0x6e, 0x74, 0x69, 0x6e,
  0x67, 0x20, 0x50, 0x2d, 0x35, 0x36, 0x20, 0x50, 0x72, 0x6f, 0x76, 0x6f, 0x73, 0x74, 0x00, 0x50,
  0x65, 0x72, 0x63, 0x69, 0x76, 0x61, 0x6c, 0x20, 0x50, 0x72, 0x65, 0x6e, 0x74, 0x69, 0x63, 0x65,
  0x00, 0x42, 0x6c, 0x61, 0x63, 0x6b, 0x73, 0x68, 0x61, 0x70, 0x65, 0x20, 0x50, 0x72, 0x69, 0x6d,
  0x65, 0x00, 0x52, 0x61, 0x79, 0x74, 0x68, 0x65, 0x6f, 0x6e, 0x20, 0x33, 0x39, 0x30, 0x20, 0x50,
  0x72, 0x65, 0x6d, 0x69, 0x65, 0x72, 0x20, 0x31, 0x00, 0x50, 0x65, 0x72, 0x63, 0x69, 0x76, 0x61,
  0x6c, 0x20, 0x50, 0x72, 0x6f, 0x63, 0x74, 0x6f, 0x72, 0x00, 0x53, 0x63, 0x61, 0x6c, 0x65, 0x64,
  0x20, 0x50, 0x72, 0x6f, 0x74, 0x65, 0x75, 0x73, 0x00, 0x50, 0x6f, 0x64, 0x65, 0x73, 0x76, 0x61,
  0x20, 0x53, 0x74, 0x65, 0x61, 0x72, 0x6d, 0x61, 0x6e, 0x00, 0x50, 0x7a, 0x6c, 0x2d, 0x73, 0x77,
  0x69, 0x64, 0x6e, 0x69, 0x6b, 0x20, 0x53, 0x57, 0x2d, 0x34, 0x20, 0x4d, 0x61, 0x6c, 0x75, 0x63,
  0x68, 0x00, 0x53, 0x74, 0x33, 0x6b, 0x72, 0x00, 0x50, 0x6f, 0x74, 0x74, 0x69, 0x65, 0x72, 0x20,
  0x50, 0x2d, 0x31, 0x38, 0x30, 0x00, 0x50, 0x69, 0x74, 0x74, 0x73, 0x20, 0x53, 0x2d, 0x31, 0x32,
  0x20, 0x53, 0x75, 0x70, 0x65, 0x72, 0x20, 0x53, 0x74, 0x69, 0x6e, 0x6b, 0x65, 0x72, 0x00, 0x50,
  0x69, 0x74, 0x74, 0x73, 0x20, 0x53, 0x2d, 0x31, 0x20, 0x53, 0x70, 0x65, 0x63, 0x69, 0x61, 0x6c,
  0x00, 0x50, 0x69, 0x74, 0x74, 0x73, 0x20, 0x53, 0x2d, 0x32, 0x20, 0x53, 0x70, 0x65, 0x63, 0x69,
  0x61, 0x6c, 0x00, 0x50, 0x69, 0x74, 0x74, 0x73, 0x20, 0x53, 0x2d, 0x31, 0x2d, 0x31, 0x31, 0x20,
  0x53, 0x75, 0x70, 0x65, 0x72, 0x20, 0x53, 0x74, 0x69, 0x6e, 0x6b, 0x65, 0x72, 0x00, 0x50, 0x26,
  0x6d, 0x20, 0x41, 0x56, 0x49, 0x41, 0x54, 0x49, 0x4f, 0x4e, 0x20, 0x50, 0x75, 0x6c, 0x73, 0x52,
  0x00, 0x50, 0x75, 0x6c, 0x73, 0x61, 0x72, 0x00, 0x41, 0x65, 0x72, 0x6f, 0x73, 0x70, 0x61, 0x74,
  0x69, 0x61, 0x6c, 0x65, 0x20, 0x53, 0x41, 0x2d, 0x33, 0x33, 0x30, 0x20, 0x50, 0x75, 0x6d, 0x61,
  0x00, 0x42, 0x65, 0x61, 0x67, 0x6c, 0x65, 0x20, 0x50, 0x75, 0x70, 0x00, 0x52, 0x61, 0x6e, 0x73,
  0x20, 0x53, 0x2d, 0x31, 0x31, 0x20, 0x50, 0x75, 0x72, 0x73, 0x75, 0x69, 0x74, 0x00, 0x50, 0x72,
  0x65, 0x73, 0x63, 0x6f, 0x74, 0x74, 0x20, 0x50, 0x75, 0x73, 0x68, 0x65, 0x72, 0x00, 0x50, 0x72,
  0x69, 0x76, 0x61, 0x74, 0x65, 0x65, 0x72, 0x20, 0x50, 0x72, 0x69, 0x76, 0x61, 0x74, 0x65, 0x65,
  0x72, 0x00, 0x50, 0x7a, 0x6c, 0x2d, 0x6f, 0x6b, 0x65, 0x63, 0x69, 0x65, 0x20, 0x50, 0x5a, 0x4c,
  0x2d, 0x31, 0x30, 0x31, 0x20, 0x47, 0x61, 0x77, 0x72, 0x6f, 0x6e, 0x00, 0x50, 0x7a, 0x6c, 0x2d,
  0x6f, 0x6b, 0x65, 0x63, 0x69, 0x65, 0x20, 0x50, 0x5a, 0x4c, 0x2d, 0x31, 0x30, 0x32, 0x20, 0x4b,
  0x6f, 0x73, 0x00, 0x50, 0x7a, 0x6c, 0x2d, 0x6f, 0x6b, 0x65, 0x63, 0x69, 0x65, 0x20, 0x50, 0x5a,
  0x4c, 0x2d, 0x31, 0x30, 0x34, 0x20, 0x57, 0x69, 0x6c, 0x67, 0x61, 0x00, 0x50, 0x7a, 0x6c, 0x2d,
  0x6f, 0x6b, 0x65, 0x63, 0x69, 0x65, 0x20, 0x50, 0x5a, 0x4c, 0x2d, 0x31, 0x30, 0x36, 0x20, 0x4b,
  0x72, 0x75, 0x6b, 0x00, 0x50, 0x7a, 0x6c, 0x2d, 0x6f, 0x6b, 0x65, 0x63, 0x69, 0x65, 0x20, 0x50,
  0x5a, 0x4c, 0x2d, 0x31, 0x33, 0x30, 0x20, 0x4f, 0x72, 0x6c, 0x69, 0x6b, 0x00, 0x50, 0x7a, 0x6c,
  0x2d, 0x6f, 0x6b, 0x65, 0x63, 0x69, 0x65, 0x20, 0x50, 0x5a, 0x4c, 0x2d, 0x31, 0x30, 0x34, 0x4d,
  0x20, 0x57, 0x69, 0x6c, 0x67, 0x61, 0x20, 0x32, 0x30, 0x30, 0x30, 0x00, 0x47, 0x65, 0x6e, 0x65,
  0x72, 0x61, 0x6c, 0x20, 0x41, 0x54, 0x4f, 0x4d, 0x49, 0x43, 0x53, 0x20, 0x52, 0x51, 0x2d, 0x31,
  0x20, 0x50, 0x72, 0x65, 0x64, 0x61, 0x74, 0x6f, 0x72, 0x00, 0x51, 0x32, 0x35, 0x00, 0x4e, 0x6f,
  0x72, 0x74, 0x68, 0x72, 0x6f, 0x70, 0x20, 0x47, 0x52, 0x55, 0x4d, 0x4d, 0x41, 0x4e, 0x20, 0x52,
  0x51, 0x2d, 0x34, 0x20, 0x47, 0x6c, 0x6f, 0x62, 0x61, 0x6c, 0x20, 0x48, 0x61, 0x77, 0x6b, 0x00,
  0x47, 0x65, 0x6e, 0x65, 0x72, 0x61, 0x6c, 0x20, 0x41, 0x54, 0x4f, 0x4d, 0x49, 0x43, 0x53, 0x20,
  0x4d, 0x51, 0x2d, 0x39, 0x20, 0x52, 0x65, 0x61, 0x70, 0x65, 0x72, 0x00, 0x51, 0x75, 0x69, 0x63,
  0x6b, 0x69, 0x65, 0x20, 0x51, 0x32, 0x00, 0x51, 0x75, 0x65, 0x72, 0x63, 0x79, 0x20, 0x43, 0x51,
  0x52, 0x2d, 0x30, 0x31, 0x00, 0x51, 0x75, 0x61, 0x73, 0x61, 0x72, 0x20, 0x4c, 0x69, 0x74, 0x65,
  0x00, 0x51, 0x75, 0x69, 0x63, 0x6b, 0x69, 0x65, 0x00, 0x52, 0x6f, 0x62, 0x69, 0x6e, 0x20, 0x41,
  0x69, 0x67, 0x6c, 0x6f, 0x6e, 0x00, 0x4b, 0x69, 0x6d, 0x62, 0x61, 0x6c, 0x6c, 0x20, 0x52, 0x68,
  0x69, 0x6e, 0x6f, 0x00, 0x42, 0x6f, 0x65, 0x69, 0x6e, 0x67, 0x20, 0x52, 0x43, 0x2d, 0x31, 0x33,
  0x35, 0x57, 0x20, 0x52, 0x69, 0x76, 0x65, 0x74, 0x20, 0x4a, 0x6f, 0x69, 0x6e, 0x74, 0x00, 0x52,
  0x6f, 0x63, 0x6b, 0x65, 0x74, 0x20, 0x31, 0x38, 0x35, 0x00, 0x52, 0x6f, 0x62, 0x69, 0x6e, 0x20,
  0x41, 0x6c, 0x70, 0x68, 0x61, 0x00, 0x52, 0x6f, 0x62, 0x69, 0x6e, 0x73, 0x6f, 0x6e, 0x20, 0x52,
  0x2d, 0x32, 0x32, 0x20, 0x4d, 0x61, 0x72, 0x69, 0x6e, 0x65, 0x72, 0x00, 0x52, 0x6f, 0x62, 0x69,
  0x6e, 0x20, 0x52, 0x2d, 0x33, 0x30, 0x30, 0x30, 0x2f, 0x33, 0x31, 0x30, 0x30, 0x2f, 0x33, 0x31,
  0x32, 0x30, 0x2f, 0x33, 0x31, 0x34, 0x30, 0x00, 0x52, 0x6f, 0x62, 0x69, 0x6e, 0x73, 0x6f, 0x6e,
  0x20, 0x52, 0x2d, 0x34, 0x34, 0x20, 0x52, 0x61, 0x76, 0x65, 0x6e, 0x00, 0x52, 0x6f, 0x62, 0x69,
  0x6e, 0x73, 0x6f, 0x6e, 0x20, 0x52, 0x2d, 0x36, 0x36, 0x00, 0x52, 0x75, 0x73, 0x63, 0x68, 0x6d,
  0x65, 0x79, 0x65, 0x72, 0x20, 0x52, 0x2d, 0x39, 0x30, 0x2d, 0x32, 0x33, 0x30, 0x52, 0x47, 0x00,
  0x52, 0x6f, 0x74, 0x61, 0x72, 0x79, 0x20, 0x41, 0x49, 0x52, 0x20, 0x46, 0x4f, 0x52, 0x43, 0x45,
  0x20, 0x52, 0x41, 0x46, 0x2d, 0x32, 0x30, 0x30, 0x30, 0x00, 0x53, 0x6f, 0x63, 0x61, 0x74, 0x61,
  0x20, 0x52, 0x61, 0x6c, 0x6c, 0x79, 0x65, 0x00, 0x4e, 0x61, 0x76, 0x69, 0x6f, 0x6e, 0x20, 0x52,
  0x61, 0x6e, 0x67, 0x65, 0x6d, 0x61, 0x73, 0x74, 0x65, 0x72, 0x00, 0x50, 0x38, 0x35, 0x00, 0x52,
  0x61, 0x76, 0x69, 0x6e, 0x20, 0x35, 0x30, 0x30, 0x00, 0x4d, 0x75, 0x72, 0x70, 0x68, 0x79, 0x20,
  0x52, 0x65, 0x62, 0x65, 0x6c, 0x00, 0x52, 0x65, 0x70, 0x75, 0x62, 0x6c, 0x69, 0x63, 0x20, 0x52,
  0x43, 0x2d, 0x33, 0x20, 0x53, 0x65, 0x61, 0x62, 0x65, 0x65, 0x00, 0x52, 0x6f, 0x63, 0x6b, 0x77,
  0x65, 0x6c, 0x6c, 0x20, 0x43, 0x6f, 0x6d, 0x6d, 0x61, 0x6e, 0x64, 0x65, 0x72, 0x20, 0x37, 0x30,
  0x30, 0x2f, 0x37, 0x31, 0x30, 0x00, 0x53, 0x74, 0x69, 0x6e, 0x73, 0x6f, 0x6e, 0x20, 0x52, 0x65,
  0x6c, 0x69, 0x61, 0x6e, 0x74, 0x00, 0x52, 0x65, 0x6e, 0x65, 0x67, 0x61, 0x64, 0x65, 0x00, 0x46,
  0x6f, 0x75, 0x72, 0x6e, 0x69, 0x65, 0x72, 0x20, 0x52, 0x46, 0x2d, 0x31, 0x30, 0x00, 0x46, 0x6f,
  0x75, 0x72, 0x6e, 0x69, 0x65, 0x72, 0x20, 0x52, 0x46, 0x2d, 0x33, 0x00, 0x46, 0x6f, 0x75, 0x72,
  0x6e, 0x69, 0x65, 0x72, 0x20, 0x52, 0x46, 0x2d, 0x34, 0x00, 0x46, 0x6f, 0x75, 0x72, 0x6e, 0x69,
  0x65, 0x72, 0x20, 0x52, 0x46, 0x2d, 0x34, 0x37, 0x00, 0x46, 0x6f, 0x75, 0x72, 0x6e, 0x69, 0x65,
  0x72, 0x20, 0x52, 0x46, 0x2d, 0x35, 0x00, 0x46, 0x6f, 0x75, 0x72, 0x6e, 0x69, 0x65, 0x72, 0x20,
  0x52, 0x46, 0x2d, 0x36, 0x00, 0x44, 0x61, 0x73, 0x73, 0x61, 0x75, 0x6c, 0x74, 0x20, 0x52, 0x61,
  0x66, 0x61, 0x6c, 0x65, 0x00, 0x53, 0x77, 0x69, 0x73, 0x73, 0x20, 0x45, 0x58, 0x43, 0x45, 0x4c,
  0x4c, 0x45, 0x4e, 0x43, 0x45, 0x20, 0x52, 0x69, 0x73, 0x65, 0x6e, 0x00, 0x4a, 0x75, 0x6e, 0x71,
  0x75, 0x61, 0x20, 0x52, 0x4a, 0x2d, 0x30, 0x33, 0x20, 0x49, 0x62, 0x69, 0x73, 0x00, 0x41, 0x76,
  0x72, 0x6f, 0x20, 0x52, 0x4a, 0x2d, 0x31, 0x30, 0x30, 0x20, 0x41, 0x76, 0x72, 0x6f, 0x6c, 0x69,
  0x6e, 0x65, 0x72, 0x00, 0x41, 0x76, 0x72, 0x6f, 0x20, 0x52, 0x4a, 0x2d, 0x37, 0x30, 0x20, 0x41,
  0x76, 0x72, 0x6f, 0x6c, 0x69, 0x6e, 0x65, 0x72, 0x00, 0x41, 0x76, 0x72, 0x6f, 0x20, 0x52, 0x4a,
  0x2d, 0x38, 0x35, 0x20, 0x41, 0x76, 0x72, 0x6f, 0x6c, 0x69, 0x6e, 0x65, 0x72, 0x00, 0x52, 0x6c,
  0x75, 0x20, 0x53, 0x75, 0x70, 0x65, 0x72, 0x20, 0x42, 0x72, 0x65, 0x65, 0x7a, 0x79, 0x00, 0x44,
  0x61, 0x63, 0x20, 0x52, 0x61, 0x6e, 0x67, 0x65, 0x52, 0x00, 0x52, 0x69, 0x68, 0x6e, 0x20, 0x4f,
  0x6e, 0x65, 0x20, 0x44, 0x65, 0x73, 0x69, 0x67, 0x6e, 0x00, 0x4c, 0x6f, 0x6d, 0x62, 0x61, 0x72,
  0x64, 0x69, 0x20, 0x52, 0x6f, 0x6e, 0x64, 0x6f, 0x6e, 0x65, 0x00, 0x52, 0x61, 0x6e, 0x73, 0x20,
  0x53, 0x2d, 0x31, 0x32, 0x20, 0x53, 0x75, 0x70, 0x65, 0x72, 0x20, 0x41, 0x69, 0x72, 0x61, 0x69,
  0x6c, 0x65, 0x00, 0x53, 0x70, 0x6f, 0x72, 0x74, 0x61, 0x76, 0x69, 0x61, 0x2d, 0x70, 0x75, 0x74,
  0x7a, 0x65, 0x72, 0x20, 0x52, 0x53, 0x2d, 0x31, 0x38, 0x30, 0x20, 0x53, 0x70, 0x6f, 0x72, 0x74,
  0x73, 0x6d, 0x61, 0x6e, 0x00, 0x52, 0x61, 0x6e, 0x73, 0x20, 0x53, 0x2d, 0x32, 0x30, 0x20, 0x52,
  0x61, 0x76, 0x65, 0x6e, 0x00, 0x52, 0x61, 0x6e, 0x73, 0x20, 0x53, 0x2d, 0x32, 0x31, 0x20, 0x4f,
  0x75, 0x74, 0x62, 0x6f, 0x75, 0x6e, 0x64, 0x00, 0x56, 0x61, 0x6e, 0x73, 0x20, 0x52, 0x56, 0x2d,
  0x31, 0x30, 0x00, 0x56, 0x61, 0x6e, 0x73, 0x20, 0x52, 0x56, 0x2d, 0x31, 0x32, 0x00, 0x56, 0x61,
  0x6e, 0x73, 0x20, 0x52, 0x56, 0x2d, 0x31, 0x34, 0x00, 0x56, 0x61, 0x6e, 0x73, 0x20, 0x52, 0x56,
  0x2d, 0x31, 0x35, 0x00, 0x56, 0x61, 0x6e, 0x73, 0x20, 0x52, 0x56, 0x2d, 0x33, 0x00, 0x56, 0x61,
  0x6e, 0x73, 0x20, 0x52, 0x56, 0x2d, 0x34, 0x00, 0x56, 0x61, 0x6e, 0x73, 0x20, 0x52, 0x56, 0x2d,
  0x34, 0x54, 0x00, 0x56, 0x61, 0x6e, 0x73, 0x20, 0x52, 0x56, 0x2d, 0x36, 0x00, 0x56, 0x61, 0x6e,
  0x73, 0x20, 0x52, 0x56, 0x2d, 0x37, 0x00, 0x56, 0x61, 0x6e, 0x73, 0x20, 0x52, 0x56, 0x2d, 0x38,
  0x00, 0x56, 0x61, 0x6e, 0x73, 0x20, 0x52, 0x56, 0x2d, 0x39, 0x00, 0x52, 0x61, 0x67, 0x77, 0x69,
  0x6e, 0x67, 0x20, 0x52, 0x57, 0x2d, 0x32, 0x36, 0x20, 0x53, 0x70, 0x65, 0x63, 0x69, 0x61, 0x6c,
  0x20, 0x32, 0x00, 0x53, 0x74, 0x2d, 0x61, 0x00, 0x53, 0x69, 0x61, 0x69, 0x2d, 0x6d, 0x61, 0x72,
  0x63, 0x68, 0x65, 0x74, 0x74, 0x69, 0x20, 0x53, 0x2d, 0x32, 0x30, 0x35, 0x2d, 0x32, 0x30, 0x46,
  0x00, 0x53, 0x69, 0x61, 0x69, 0x2d, 0x6d, 0x61, 0x72, 0x63, 0x68, 0x65, 0x74, 0x74, 0x69, 0x20,
  0x53, 0x2d, 0x32, 0x30, 0x35, 0x2d, 0x32, 0x32, 0x52, 0x00, 0x49, 0x6e, 0x74, 0x65, 0x72, 0x73,
  0x74, 0x61, 0x74, 0x65, 0x20, 0x53, 0x2d, 0x31, 0x20, 0x43, 0x61, 0x64, 0x65, 0x74, 0x00, 0x53,
  0x74, 0x69, 0x6e, 0x73, 0x6f, 0x6e, 0x20, 0x31, 0x30, 0x20, 0x56, 0x6f, 0x79, 0x61, 0x67, 0x65,
  0x72, 0x00, 0x53, 0x74, 0x69, 0x6e, 0x73, 0x6f, 0x6e, 0x20, 0x31, 0x30, 0x38, 0x20, 0x56, 0x6f,
  0x79, 0x61, 0x67, 0x65, 0x72, 0x00, 0x46, 0x6f, 0x6b, 0x6b, 0x65, 0x72, 0x20, 0x53, 0x2d, 0x31,
  0x31, 0x20, 0x49, 0x6e, 0x73, 0x74, 0x72, 0x75, 0x63, 0x74, 0x6f, 0x72, 0x00, 0x53, 0x70, 0x65,
  0x6e, 0x63, 0x65, 0x72, 0x20, 0x53, 0x2d, 0x31, 0x32, 0x20, 0x41, 0x69, 0x72, 0x20, 0x43, 0x61,
  0x72, 0x00, 0x53, 0x74, 0x65, 0x6d, 0x6d, 0x65, 0x20, 0x53, 0x20, 0x31, 0x32, 0x00, 0x53, 0x74,
  0x65, 0x6d, 0x6d, 0x65, 0x20, 0x53, 0x2d, 0x31, 0x35, 0x00, 0x53, 0x61, 0x66, 0x72, 0x61, 0x6e,
  0x20, 0x53, 0x2d, 0x31, 0x35, 0x20, 0x50, 0x61, 0x74, 0x72, 0x6f, 0x6c, 0x6c, 0x65, 0x72, 0x00,
  0x53, 0x69, 0x70, 0x61, 0x20, 0x53, 0x2d, 0x32, 0x30, 0x30, 0x20, 0x4d, 0x69, 0x6e, 0x69, 0x6a,
  0x65, 0x74, 0x00, 0x53, 0x69, 0x61, 0x69, 0x2d, 0x6d, 0x61, 0x72, 0x63, 0x68, 0x65, 0x74, 0x74,
  0x69, 0x20, 0x53, 0x2d, 0x32, 0x30, 0x38, 0x00, 0x53, 0x69, 0x61, 0x69, 0x2d, 0x6d, 0x61, 0x72,
  0x63, 0x68, 0x65, 0x74, 0x74, 0x69, 0x20, 0x53, 0x2d, 0x32, 0x31, 0x31, 0x00, 0x4d, 0x62, 0x62,
  0x20, 0x32, 0x32, 0x33, 0x20, 0x46, 0x6c, 0x61, 0x6d, 0x69, 0x6e, 0x67, 0x6f, 0x00, 0x43, 0x69,
  0x72, 0x72, 0x75, 0x73, 0x20, 0x53, 0x52, 0x2d, 0x32, 0x32, 0x54, 0x20, 0x54, 0x75, 0x72, 0x62,
  0x6f, 0x00, 0x47, 0x72, 0x75, 0x6d, 0x6d, 0x61, 0x6e, 0x20, 0x53, 0x2d, 0x32, 0x20, 0x54, 0x72,
  0x61, 0x63, 0x6b, 0x65, 0x72, 0x00, 0x47, 0x72, 0x75, 0x6d, 0x6d, 0x61, 0x6e, 0x20, 0x53, 0x2d,
  0x32, 0x20, 0x54, 0x75, 0x72, 0x62, 0x6f, 0x20, 0x54, 0x72, 0x61, 0x63, 0x6b, 0x65, 0x72, 0x00,
  0x53, 0x63, 0x68, 0x77, 0x65, 0x69, 0x7a, 0x65, 0x72, 0x20, 0x33, 0x33, 0x30, 0x2f, 0x33, 0x33,
  0x33, 0x00, 0x53, 0x63, 0x61, 0x6c, 0x65, 0x64, 0x20, 0x46, 0x69, 0x72, 0x65, 0x62, 0x69, 0x72,
  0x64, 0x00, 0x53, 0x2d, 0x33, 0x38, 0x62, 0x00, 0x53, 0x69, 0x6b, 0x6f, 0x72, 0x73, 0x6b, 0x79,
  0x20, 0x53, 0x2d, 0x33, 0x39, 0x00, 0x34, 0x30, 0x31, 0x00, 0x41, 0x65, 0x72, 0x6f, 0x2d, 0x65,
  0x61, 0x73, 0x74, 0x2d, 0x65, 0x75, 0x72, 0x6f, 0x70, 0x65, 0x20, 0x53, 0x49, 0x4c, 0x41, 0x2d,
  0x34, 0x35, 0x30, 0x00, 0x53, 0x69, 0x6b, 0x6f, 0x72, 0x73, 0x6b, 0x79, 0x20, 0x53, 0x2d, 0x35,
  0x31, 0x00, 0x53, 0x74, 0x65, 0x77, 0x61, 0x72, 0x64, 0x20, 0x53, 0x2d, 0x35, 0x31, 0x44, 0x00,
  0x53, 0x69, 0x6b, 0x6f, 0x72, 0x73, 0x6b, 0x79, 0x20, 0x53, 0x2d, 0x35, 0x32, 0x00, 0x53, 0x69,
  0x6b, 0x6f, 0x72, 0x73, 0x6b, 0x79, 0x20, 0x53, 0x2d, 0x35, 0x35, 0x20, 0x43, 0x68, 0x69, 0x63,
  0x6b, 0x61, 0x73, 0x61, 0x77, 0x00, 0x53, 0x69, 0x6b, 0x6f, 0x72, 0x73, 0x6b, 0x79, 0x20, 0x53,
  0x2d, 0x35, 0x38, 0x00, 0x53, 0x69, 0x6b, 0x6f, 0x72, 0x73, 0x6b, 0x79, 0x20, 0x53, 0x2d, 0x35,
  0x38, 0x54, 0x00, 0x53, 0x74, 0x65, 0x6d, 0x6d, 0x65, 0x20, 0x53, 0x2d, 0x36, 0x00, 0x53, 0x69,
  0x6b, 0x6f, 0x72, 0x73, 0x6b, 0x79, 0x20, 0x53, 0x2d, 0x36, 0x31, 0x20, 0x53, 0x65, 0x61, 0x20,
  0x4b, 0x69, 0x6e, 0x67, 0x00, 0x53, 0x69, 0x6b, 0x6f, 0x72, 0x73, 0x6b, 0x79, 0x20, 0x53, 0x2d,
  0x36, 0x31, 0x52, 0x00, 0x53, 0x69, 0x6b, 0x6f, 0x72, 0x6b, 0x73, 0x79, 0x20, 0x53, 0x2d, 0x36,
  0x32, 0x20, 0x53, 0x65, 0x61, 0x67, 0x75, 0x61, 0x72, 0x64, 0x00, 0x53, 0x69, 0x6b, 0x6f, 0x72,
  0x73, 0x6b, 0x79, 0x20, 0x53, 0x2d, 0x36, 0x34, 0x20, 0x53, 0x6b, 0x79, 0x63, 0x72, 0x61, 0x6e,
  0x65, 0x00, 0x53, 0x74, 0x72, 0x61, 0x74, 0x6f, 0x73, 0x20, 0x37, 0x31, 0x34, 0x2f, 0x37, 0x31,
  0x36, 0x00, 0x53, 0x69, 0x6b, 0x6f, 0x72, 0x73, 0x6b, 0x79, 0x20, 0x53, 0x2d, 0x37, 0x36, 0x20,
  0x53, 0x70, 0x69, 0x72, 0x69, 0x74, 0x00, 0x53, 0x69, 0x70, 0x61, 0x20, 0x53, 0x2d, 0x39, 0x30,
  0x31, 0x2f, 0x39, 0x30, 0x32, 0x2f, 0x39, 0x30, 0x33, 0x2f, 0x39, 0x30, 0x34, 0x00, 0x53, 0x69,
  0x6b, 0x6f, 0x72, 0x73, 0x6b, 0x79, 0x20, 0x53, 0x2d, 0x39, 0x32, 0x20, 0x48, 0x65, 0x6c, 0x69,
  0x62, 0x75, 0x73, 0x00, 0x53, 0x69, 0x6b, 0x6f, 0x72, 0x73, 0x6b, 0x79, 0x20, 0x53, 0x2d, 0x39,
  0x37, 0x20, 0x52, 0x61, 0x69, 0x64, 0x65, 0x72, 0x00, 0x4b, 0x26, 0x73, 0x20, 0x53, 0x41, 0x2d,
  0x31, 0x30, 0x32, 0x2e, 0x35, 0x20, 0x43, 0x61, 0x76, 0x61, 0x6c, 0x69, 0x65, 0x72, 0x00, 0x53,
  0x74, 0x6f, 0x6c, 0x70, 0x20, 0x53, 0x41, 0x2d, 0x31, 0x30, 0x30, 0x20, 0x53, 0x74, 0x61, 0x72,
  0x64, 0x75, 0x73, 0x74, 0x65, 0x72, 0x00, 0x53, 0x74, 0x69, 0x74, 0x73, 0x20, 0x53, 0x41, 0x2d,
  0x31, 0x31, 0x20, 0x50, 0x6c, 0x61, 0x79, 0x6d, 0x61, 0x74, 0x65, 0x00, 0x49, 0x63, 0x70, 0x20,
  0x53, 0x41, 0x2d, 0x32, 0x20, 0x52, 0x61, 0x6d, 0x70, 0x61, 0x67, 0x65, 0x00, 0x53, 0x74, 0x69,
  0x74, 0x73, 0x20, 0x53, 0x41, 0x2d, 0x33, 0x20, 0x50, 0x6c, 0x61, 0x79, 0x62, 0x6f, 0x79, 0x00,
  0x53, 0x74, 0x6f, 0x6c, 0x70, 0x20, 0x53, 0x74, 0x61, 0x72, 0x64, 0x75, 0x73, 0x74, 0x65, 0x72,
  0x20, 0x54, 0x6f, 0x6f, 0x00, 0x53, 0x63, 0x68, 0x77, 0x65, 0x69, 0x7a, 0x65, 0x72, 0x20, 0x53,
  0x41, 0x2d, 0x32, 0x2d, 0x33, 0x37, 0x20, 0x43, 0x6f, 0x6e, 0x64, 0x6f, 0x72, 0x00, 0x53, 0x74,
  0x6f, 0x6c, 0x70, 0x20, 0x53, 0x74, 0x61, 0x72, 0x6c, 0x65, 0x74, 0x00, 0x53, 0x74, 0x69, 0x74,
  0x73, 0x20, 0x53, 0x41, 0x2d, 0x36, 0x20, 0x46, 0x6c, 0x75, 0x74, 0x2d, 0x52, 0x2d, 0x42, 0x75,
  0x67, 0x00, 0x53, 0x74, 0x69, 0x74, 0x73, 0x20, 0x53, 0x6b, 0x79, 0x2d, 0x43, 0x6f, 0x75, 0x70,
  0x65, 0x00, 0x53, 0x74, 0x6f, 0x6c, 0x70, 0x20, 0x53, 0x41, 0x2d, 0x37, 0x30, 0x30, 0x20, 0x41,
  0x63, 0x72, 0x6f, 0x64, 0x75, 0x73, 0x74, 0x65, 0x72, 0x00, 0x53, 0x74, 0x6f, 0x6c, 0x70, 0x20,
  0x53, 0x41, 0x2d, 0x37, 0x35, 0x30, 0x20, 0x41, 0x63, 0x72, 0x6f, 0x64, 0x75, 0x73, 0x74, 0x65,
  0x72, 0x20, 0x54, 0x6f, 0x6f, 0x00, 0x41, 0x63, 0x72, 0x6f, 0x20, 0x53, 0x50, 0x4f, 0x52, 0x54,
  0x20, 0x53, 0x75, 0x70, 0x65, 0x72, 0x20, 0x41, 0x63, 0x65, 0x00, 0x54, 0x72, 0x61, 0x67, 0x6f,
  0x20, 0x4d, 0x49, 0x4c, 0x4c, 0x53, 0x20, 0x53, 0x41, 0x48, 0x2d, 0x31, 0x00, 0x52, 0x61, 0x6e,
  0x73, 0x20, 0x53, 0x2d, 0x31, 0x30, 0x20, 0x53, 0x61, 0x6b, 0x6f, 0x74, 0x61, 0x00, 0x53, 0x2d,
  0x32, 0x35, 0x20, 0x53, 0x41, 0x4e, 0x44, 0x52, 0x49, 0x4e, 0x47, 0x48, 0x41, 0x4d, 0x00, 0x50,
  0x69, 0x65, 0x6c, 0x20, 0x53, 0x61, 0x70, 0x68, 0x69, 0x72, 0x00, 0x53, 0x75, 0x70, 0x65, 0x72,
  0x6d, 0x61, 0x72, 0x69, 0x6e, 0x65, 0x20, 0x41, 0x49, 0x52, 0x43, 0x52, 0x41, 0x46, 0x54, 0x20,
  0x53, 0x70, 0x69, 0x74, 0x66, 0x69, 0x72, 0x65, 0x20, 0x4d, 0x6b, 0x32, 0x35, 0x2f, 0x32, 0x36,
  0x00, 0x50, 0x72, 0x6f, 0x74, 0x65, 0x63, 0x68, 0x20, 0x53, 0x61, 0x73, 0x73, 0x79, 0x00, 0x48,
  0x61, 0x2d, 0x32, 0x30, 0x30, 0x20, 0x53, 0x41, 0x45, 0x54, 0x41, 0x00, 0x53, 0x61, 0x64, 0x6c,
  0x65, 0x72, 0x20, 0x56, 0x61, 0x6d, 0x70, 0x69, 0x72, 0x65, 0x00, 0x5a, 0x6c, 0x69, 0x6e, 0x20,
  0x41, 0x56, 0x49, 0x41, 0x54, 0x49, 0x4f, 0x4e, 0x20, 0x53, 0x61, 0x76, 0x61, 0x67, 0x65, 0x00,
  0x53, 0x61, 0x61, 0x62, 0x20, 0x31, 0x30, 0x35, 0x00, 0x53, 0x2d, 0x31, 0x30, 0x30, 0x00, 0x53,
  0x61, 0x61, 0x62, 0x20, 0x32, 0x30, 0x30, 0x30, 0x00, 0x53, 0x61, 0x61, 0x62, 0x20, 0x32, 0x39,
  0x00, 0x53, 0x61, 0x61, 0x62, 0x20, 0x33, 0x32, 0x20, 0x4c, 0x61, 0x6e, 0x73, 0x65, 0x6e, 0x00,
  0x53, 0x61, 0x61, 0x62, 0x20, 0x33, 0x35, 0x20, 0x44, 0x72, 0x61, 0x6b, 0x65, 0x6e, 0x00, 0x53,
  0x61, 0x61, 0x62, 0x20, 0x33, 0x37, 0x20, 0x56, 0x69, 0x67, 0x67, 0x65, 0x6e, 0x00, 0x53, 0x61,
  0x61, 0x62, 0x20, 0x33, 0x39, 0x20, 0x47, 0x72, 0x69, 0x70, 0x65, 0x6e, 0x00, 0x53, 0x65, 0x61,
  0x62, 0x69, 0x72, 0x64, 0x20, 0x53, 0x42, 0x2d, 0x37, 0x20, 0x53, 0x65, 0x65, 0x6b, 0x65, 0x72,
  0x00, 0x53, 0x61, 0x61, 0x62, 0x20, 0x39, 0x31, 0x20, 0x53, 0x61, 0x66, 0x69, 0x72, 0x00, 0x44,
  0x6f, 0x75, 0x67, 0x6c, 0x61, 0x73, 0x20, 0x53, 0x42, 0x44, 0x20, 0x44, 0x61, 0x75, 0x6e, 0x74,
  0x6c, 0x65, 0x73, 0x73, 0x00, 0x49, 0x6e, 0x74, 0x65, 0x72, 0x70, 0x6c, 0x61, 0x6e, 0x65, 0x20,
  0x53, 0x6b, 0x79, 0x62, 0x6f, 0x79, 0x00, 0x4e, 0x6f, 0x72, 0x74, 0x68, 0x20, 0x41, 0x4d, 0x45,
  0x52, 0x49, 0x43, 0x41, 0x4e, 0x20, 0x53, 0x61, 0x62, 0x72, 0x65, 0x20, 0x34, 0x30, 0x2f, 0x35,
  0x30, 0x2f, 0x36, 0x30, 0x2f, 0x36, 0x35, 0x00, 0x4e, 0x6f, 0x72, 0x74, 0x68, 0x20, 0x41, 0x4d,
  0x45, 0x52, 0x49, 0x43, 0x41, 0x4e, 0x20, 0x53, 0x61, 0x62, 0x72, 0x65, 0x20, 0x37, 0x35, 0x2f,
  0x38, 0x30, 0x00, 0x46, 0x66, 0x74, 0x20, 0x53, 0x70, 0x65, 0x65, 0x64, 0x20, 0x43, 0x61, 0x6e,
  0x61, 0x72, 0x64, 0x00, 0x53, 0x68, 0x6f, 0x72, 0x74, 0x20, 0x53, 0x6b, 0x79, 0x76, 0x61, 0x6e,
  0x00, 0x41, 0x65, 0x72, 0x6f, 0x73, 0x70, 0x6f, 0x72, 0x74, 0x20, 0x53, 0x63, 0x61, 0x6d, 0x70,
  0x00, 0x52, 0x6f, 0x74, 0x6f, 0x72, 0x77, 0x61, 0x79, 0x20, 0x53, 0x63, 0x6f, 0x72, 0x70, 0x69,
  0x6f, 0x6e, 0x00, 0x57, 0x65, 0x73, 0x74, 0x6c, 0x61, 0x6e, 0x64, 0x20, 0x53, 0x63, 0x6f, 0x75,
  0x74, 0x00, 0x46, 0x6c, 0x61, 0x67, 0x6c, 0x6f, 0x72, 0x20, 0x53, 0x63, 0x6f, 0x6f, 0x74, 0x65,
  0x72, 0x00, 0x53, 0x70, 0x61, 0x63, 0x65, 0x6b, 0x20, 0x53, 0x44, 0x2d, 0x32, 0x20, 0x53, 0x70,
  0x6f, 0x72, 0x74, 0x6d, 0x61, 0x73, 0x74, 0x65, 0x72, 0x00, 0x54, 0x6f, 0x6d, 0x61, 0x72, 0x6b,
  0x20, 0x56, 0x69, 0x70, 0x65, 0x72, 0x00, 0x52, 0x61, 0x66, 0x20, 0x53, 0x45, 0x2d, 0x35, 0x41,
  0x20, 0x52, 0x65, 0x70, 0x6c, 0x69, 0x63, 0x61, 0x00, 0x52, 0x65, 0x70, 0x6c, 0x69, 0x63, 0x61,
  0x20, 0x50, 0x4c, 0x41, 0x4e, 0x53, 0x20, 0x53, 0x45, 0x2d, 0x35, 0x41, 0x20, 0x52, 0x65, 0x70,
  0x6c, 0x69, 0x63, 0x61, 0x00, 0x53, 0x65, 0x61, 0x77, 0x69, 0x6e, 0x64, 0x00, 0x47, 0x72, 0x6f,
  0x75, 0x6e, 0x64, 0x20, 0x56, 0x65, 0x68, 0x69, 0x63, 0x6c, 0x65, 0x00, 0x56, 0x69, 0x6b, 0x69,
  0x6e, 0x67, 0x20, 0x53, 0x46, 0x2d, 0x32, 0x20, 0x43, 0x79, 0x67, 0x6e, 0x65, 0x74, 0x00, 0x53,
  0x63, 0x68, 0x65, 0x69, 0x62, 0x65, 0x20, 0x53, 0x46, 0x2d, 0x32, 0x33, 0x20, 0x53, 0x70, 0x65,
  0x72, 0x6c, 0x69, 0x6e, 0x67, 0x00, 0x53, 0x63, 0x68, 0x65, 0x69, 0x62, 0x65, 0x20, 0x53, 0x46,
  0x2d, 0x32, 0x34, 0x20, 0x4d, 0x6f, 0x74, 0x6f, 0x72, 0x73, 0x70, 0x61, 0x74, 0x7a, 0x00, 0x53,
  0x63, 0x68, 0x65, 0x69, 0x62, 0x65, 0x20, 0x53, 0x46, 0x2d, 0x32, 0x35, 0x20, 0x46, 0x61, 0x6c,
  0x6b, 0x65, 0x00, 0x53, 0x63, 0x68, 0x65, 0x69, 0x62, 0x65, 0x20, 0x53, 0x46, 0x2d, 0x32, 0x38,
  0x20, 0x54, 0x61, 0x6e, 0x64, 0x65, 0x6d, 0x20, 0x46, 0x61, 0x6c, 0x6b, 0x65, 0x00, 0x53, 0x61,
  0x61, 0x62, 0x20, 0x33, 0x34, 0x30, 0x00, 0x53, 0x63, 0x68, 0x65, 0x69, 0x62, 0x65, 0x20, 0x53,
  0x46, 0x2d, 0x33, 0x36, 0x00, 0x43, 0x69, 0x72, 0x72, 0x75, 0x73, 0x20, 0x53, 0x46, 0x2d, 0x35,
  0x30, 0x20, 0x56, 0x69, 0x73, 0x69, 0x6f, 0x6e, 0x00, 0x54, 0x65, 0x63, 0x68, 0x6e, 0x6f, 0x61,
  0x76, 0x69, 0x61, 0x20, 0x54, 0x75, 0x72, 0x62, 0x6f, 0x20, 0x46, 0x69, 0x6e, 0x69, 0x73, 0x74,
  0x00, 0x53, 0x67, 0x20, 0x41, 0x56, 0x49, 0x41, 0x54, 0x49, 0x4f, 0x4e, 0x20, 0x52, 0x61, 0x6c,
  0x6c, 0x79, 0x00, 0x41, 0x65, 0x72, 0x6f, 0x20, 0x53, 0x50, 0x41, 0x43, 0x45, 0x4c, 0x49, 0x4e,
  0x45, 0x53, 0x20, 0x53, 0x75, 0x70, 0x65, 0x72, 0x20, 0x47, 0x75, 0x70, 0x70, 0x79, 0x00, 0x4b,
  0x6f, 0x70, 0x74, 0x65, 0x72, 0x20, 0x53, 0x48, 0x2d, 0x30, 0x39, 0x00, 0x53, 0x68, 0x6f, 0x72,
  0x74, 0x20, 0x33, 0x33, 0x30, 0x20, 0x53, 0x68, 0x65, 0x72, 0x70, 0x61, 0x00, 0x53, 0x68, 0x6f,
  0x72, 0x74, 0x20, 0x33, 0x36, 0x30, 0x00, 0x48, 0x61, 0x77, 0x6b, 0x65, 0x72, 0x20, 0x53, 0x65,
  0x61, 0x20, 0x48, 0x61, 0x77, 0x6b, 0x00, 0x52, 0x61, 0x6e, 0x73, 0x20, 0x53, 0x2d, 0x31, 0x36,
  0x20, 0x53, 0x68, 0x65, 0x6b, 0x61, 0x72, 0x69, 0x00, 0x53, 0x68, 0x65, 0x72, 0x70, 0x61, 0x20,
  0x43, 0x2d, 0x34, 0x30, 0x30, 0x00, 0x5a, 0x65, 0x70, 0x70, 0x65, 0x6c, 0x69, 0x6e, 0x20, 0x4c,
  0x5a, 0x20, 0x4e, 0x30, 0x37, 0x2d, 0x31, 0x30, 0x31, 0x00, 0x53, 0x68, 0x61, 0x72, 0x6b, 0x20,
  0x41, 0x45, 0x52, 0x4f, 0x20, 0x53, 0x68, 0x61, 0x72, 0x6b, 0x00, 0x53, 0x6d, 0x79, 0x74, 0x68,
  0x20, 0x53, 0x69, 0x64, 0x65, 0x77, 0x69, 0x6e, 0x64, 0x65, 0x72, 0x00, 0x54, 0x65, 0x63, 0x6e,
  0x61, 0x6d, 0x20, 0x50, 0x2d, 0x32, 0x30, 0x30, 0x32, 0x20, 0x53, 0x69, 0x65, 0x72, 0x72, 0x61,
  0x00, 0x53, 0x77, 0x65, 0x61, 0x72, 0x69, 0x6e, 0x67, 0x65, 0x6e, 0x20, 0x53, 0x4a, 0x2d, 0x33,
  0x30, 0x00, 0x49, 0x69, 0x69, 0x20, 0x53, 0x6b, 0x79, 0x20, 0x41, 0x72, 0x72, 0x6f, 0x77, 0x00,
  0x43, 0x6f, 0x6c, 0x6f, 0x6e, 0x69, 0x61, 0x6c, 0x20, 0x53, 0x6b, 0x69, 0x6d, 0x6d, 0x65, 0x72,
  0x00, 0x42, 0x65, 0x73, 0x74, 0x20, 0x4f, 0x46, 0x46, 0x20, 0x53, 0x6b, 0x79, 0x20, 0x52, 0x61,
  0x6e, 0x67, 0x65, 0x72, 0x00, 0x52, 0x65, 0x61, 0x72, 0x77, 0x69, 0x6e, 0x20, 0x53, 0x6b, 0x79,
  0x72, 0x61, 0x6e, 0x67, 0x65, 0x72, 0x00, 0x53, 0x74, 0x61, 0x72, 0x2d, 0x6c, 0x69, 0x74, 0x65,
  0x20, 0x53, 0x4c, 0x2d, 0x31, 0x20, 0x53, 0x74, 0x61, 0x72, 0x2d, 0x4c, 0x69, 0x74, 0x65, 0x00,
  0x53, 0x63, 0x61, 0x6c, 0x65, 0x64, 0x20, 0x33, 0x35, 0x31, 0x20, 0x53, 0x74, 0x72, 0x61, 0x74,
  0x6f, 0x6c, 0x61, 0x75, 0x6e, 0x63, 0x68, 0x00, 0x41, 0x69, 0x72, 0x70, 0x6c, 0x61, 0x6e, 0x65,
  0x20, 0x46, 0x41, 0x43, 0x54, 0x4f, 0x52, 0x59, 0x20, 0x53, 0x6c, 0x69, 0x6e, 0x67, 0x20, 0x32,
  0x00, 0x41, 0x69, 0x72, 0x70, 0x6c, 0x61, 0x6e, 0x65, 0x20, 0x46, 0x41, 0x43, 0x54, 0x4f, 0x52,
  0x59, 0x20, 0x53, 0x6c, 0x69, 0x6e, 0x67, 0x20, 0x34, 0x00, 0x53, 0x6c, 0x69, 0x6e, 0x67, 0x20,
  0x34, 0x20, 0x48, 0x69, 0x67, 0x68, 0x20, 0x57, 0x69, 0x6e, 0x67, 0x00, 0x53, 0x69, 0x61, 0x69,
  0x2d, 0x6d, 0x61, 0x72, 0x63, 0x68, 0x65, 0x74, 0x74, 0x69, 0x20, 0x53, 0x4d, 0x2d, 0x31, 0x30,
  0x31, 0x39, 0x00, 0x53, 0x74, 0x69, 0x6e, 0x73, 0x6f, 0x6e, 0x20, 0x53, 0x4d, 0x2d, 0x36, 0x30,
  0x30, 0x30, 0x54, 0x20, 0x54, 0x72, 0x69, 0x2d, 0x4d, 0x6f, 0x74, 0x6f, 0x72, 0x00, 0x41, 0x69,
  0x72, 0x6d, 0x61, 0x78, 0x20, 0x4d, 0x2d, 0x32, 0x32, 0x20, 0x53, 0x65, 0x61, 0x4d, 0x61, 0x78,
  0x00, 0x4c, 0x61, 0x6e, 0x63, 0x61, 0x69, 0x72, 0x20, 0x43, 0x61, 0x6c, 0x69, 0x6d, 0x61, 0x00,
  0x53, 0x6f, 0x72, 0x72, 0x65, 0x6c, 0x6c, 0x20, 0x47, 0x75, 0x70, 0x70, 0x79, 0x00, 0x53, 0x6f,
  0x72, 0x72, 0x65, 0x6c, 0x6c, 0x20, 0x48, 0x69, 0x70, 0x65, 0x72, 0x62, 0x69, 0x70, 0x65, 0x00,
  0x53, 0x6f, 0x72, 0x72, 0x65, 0x6c, 0x6c, 0x20, 0x45, 0x58, 0x50, 0x2d, 0x32, 0x00, 0x4d, 0x72,
  0x61, 0x7a, 0x20, 0x53, 0x6f, 0x6b, 0x6f, 0x6c, 0x00, 0x53, 0x6f, 0x6e, 0x65, 0x78, 0x20, 0x41,
  0x49, 0x52, 0x43, 0x52, 0x41, 0x46, 0x54, 0x20, 0x53, 0x6f, 0x6e, 0x65, 0x78, 0x00, 0x54, 0x65,
  0x63, 0x68, 0x6e, 0x6f, 0x61, 0x76, 0x69, 0x61, 0x20, 0x53, 0x50, 0x2d, 0x35, 0x35, 0x00, 0x37,
  0x77, 0x00, 0x49, 0x69, 0x69, 0x20, 0x53, 0x70, 0x65, 0x65, 0x64, 0x20, 0x41, 0x72, 0x72, 0x6f,
  0x77, 0x00, 0x41, 0x69, 0x72, 0x63, 0x72, 0x61, 0x66, 0x74, 0x20, 0x44, 0x45, 0x53, 0x49, 0x47,
  0x4e, 0x20, 0x53, 0x70, 0x6f, 0x72, 0x74, 0x73, 0x74, 0x65, 0x72, 0x20, 0x47, 0x79, 0x72, 0x6f,
  0x00, 0x41, 0x6d, 0x65, 0x72, 0x69, 0x63, 0x61, 0x6e, 0x20, 0x41, 0x55, 0x54, 0x4f, 0x47, 0x59,
  0x52, 0x4f, 0x20, 0x53, 0x70, 0x69, 0x6e, 0x75, 0x73, 0x00, 0x53, 0x75, 0x70, 0x65, 0x72, 0x6d,
  0x61, 0x72, 0x69, 0x6e, 0x65, 0x20, 0x53, 0x70, 0x69, 0x74, 0x66, 0x69, 0x72, 0x65, 0x00, 0x53,
  0x70, 0x6f, 0x72, 0x74, 0x20, 0x53, 0x50, 0x45, 0x43, 0x49, 0x41, 0x4c, 0x00, 0x50, 0x72, 0x61,
  0x63, 0x74, 0x61, 0x76, 0x69, 0x61, 0x20, 0x53, 0x70, 0x72, 0x69, 0x74, 0x65, 0x00, 0x37, 0x30,
  0x30, 0x30, 0x00, 0x53, 0x6f, 0x70, 0x77, 0x69, 0x74, 0x68, 0x20, 0x50, 0x75, 0x70, 0x20, 0x52,
  0x65, 0x70, 0x6c, 0x69, 0x63, 0x61, 0x00, 0x4b, 0x6c, 0x73, 0x20, 0x43, 0x4f, 0x4d, 0x50, 0x4f,
  0x53, 0x49, 0x54, 0x45, 0x53, 0x20, 0x53, 0x51, 0x2d, 0x32, 0x30, 0x30, 0x30, 0x00, 0x43, 0x69,
  0x72, 0x72, 0x75, 0x73, 0x20, 0x53, 0x52, 0x2d, 0x32, 0x30, 0x00, 0x43, 0x69, 0x72, 0x72, 0x75,
  0x73, 0x20, 0x53, 0x52, 0x2d, 0x32, 0x32, 0x00, 0x47, 0x72, 0x65, 0x61, 0x74, 0x20, 0x50, 0x4c,
  0x41, 0x49, 0x4e, 0x53, 0x20, 0x53, 0x6f, 0x6e, 0x65, 0x72, 0x61, 0x69, 0x00, 0x44, 0x61, 0x70,
  0x75, 0x7a, 0x7a, 0x6f, 0x20, 0x53, 0x65, 0x6e, 0x69, 0x6f, 0x72, 0x20, 0x41, 0x65, 0x72, 0x6f,
  0x20, 0x53, 0x70, 0x6f, 0x72, 0x74, 0x00, 0x50, 0x72, 0x6f, 0x67, 0x72, 0x65, 0x73, 0x73, 0x69,
  0x76, 0x65, 0x20, 0x41, 0x45, 0x52, 0x4f, 0x44, 0x59, 0x4e, 0x45, 0x20, 0x53, 0x65, 0x61, 0x52,
  0x65, 0x79, 0x00, 0x52, 0x75, 0x74, 0x61, 0x6e, 0x20, 0x53, 0x70, 0x61, 0x63, 0x65, 0x20, 0x53,
  0x68, 0x69, 0x70, 0x20, 0x54, 0x77, 0x6f, 0x00, 0x52, 0x6f, 0x63, 0x6b, 0x77, 0x65, 0x6c, 0x6c,
  0x20, 0x54, 0x68, 0x72, 0x75, 0x73, 0x68, 0x20, 0x43, 0x6f, 0x6d, 0x6d, 0x61, 0x6e, 0x64, 0x65,
  0x72, 0x00, 0x54, 0x72, 0x75, 0x73, 0x68, 0x20, 0x54, 0x75, 0x72, 0x62, 0x6f, 0x20, 0x54, 0x68,
  0x72, 0x75, 0x73, 0x68, 0x20, 0x35, 0x30, 0x30, 0x2f, 0x35, 0x35, 0x30, 0x00, 0x4e, 0x6f, 0x72,
  0x74, 0x68, 0x20, 0x41, 0x4d, 0x45, 0x52, 0x49, 0x43, 0x41, 0x4e, 0x20, 0x46, 0x2d, 0x31, 0x30,
  0x30, 0x20, 0x53, 0x75, 0x70, 0x65, 0x72, 0x20, 0x53, 0x61, 0x62, 0x72, 0x65, 0x00, 0x4a, 0x75,
  0x73, 0x74, 0x20, 0x4a, 0x41, 0x33, 0x30, 0x20, 0x53, 0x75, 0x70, 0x65, 0x72, 0x53, 0x54, 0x4f,
  0x4c, 0x00, 0x53, 0x6f, 0x63, 0x61, 0x74, 0x61, 0x20, 0x53, 0x54, 0x2d, 0x31, 0x30, 0x20, 0x53,
  0x75, 0x70, 0x65, 0x72, 0x20, 0x48, 0x6f, 0x72, 0x69, 0x7a, 0x6f, 0x6e, 0x00, 0x43, 0x33, 0x2d,
  0x62, 0x00, 0x53, 0x74, 0x61, 0x75, 0x64, 0x61, 0x63, 0x68, 0x65, 0x72, 0x20, 0x53, 0x2d, 0x33,
  0x33, 0x30, 0x00, 0x53, 0x7a, 0x78, 0x00, 0x53, 0x74, 0x65, 0x61, 0x72, 0x6d, 0x61, 0x6e, 0x20,
  0x4b, 0x61, 0x79, 0x64, 0x65, 0x74, 0x00, 0x53, 0x74, 0x65, 0x72, 0x6e, 0x20, 0x53, 0x54, 0x2d,
  0x38, 0x37, 0x20, 0x45, 0x75, 0x72, 0x6f, 0x70, 0x6c, 0x61, 0x6e, 0x65, 0x00, 0x41, 0x69, 0x72,
  0x63, 0x72, 0x61, 0x66, 0x74, 0x20, 0x44, 0x45, 0x53, 0x49, 0x47, 0x4e, 0x20, 0x53, 0x75, 0x70,
  0x65, 0x72, 0x20, 0x53, 0x74, 0x61, 0x6c, 0x6c, 0x69, 0x6f, 0x6e, 0x00, 0x45, 0x6e, 0x74, 0x65,
  0x72, 0x70, 0x72, 0x69, 0x73, 0x65, 0x00, 0x46, 0x6c, 0x79, 0x20, 0x53, 0x59, 0x4e, 0x54, 0x48,
  0x45, 0x53, 0x49, 0x53, 0x20, 0x53, 0x74, 0x6f, 0x72, 0x63, 0x68, 0x00, 0x53, 0x31, 0x37, 0x20,
  0x53, 0x54, 0x49, 0x4e, 0x47, 0x45, 0x52, 0x00, 0x48, 0x65, 0x6c, 0x69, 0x6f, 0x20, 0x53, 0x74,
  0x61, 0x6c, 0x6c, 0x69, 0x6f, 0x6e, 0x00, 0x53, 0x74, 0x6f, 0x72, 0x63, 0x68, 0x20, 0x41, 0x56,
  0x49, 0x41, 0x54, 0x49, 0x4f, 0x4e, 0x20, 0x53, 0x75, 0x70, 0x65, 0x72, 0x20, 0x53, 0x74, 0x6f,
  0x72, 0x63, 0x68, 0x00, 0x53, 0x74, 0x72, 0x69, 0x70, 0x6c, 0x69, 0x6e, 0x20, 0x53, 0x6b, 0x79,
  0x20, 0x52, 0x61, 0x6e, 0x67, 0x65, 0x72, 0x00, 0x54, 0x6c, 0x20, 0x55, 0x4c, 0x54, 0x52, 0x41,
  0x4c, 0x49, 0x47, 0x48, 0x54, 0x20, 0x53, 0x74, 0x72, 0x65, 0x61, 0x6d, 0x00, 0x53, 0x6f, 0x70,
  0x77, 0x69, 0x74, 0x68, 0x20, 0x54, 0x72, 0x69, 0x70, 0x6c, 0x61, 0x6e, 0x65, 0x00, 0x42, 0x61,
  0x63, 0x20, 0x31, 0x36, 0x37, 0x20, 0x53, 0x54, 0x52, 0x49, 0x4b, 0x45, 0x4d, 0x41, 0x53, 0x54,
  0x45, 0x52, 0x00, 0x53, 0x67, 0x20, 0x41, 0x56, 0x49, 0x41, 0x54, 0x49, 0x4f, 0x4e, 0x20, 0x53,
  0x74, 0x6f, 0x72, 0x6d, 0x00, 0x43, 0x66, 0x6d, 0x20, 0x53, 0x74, 0x61, 0x72, 0x20, 0x53, 0x74,
  0x72, 0x65, 0x61, 0x6b, 0x00, 0x53, 0x75, 0x6b, 0x68, 0x6f, 0x69, 0x20, 0x53, 0x75, 0x2d, 0x32,
  0x35, 0x2f, 0x32, 0x38, 0x2f, 0x33, 0x39, 0x00, 0x53, 0x75, 0x6b, 0x68, 0x6f, 0x69, 0x20, 0x53,
  0x75, 0x2d, 0x32, 0x36, 0x00, 0x53, 0x75, 0x6b, 0x68, 0x6f, 0x69, 0x20, 0x53, 0x75, 0x2d, 0x32,
  0x39, 0x00, 0x53, 0x75, 0x6b, 0x68, 0x6f, 0x69, 0x20, 0x53, 0x75, 0x2d, 0x33, 0x31, 0x00, 0x53,
  0x75, 0x6b, 0x68, 0x6f, 0x69, 0x20, 0x53, 0x75, 0x70, 0x65, 0x72, 0x6a, 0x65, 0x74, 0x20, 0x31,
  0x30, 0x30, 0x2d, 0x39, 0x35, 0x00, 0x46, 0x75, 0x6a, 0x69, 0x20, 0x46, 0x41, 0x2d, 0x32, 0x30,
  0x30, 0x20, 0x41, 0x65, 0x72, 0x6f, 0x20, 0x53, 0x75, 0x62, 0x61, 0x72, 0x75, 0x00, 0x4b, 0x6f,
  0x72, 0x65, 0x61, 0x20, 0x41, 0x45, 0x52, 0x4f, 0x53, 0x50, 0x41, 0x43, 0x45, 0x20, 0x53, 0x75,
  0x72, 0x69, 0x6f, 0x6e, 0x00, 0x4e, 0x6f, 0x72, 0x64, 0x20, 0x53, 0x56, 0x2d, 0x34, 0x00, 0x41,
  0x65, 0x72, 0x6f, 0x74, 0x65, 0x63, 0x20, 0x53, 0x61, 0x76, 0x61, 0x6e, 0x6e, 0x61, 0x68, 0x00,
  0x53, 0x77, 0x65, 0x61, 0x72, 0x69, 0x6e, 0x67, 0x65, 0x6e, 0x20, 0x4d, 0x65, 0x72, 0x6c, 0x69,
  0x6e, 0x20, 0x33, 0x00, 0x53, 0x77, 0x65, 0x61, 0x72, 0x69, 0x6e, 0x67, 0x65, 0x6e, 0x20, 0x4d,
  0x65, 0x74, 0x72, 0x6f, 0x00, 0x57, 0x61, 0x72, 0x6e, 0x65, 0x72, 0x20, 0x53, 0x70, 0x6f, 0x72,
  0x74, 0x73, 0x74, 0x65, 0x72, 0x00, 0x34, 0x30, 0x30, 0x00, 0x46, 0x61, 0x69, 0x72, 0x65, 0x79,
  0x20, 0x53, 0x77, 0x6f, 0x72, 0x64, 0x66, 0x69, 0x73, 0x68, 0x00, 0x53, 0x77, 0x65, 0x61, 0x72,
  0x69, 0x6e, 0x67, 0x65, 0x6e, 0x20, 0x53, 0x58, 0x2d, 0x33, 0x30, 0x30, 0x00, 0x42, 0x72, 0x69,
  0x73, 0x74, 0x6f, 0x6c, 0x20, 0x53, 0x79, 0x63, 0x61, 0x6d, 0x6f, 0x72, 0x65, 0x00, 0x4f, 0x6d,
  0x66, 0x20, 0x53, 0x79, 0x6d, 0x70, 0x68, 0x6f, 0x6e, 0x79, 0x00, 0x46, 0x6c, 0x79, 0x20, 0x53,
  0x59, 0x4e, 0x54, 0x48, 0x45, 0x53, 0x49, 0x53, 0x20, 0x53, 0x79, 0x6e, 0x63, 0x72, 0x6f, 0x00,
  0x53, 0x7a, 0x64, 0x20, 0x34, 0x35, 0x20, 0x4f, 0x67, 0x61, 0x72, 0x00, 0x54, 0x75, 0x70, 0x6f,
  0x6c, 0x65, 0x76, 0x20, 0x54, 0x75, 0x2d, 0x31, 0x33, 0x34, 0x00, 0x54, 0x75, 0x70, 0x6f, 0x6c,
  0x65, 0x76, 0x20, 0x54, 0x75, 0x2d, 0x31, 0x35, 0x34, 0x00, 0x54, 0x68, 0x6f, 0x72, 0x70, 0x20,
  0x54, 0x69, 0x67, 0x65, 0x72, 0x00, 0x4e, 0x6f, 0x72, 0x74, 0x68, 0x20, 0x41, 0x4d, 0x45, 0x52,
  0x49, 0x43, 0x41, 0x4e, 0x20, 0x54, 0x2d, 0x32, 0x20, 0x42, 0x75, 0x63, 0x6b, 0x65, 0x79, 0x65,
  0x00, 0x54, 0x75, 0x70, 0x6f, 0x6c, 0x65, 0x76, 0x20, 0x54, 0x75, 0x2d, 0x32, 0x30, 0x34, 0x2f,
  0x32, 0x31, 0x34, 0x2f, 0x32, 0x32, 0x34, 0x2f, 0x32, 0x33, 0x34, 0x00, 0x43, 0x65, 0x73, 0x73,
  0x6e, 0x61, 0x20, 0x54, 0x32, 0x30, 0x36, 0x20, 0x54, 0x75, 0x72, 0x62, 0x6f, 0x20, 0x53, 0x74,
  0x61, 0x74, 0x69, 0x6f, 0x6e, 0x61, 0x69, 0x72, 0x00, 0x43, 0x65, 0x73, 0x73, 0x6e, 0x61, 0x20,
  0x54, 0x32, 0x31, 0x30, 0x20, 0x54, 0x75, 0x72, 0x62, 0x6f, 0x20, 0x43, 0x65, 0x6e, 0x74, 0x75,
  0x72, 0x69, 0x6f, 0x6e, 0x00, 0x49, 0x6e, 0x64, 0x75, 0x73, 0x20, 0x54, 0x2d, 0x32, 0x31, 0x31,
  0x00, 0x4e, 0x6f, 0x72, 0x74, 0x68, 0x20, 0x41, 0x4d, 0x45, 0x52, 0x49, 0x43, 0x41, 0x4e, 0x20,
  0x54, 0x2d, 0x32, 0x38, 0x00, 0x4c, 0x6f, 0x63, 0x6b, 0x68, 0x65, 0x65, 0x64, 0x20, 0x54, 0x2d,
  0x33, 0x33, 0x00, 0x42, 0x65, 0x65, 0x63, 0x68, 0x20, 0x54, 0x2d, 0x33, 0x34, 0x20, 0x4d, 0x65,
  0x6e, 0x74, 0x6f, 0x72, 0x00, 0x42, 0x65, 0x65, 0x63, 0x68, 0x20, 0x54, 0x2d, 0x33, 0x34, 0x43,
  0x20, 0x54, 0x75, 0x72, 0x62, 0x6f, 0x20, 0x4d, 0x65, 0x6e, 0x74, 0x6f, 0x72, 0x00, 0x54, 0x65,
  0x6d, 0x63, 0x6f, 0x20, 0x42, 0x75, 0x63, 0x6b, 0x61, 0x72, 0x6f, 0x6f, 0x00, 0x43, 0x65, 0x73,
  0x73, 0x6e, 0x61, 0x20, 0x33, 0x31, 0x38, 0x00, 0x4e, 0x6f, 0x72, 0x74, 0x68, 0x72, 0x6f, 0x70,
  0x20, 0x54, 0x2d, 0x33, 0x38, 0x43, 0x20, 0x54, 0x61, 0x6c, 0x6f, 0x6e, 0x00, 0x54, 0x75, 0x72,
  0x6e, 0x65, 0x72, 0x20, 0x54, 0x2d, 0x34, 0x30, 0x00, 0x4b, 0x68, 0x72, 0x75, 0x6e, 0x69, 0x63,
  0x68, 0x65, 0x76, 0x20, 0x54, 0x2d, 0x34, 0x31, 0x31, 0x20, 0x41, 0x69, 0x73, 0x74, 0x00, 0x43,
  0x65, 0x73, 0x73, 0x6e, 0x61, 0x20, 0x42, 0x6f, 0x62, 0x63, 0x61, 0x74, 0x00, 0x54, 0x69, 0x74,
  0x61, 0x6e, 0x20, 0x54, 0x2d, 0x35, 0x31, 0x20, 0x4d, 0x75, 0x73, 0x74, 0x61, 0x6e, 0x67, 0x00,
  0x4e, 0x6f, 0x72, 0x74, 0x68, 0x20, 0x41, 0x4d, 0x45, 0x52, 0x49, 0x43, 0x41, 0x4e, 0x20, 0x54,
  0x2d, 0x36, 0x20, 0x54, 0x65, 0x78, 0x61, 0x6e, 0x00, 0x54, 0x61, 0x79, 0x6c, 0x6f, 0x72, 0x63,
  0x72, 0x61, 0x66, 0x74, 0x20, 0x31, 0x35, 0x20, 0x46, 0x6f, 0x75, 0x72, 0x73, 0x6f, 0x6d, 0x65,
  0x00, 0x54, 0x65, 0x61, 0x6d, 0x20, 0x54, 0x41, 0x4e, 0x47, 0x4f, 0x20, 0x54, 0x61, 0x6e, 0x67,
  0x6f, 0x2d, 0x32, 0x00, 0x57, 0x69, 0x74, 0x74, 0x6d, 0x61, 0x6e, 0x20, 0x54, 0x61, 0x69, 0x6c,
  0x77, 0x69, 0x6e, 0x64, 0x00, 0x53, 0x6f, 0x63, 0x61, 0x74, 0x61, 0x20, 0x54, 0x42, 0x2d, 0x39,
  0x20, 0x54, 0x61, 0x6d, 0x70, 0x69, 0x63, 0x6f, 0x00, 0x50, 0x65, 0x6c, 0x65, 0x67, 0x72, 0x69,
  0x6e, 0x20, 0x54, 0x61, 0x72, 0x72, 0x61, 0x67, 0x6f, 0x6e, 0x00, 0x54, 0x61, 0x79, 0x6c, 0x6f,
  0x72, 0x63, 0x72, 0x61, 0x66, 0x74, 0x20, 0x41, 0x00, 0x54, 0x61, 0x79, 0x6c, 0x6f, 0x72, 0x63,
  0x72, 0x61, 0x66, 0x74, 0x20, 0x42, 0x43, 0x2f, 0x42, 0x46, 0x2f, 0x42, 0x4c, 0x00, 0x54, 0x61,
  0x79, 0x6c, 0x6f, 0x72, 0x63, 0x72, 0x61, 0x66, 0x74, 0x20, 0x44, 0x43, 0x2f, 0x44, 0x46, 0x2f,
  0x44, 0x4c, 0x00, 0x53, 0x6f, 0x63, 0x61, 0x74, 0x61, 0x20, 0x54, 0x42, 0x2d, 0x32, 0x30, 0x20,
  0x54, 0x72, 0x69, 0x6e, 0x69, 0x64, 0x61, 0x64, 0x00, 0x53, 0x6f, 0x63, 0x61, 0x74, 0x61, 0x20,
  0x54, 0x42, 0x2d, 0x32, 0x31, 0x20, 0x54, 0x72, 0x69, 0x6e, 0x69, 0x64, 0x61, 0x64, 0x20, 0x54,
  0x43, 0x00, 0x53, 0x6f, 0x63, 0x61, 0x74, 0x61, 0x20, 0x54, 0x42, 0x2d, 0x33, 0x30, 0x20, 0x45,
  0x70, 0x73, 0x69, 0x6c, 0x6f, 0x6e, 0x00, 0x55, 0x6e, 0x69, 0x74, 0x65, 0x64, 0x20, 0x43, 0x4f,
  0x4e, 0x53, 0x55, 0x4c, 0x54, 0x41, 0x4e, 0x54, 0x20, 0x54, 0x77, 0x69, 0x6e, 0x20, 0x42, 0x65,
  0x65, 0x00, 0x47, 0x72, 0x75, 0x6d, 0x6d, 0x61, 0x6e, 0x20, 0x47, 0x2d, 0x34, 0x30, 0x20, 0x41,
  0x76, 0x65, 0x6e, 0x67, 0x65, 0x72, 0x00, 0x53, 0x6f, 0x63, 0x61, 0x74, 0x61, 0x20, 0x54, 0x42,
  0x4d, 0x2d, 0x37, 0x30, 0x30, 0x41, 0x2f, 0x42, 0x2f, 0x43, 0x00, 0x53, 0x6f, 0x63, 0x61, 0x74,
  0x61, 0x20, 0x54, 0x42, 0x4d, 0x2d, 0x38, 0x35, 0x30, 0x00, 0x53, 0x6f, 0x63, 0x61, 0x74, 0x61,
  0x20, 0x54, 0x42, 0x4d, 0x2d, 0x39, 0x30, 0x30, 0x2f, 0x39, 0x31, 0x30, 0x2f, 0x39, 0x33, 0x30,
  0x2f, 0x39, 0x34, 0x30, 0x00, 0x47, 0x72, 0x75, 0x6d, 0x6d, 0x61, 0x6e, 0x20, 0x46, 0x37, 0x46,
  0x20, 0x54, 0x69, 0x67, 0x65, 0x72, 0x63, 0x61, 0x74, 0x00, 0x54, 0x68, 0x75, 0x72, 0x73, 0x74,
  0x6f, 0x6e, 0x20, 0x54, 0x65, 0x61, 0x6c, 0x00, 0x53, 0x6d, 0x69, 0x74, 0x68, 0x20, 0x54, 0x65,
  0x72, 0x6d, 0x69, 0x74, 0x65, 0x00, 0x46, 0x6f, 0x78, 0x63, 0x6f, 0x6e, 0x20, 0x54, 0x65, 0x72,
  0x72, 0x69, 0x65, 0x72, 0x00, 0x42, 0x65, 0x65, 0x63, 0x68, 0x63, 0x72, 0x61, 0x66, 0x74, 0x20,
  0x54, 0x2d, 0x36, 0x20, 0x54, 0x65, 0x78, 0x61, 0x6e, 0x20, 0x32, 0x00, 0x46, 0x6c, 0x79, 0x20,
  0x53, 0x59, 0x4e, 0x54, 0x48, 0x45, 0x53, 0x49, 0x53, 0x20, 0x54, 0x65, 0x78, 0x61, 0x6e, 0x00,
  0x54, 0x61, 0x79, 0x6c, 0x6f, 0x72, 0x63, 0x72, 0x61, 0x66, 0x74, 0x20, 0x46, 0x2d, 0x31, 0x39,
  0x20, 0x53, 0x70, 0x6f, 0x72, 0x74, 0x73, 0x6d, 0x61, 0x6e, 0x00, 0x54, 0x61, 0x79, 0x6c, 0x6f,
  0x72, 0x63, 0x72, 0x61, 0x66, 0x74, 0x20, 0x46, 0x2d, 0x32, 0x31, 0x00, 0x54, 0x61, 0x79, 0x6c,
  0x6f, 0x72, 0x63, 0x72, 0x61, 0x66, 0x74, 0x20, 0x46, 0x2d, 0x32, 0x32, 0x00, 0x43, 0x61, 0x72,
  0x61, 0x74, 0x20, 0x41, 0x00, 0x56, 0x61, 0x6c, 0x65, 0x6e, 0x74, 0x69, 0x6e, 0x20, 0x54, 0x61,
  0x69, 0x66, 0x75, 0x6e, 0x00, 0x41, 0x69, 0x72, 0x62, 0x75, 0x73, 0x20, 0x48, 0x45, 0x4c, 0x49,
  0x43, 0x4f, 0x50, 0x54, 0x45, 0x52, 0x53, 0x20, 0x45, 0x43, 0x2d, 0x36, 0x36, 0x35, 0x20, 0x54,
  0x69, 0x67, 0x65, 0x72, 0x00, 0x41, 0x76, 0x69, 0x6f, 0x6e, 0x73, 0x20, 0x46, 0x41, 0x49, 0x52,
  0x45, 0x59, 0x20, 0x54, 0x69, 0x70, 0x73, 0x79, 0x20, 0x54, 0x72, 0x61, 0x69, 0x6e, 0x65, 0x72,
  0x00, 0x54, 0x6c, 0x20, 0x55, 0x4c, 0x54, 0x52, 0x41, 0x4c, 0x49, 0x47, 0x48, 0x54, 0x20, 0x54,
  0x4c, 0x2d, 0x32, 0x30, 0x30, 0x30, 0x20, 0x53, 0x74, 0x69, 0x6e, 0x67, 0x00, 0x54, 0x6c, 0x20,
  0x55, 0x4c, 0x54, 0x52, 0x41, 0x4c, 0x49, 0x47, 0x48, 0x54, 0x20, 0x54, 0x4c, 0x2d, 0x33, 0x30,
  0x30, 0x30, 0x20, 0x53, 0x69, 0x72, 0x69, 0x75, 0x73, 0x00, 0x4c, 0x65, 0x67, 0x65, 0x6e, 0x64,
  0x20, 0x54, 0x75, 0x72, 0x62, 0x69, 0x6e, 0x65, 0x20, 0x4c, 0x65, 0x67, 0x65, 0x6e, 0x64, 0x00,
  0x54, 0x6d, 0x2d, 0x35, 0x00, 0x46, 0x69, 0x73, 0x68, 0x65, 0x72, 0x20, 0x52, 0x2d, 0x38, 0x30,
  0x20, 0x54, 0x69, 0x67, 0x65, 0x72, 0x20, 0x4d, 0x6f, 0x74, 0x68, 0x00, 0x54, 0x68, 0x75, 0x6e,
  0x64, 0x65, 0x72, 0x20, 0x4d, 0x55, 0x53, 0x54, 0x41, 0x4e, 0x47, 0x00, 0x54, 0x65, 0x6d, 0x63,
  0x6f, 0x20, 0x54, 0x77, 0x69, 0x6e, 0x20, 0x4e, 0x61, 0x76, 0x69, 0x6f, 0x6e, 0x00, 0x44, 0x72,
  0x65, 0x61, 0x6d, 0x20, 0x54, 0x75, 0x6e, 0x64, 0x72, 0x61, 0x00, 0x53, 0x6f, 0x63, 0x61, 0x74,
  0x61, 0x20, 0x54, 0x6f, 0x62, 0x61, 0x67, 0x6f, 0x00, 0x4d, 0x65, 0x79, 0x65, 0x72, 0x20, 0x4c,
  0x69, 0x74, 0x74, 0x6c, 0x65, 0x20, 0x54, 0x6f, 0x6f, 0x74, 0x00, 0x50, 0x61, 0x6e, 0x61, 0x76,
  0x69, 0x61, 0x20, 0x54, 0x6f, 0x72, 0x6e, 0x61, 0x64, 0x6f, 0x00, 0x4d, 0x69, 0x6c, 0x6c, 0x69,
  0x63, 0x65, 0x72, 0x20, 0x41, 0x69, 0x72, 0x74, 0x6f, 0x75, 0x72, 0x65, 0x72, 0x00, 0x43, 0x61,
  0x67, 0x20, 0x54, 0x6f, 0x78, 0x6f, 0x00, 0x53, 0x63, 0x6f, 0x74, 0x74, 0x69, 0x73, 0x68, 0x20,
  0x41, 0x56, 0x49, 0x41, 0x54, 0x49, 0x4f, 0x4e, 0x20, 0x54, 0x77, 0x69, 0x6e, 0x20, 0x50, 0x69,
  0x6f, 0x6e, 0x65, 0x65, 0x72, 0x00, 0x54, 0x72, 0x69, 0x64, 0x65, 0x6e, 0x74, 0x20, 0x54, 0x72,
  0x69, 0x67, 0x75, 0x6c, 0x6c, 0x00, 0x33, 0x78, 0x74, 0x72, 0x69, 0x6d, 0x20, 0x4e, 0x61, 0x76,
  0x69, 0x67, 0x61, 0x74, 0x6f, 0x72, 0x20, 0x36, 0x30, 0x30, 0x00, 0x47, 0x72, 0x6f, 0x70, 0x70,
  0x6f, 0x20, 0x54, 0x72, 0x61, 0x69, 0x6c, 0x00, 0x54, 0x69, 0x74, 0x61, 0x6e, 0x20, 0x54, 0x6f,
  0x72, 0x6e, 0x61, 0x64, 0x6f, 0x20, 0x53, 0x53, 0x00, 0x54, 0x65, 0x61, 0x6d, 0x20, 0x52, 0x4f,
  0x43, 0x4b, 0x45, 0x54, 0x20, 0x46, 0x2d, 0x31, 0x00, 0x46, 0x6f, 0x72, 0x64, 0x20, 0x54, 0x72,
  0x69, 0x2d, 0x4d, 0x6f, 0x74, 0x6f, 0x72, 0x00, 0x42, 0x72, 0x69, 0x74, 0x74, 0x65, 0x6e, 0x2d,
  0x6e, 0x6f, 0x72, 0x6d, 0x61, 0x6e, 0x20, 0x54, 0x72, 0x69, 0x73, 0x6c, 0x61, 0x6e, 0x64, 0x65,
  0x72, 0x00, 0x53, 0x74, 0x69, 0x6e, 0x73, 0x6f, 0x6e, 0x20, 0x41, 0x20, 0x54, 0x72, 0x69, 0x2d,
  0x4d, 0x6f, 0x74, 0x6f, 0x72, 0x00, 0x50, 0x7a, 0x6c, 0x2d, 0x6d, 0x69, 0x65, 0x6c, 0x65, 0x63,
  0x20, 0x54, 0x53, 0x2d, 0x31, 0x31, 0x20, 0x49, 0x73, 0x6b, 0x72, 0x61, 0x00, 0x46, 0x61, 0x72,
  0x72, 0x69, 0x6e, 0x67, 0x74, 0x6f, 0x6e, 0x20, 0x54, 0x77, 0x69, 0x6e, 0x73, 0x74, 0x61, 0x72,
  0x00, 0x48, 0x75, 0x6d, 0x62, 0x65, 0x72, 0x74, 0x20, 0x54, 0x65, 0x74, 0x72, 0x61, 0x73, 0x00,
  0x50, 0x61, 0x72, 0x6b, 0x65, 0x72, 0x20, 0x54, 0x65, 0x65, 0x6e, 0x69, 0x65, 0x20, 0x54, 0x77,
  0x6f, 0x00, 0x54, 0x75, 0x70, 0x6f, 0x6c, 0x65, 0x76, 0x20, 0x54, 0x75, 0x2d, 0x31, 0x34, 0x32,
  0x00, 0x45, 0x6d, 0x62, 0x72, 0x61, 0x65, 0x72, 0x20, 0x45, 0x4d, 0x42, 0x2d, 0x33, 0x31, 0x32,
  0x20, 0x54, 0x75, 0x63, 0x61, 0x6e, 0x6f, 0x00, 0x46, 0x6c, 0x79, 0x69, 0x6e, 0x67, 0x20, 0x4c,
  0x45, 0x47, 0x45, 0x4e, 0x44, 0x20, 0x54, 0x75, 0x63, 0x61, 0x6e, 0x6f, 0x20, 0x52, 0x65, 0x70,
  0x6c, 0x69, 0x63, 0x61, 0x00, 0x34, 0x30, 0x30, 0x30, 0x00, 0x32, 0x30, 0x30, 0x30, 0x00, 0x54,
  0x65, 0x63, 0x6e, 0x61, 0x6d, 0x20, 0x54, 0x77, 0x65, 0x6e, 0x74, 0x79, 0x2d, 0x54, 0x65, 0x6e,
  0x00, 0x53, 0x69, 0x6c, 0x65, 0x6e, 0x63, 0x65, 0x20, 0x54, 0x77, 0x69, 0x73, 0x74, 0x65, 0x72,
  0x00, 0x50, 0x68, 0x6f, 0x65, 0x6e, 0x69, 0x78, 0x20, 0x41, 0x49, 0x52, 0x20, 0x50, 0x68, 0x6f,
  0x65, 0x6e, 0x69, 0x78, 0x00, 0x47, 0x72, 0x75, 0x6d, 0x6d, 0x61, 0x6e, 0x20, 0x41, 0x6c, 0x62,
  0x61, 0x74, 0x72, 0x6f, 0x73, 0x73, 0x00, 0x4c, 0x6f, 0x63, 0x6b, 0x68, 0x65, 0x65, 0x64, 0x20,
  0x55, 0x2d, 0x32, 0x53, 0x00, 0x42, 0x65, 0x65, 0x63, 0x68, 0x20, 0x55, 0x2d, 0x32, 0x31, 0x20,
  0x55, 0x74, 0x65, 0x00, 0x31, 0x30, 0x37, 0x39, 0x00, 0x55, 0x72, 0x62, 0x61, 0x6e, 0x20, 0x55,
  0x46, 0x4d, 0x2d, 0x31, 0x30, 0x20, 0x53, 0x61, 0x6d, 0x62, 0x61, 0x00, 0x55, 0x72, 0x62, 0x61,
  0x6e, 0x20, 0x55, 0x46, 0x4d, 0x2d, 0x31, 0x33, 0x20, 0x4c, 0x61, 0x6d, 0x62, 0x61, 0x64, 0x61,
  0x00, 0x42, 0x65, 0x6c, 0x6c, 0x20, 0x55, 0x48, 0x2d, 0x31, 0x20, 0x48, 0x75, 0x65, 0x79, 0x00,
  0x42, 0x65, 0x6c, 0x6c, 0x20, 0x55, 0x48, 0x2d, 0x31, 0x59, 0x20, 0x56, 0x65, 0x6e, 0x6f, 0x6d,
  0x00, 0x48, 0x65, 0x6c, 0x69, 0x63, 0x79, 0x63, 0x6c, 0x65, 0x00, 0x55, 0x6c, 0x74, 0x69, 0x6d,
  0x61, 0x74, 0x65, 0x20, 0x41, 0x6c, 0x62, 0x65, 0x72, 0x74, 0x61, 0x6e, 0x00, 0x33, 0x78, 0x74,
  0x72, 0x69, 0x6d, 0x20, 0x55, 0x6c, 0x74, 0x72, 0x61, 0x00, 0x43, 0x68, 0x61, 0x6c, 0x6c, 0x65,
  0x6e, 0x67, 0x65, 0x72, 0x20, 0x49, 0x49, 0x00, 0x41, 0x6d, 0x65, 0x72, 0x69, 0x63, 0x61, 0x6e,
  0x20, 0x53, 0x50, 0x4f, 0x52, 0x54, 0x53, 0x43, 0x4f, 0x50, 0x54, 0x45, 0x52, 0x20, 0x55, 0x6c,
  0x74, 0x72, 0x61, 0x73, 0x70, 0x6f, 0x72, 0x74, 0x20, 0x34, 0x39, 0x36, 0x00, 0x49, 0x62, 0x69,
  0x73, 0x20, 0x55, 0x72, 0x72, 0x61, 0x63, 0x6f, 0x00, 0x55, 0x74, 0x76, 0x61, 0x20, 0x36, 0x36,
  0x00, 0x47, 0x72, 0x75, 0x6d, 0x6d, 0x61, 0x6e, 0x20, 0x4d, 0x6f, 0x68, 0x61, 0x77, 0x6b, 0x00,
  0x4e, 0x6f, 0x72, 0x74, 0x68, 0x20, 0x41, 0x4d, 0x45, 0x52, 0x49, 0x43, 0x41, 0x4e, 0x20, 0x4f,
  0x56, 0x2d, 0x31, 0x30, 0x20, 0x42, 0x72, 0x6f, 0x6e, 0x63, 0x6f, 0x00, 0x42, 0x65, 0x6c, 0x6c,
  0x2d, 0x62, 0x6f, 0x65, 0x69, 0x6e, 0x67, 0x20, 0x56, 0x2d, 0x32, 0x32, 0x20, 0x4f, 0x73, 0x70,
  0x72, 0x65, 0x79, 0x00, 0x4d, 0x73, 0x77, 0x20, 0x56, 0x6f, 0x74, 0x65, 0x63, 0x20, 0x32, 0x35,
  0x32, 0x00, 0x4d, 0x73, 0x77, 0x20, 0x56, 0x6f, 0x74, 0x65, 0x63, 0x20, 0x33, 0x32, 0x32, 0x00,
  0x4d, 0x73, 0x77, 0x20, 0x56, 0x6f, 0x74, 0x65, 0x63, 0x20, 0x34, 0x35, 0x32, 0x00, 0x52, 0x65,
  0x76, 0x6f, 0x6c, 0x75, 0x74, 0x69, 0x6f, 0x6e, 0x20, 0x56, 0x6f, 0x79, 0x61, 0x67, 0x65, 0x72,
  0x20, 0x35, 0x30, 0x30, 0x00, 0x43, 0x6f, 0x6e, 0x76, 0x61, 0x69, 0x72, 0x20, 0x56, 0x61, 0x6c,
  0x69, 0x61, 0x6e, 0x74, 0x00, 0x44, 0x65, 0x20, 0x48, 0x41, 0x56, 0x49, 0x4c, 0x4c, 0x41, 0x4e,
  0x44, 0x20, 0x44, 0x48, 0x2d, 0x31, 0x30, 0x30, 0x2f, 0x31, 0x31, 0x35, 0x20, 0x56, 0x61, 0x6d,
  0x70, 0x69, 0x72, 0x65, 0x00, 0x56, 0x65, 0x6c, 0x6f, 0x63, 0x69, 0x74, 0x79, 0x00, 0x56, 0x65,
  0x6c, 0x6f, 0x63, 0x69, 0x74, 0x79, 0x20, 0x56, 0x2d, 0x54, 0x77, 0x69, 0x6e, 0x00, 0x52, 0x75,
  0x74, 0x61, 0x6e, 0x20, 0x56, 0x61, 0x72, 0x69, 0x45, 0x7a, 0x65, 0x00, 0x4c, 0x65, 0x6f, 0x6e,
  0x61, 0x72, 0x64, 0x6f, 0x20, 0x41, 0x57, 0x20, 0x48, 0x65, 0x72, 0x6f, 0x00, 0x41, 0x76, 0x69,
  0x61, 0x6b, 0x69, 0x74, 0x20, 0x56, 0x65, 0x67, 0x61, 0x20, 0x33, 0x30, 0x30, 0x30, 0x00, 0x50,
  0x65, 0x72, 0x63, 0x69, 0x76, 0x61, 0x6c, 0x20, 0x56, 0x65, 0x67, 0x61, 0x20, 0x47, 0x75, 0x6c,
  0x6c, 0x00, 0x56, 0x69, 0x70, 0x65, 0x72, 0x20, 0x56, 0x69, 0x70, 0x65, 0x72, 0x4a, 0x65, 0x74,
  0x00, 0x53, 0x6b, 0x79, 0x73, 0x74, 0x61, 0x72, 0x20, 0x4b, 0x69, 0x74, 0x66, 0x6f, 0x78, 0x20,
  0x56, 0x6f, 0x79, 0x61, 0x67, 0x65, 0x72, 0x00, 0x56, 0x6f, 0x6c, 0x6d, 0x65, 0x72, 0x20, 0x53,
  0x70, 0x6f, 0x72, 0x74, 0x73, 0x6d, 0x61, 0x6e, 0x00, 0x43, 0x69, 0x72, 0x72, 0x75, 0x73, 0x20,
  0x56, 0x4b, 0x20, 0x33, 0x30, 0x00, 0x41, 0x76, 0x65, 0x6b, 0x6f, 0x20, 0x46, 0x6c, 0x61, 0x6d,
  0x69, 0x6e, 0x67, 0x6f, 0x00, 0x4a, 0x6d, 0x62, 0x20, 0x41, 0x49, 0x52, 0x43, 0x52, 0x41, 0x46,
  0x54, 0x20, 0x56, 0x4c, 0x2d, 0x33, 0x20, 0x45, 0x76, 0x6f, 0x6c, 0x75, 0x74, 0x69, 0x6f, 0x6e,
  0x20, 0x54, 0x75, 0x72, 0x62, 0x69, 0x6e, 0x65, 0x00, 0x56, 0x6f, 0x6c, 0x20, 0x4d, 0x45, 0x44,
  0x49, 0x54, 0x45, 0x52, 0x52, 0x41, 0x4e, 0x49, 0x20, 0x56, 0x4d, 0x2d, 0x31, 0x20, 0x45, 0x73,
  0x71, 0x75, 0x61, 0x6c, 0x00, 0x44, 0x65, 0x20, 0x48, 0x41, 0x56, 0x49, 0x4c, 0x4c, 0x41, 0x4e,
  0x44, 0x20, 0x44, 0x48, 0x2d, 0x31, 0x31, 0x32, 0x20, 0x56, 0x65, 0x6e, 0x6f, 0x6d, 0x00, 0x49,
  0x63, 0x70, 0x20, 0x56, 0x65, 0x6e, 0x74, 0x75, 0x72, 0x61, 0x00, 0x4e, 0x6f, 0x72, 0x74, 0x68,
  0x20, 0x41, 0x4d, 0x45, 0x52, 0x49, 0x43, 0x41, 0x4e, 0x20, 0x52, 0x4f, 0x43, 0x4b, 0x57, 0x45,
  0x4c, 0x4c, 0x20, 0x43, 0x6f, 0x6d, 0x6d, 0x61, 0x6e, 0x64, 0x65, 0x72, 0x20, 0x31, 0x30, 0x30,
  0x00, 0x45, 0x76, 0x61, 0x6e, 0x73, 0x20, 0x56, 0x6f, 0x6c, 0x6b, 0x73, 0x70, 0x6c, 0x61, 0x6e,
  0x65, 0x00, 0x56, 0x61, 0x73, 0x68, 0x6f, 0x6e, 0x20, 0x52, 0x61, 0x6e, 0x67, 0x65, 0x72, 0x20,
  0x52, 0x37, 0x00, 0x56, 0x75, 0x6c, 0x63, 0x61, 0x6e, 0x61, 0x69, 0x72, 0x20, 0x56, 0x69, 0x61,
  0x74, 0x6f, 0x72, 0x00, 0x52, 0x61, 0x6e, 0x73, 0x20, 0x56, 0x65, 0x6e, 0x74, 0x65, 0x72, 0x72,
  0x61, 0x00, 0x51, 0x75, 0x65, 0x73, 0x74, 0x61, 0x69, 0x72, 0x20, 0x56, 0x65, 0x6e, 0x74, 0x75,
  0x72, 0x65, 0x00, 0x45, 0x76, 0x65, 0x6b, 0x74, 0x6f, 0x72, 0x20, 0x43, 0x6f, 0x62, 0x72, 0x61,
  0x00, 0x52, 0x75, 0x74, 0x61, 0x6e, 0x20, 0x56, 0x61, 0x72, 0x69, 0x56, 0x69, 0x67, 0x67, 0x65,
  0x6e, 0x00, 0x57, 0x69, 0x74, 0x74, 0x6d, 0x61, 0x6e, 0x20, 0x56, 0x2d, 0x57, 0x69, 0x74, 0x74,
  0x00, 0x57, 0x6f, 0x6c, 0x66, 0x20, 0x42, 0x6f, 0x72, 0x65, 0x64, 0x6f, 0x6d, 0x20, 0x46, 0x69,
  0x67, 0x68, 0x74, 0x65, 0x72, 0x00, 0x42, 0x6f, 0x65, 0x69, 0x6e, 0x67, 0x20, 0x57, 0x43, 0x2d,
  0x31, 0x33, 0x35, 0x52, 0x00, 0x36, 0x32, 0x30, 0x62, 0x00, 0x50, 0x7a, 0x6c, 0x2d, 0x73, 0x77,
  0x69, 0x64, 0x6e, 0x69, 0x6b, 0x20, 0x57, 0x2d, 0x33, 0x00, 0x57, 0x65, 0x61, 0x74, 0x68, 0x65,
  0x72, 0x6c, 0x79, 0x20, 0x36, 0x32, 0x30, 0x54, 0x50, 0x00, 0x57, 0x61, 0x73, 0x73, 0x6d, 0x65,
  0x72, 0x20, 0x57, 0x41, 0x2d, 0x34, 0x30, 0x20, 0x53, 0x75, 0x70, 0x65, 0x72, 0x20, 0x34, 0x00,
  0x57, 0x61, 0x73, 0x73, 0x6d, 0x65, 0x72, 0x20, 0x57, 0x41, 0x2d, 0x34, 0x31, 0x20, 0x42, 0x61,
  0x6c, 0x61, 0x64, 0x6f, 0x75, 0x00, 0x57, 0x61, 0x73, 0x73, 0x6d, 0x65, 0x72, 0x20, 0x57, 0x41,
  0x2d, 0x34, 0x32, 0x31, 0x20, 0x50, 0x72, 0x65, 0x73, 0x74, 0x69, 0x67, 0x65, 0x00, 0x57, 0x61,
  0x73, 0x73, 0x6d, 0x65, 0x72, 0x20, 0x57, 0x41, 0x2d, 0x35, 0x34, 0x20, 0x41, 0x74, 0x6c, 0x61,
  0x6e, 0x74, 0x69, 0x63, 0x00, 0x57, 0x61, 0x73, 0x73, 0x6d, 0x65, 0x72, 0x20, 0x57, 0x41, 0x2d,
  0x38, 0x31, 0x20, 0x50, 0x69, 0x72, 0x61, 0x6e, 0x68, 0x61, 0x00, 0x57, 0x61, 0x63, 0x6f, 0x20,
  0x39, 0x00, 0x55, 0x6c, 0x61, 0x00, 0x57, 0x61, 0x63, 0x6f, 0x20, 0x43, 0x2f, 0x53, 0x00, 0x57,
  0x61, 0x63, 0x6f, 0x20, 0x44, 0x00, 0x57, 0x61, 0x63, 0x6f, 0x20, 0x41, 0x72, 0x69, 0x73, 0x74,
  0x6f, 0x63, 0x72, 0x61, 0x74, 0x00, 0x57, 0x61, 0x63, 0x6f, 0x20, 0x46, 0x00, 0x57, 0x61, 0x63,
  0x6f, 0x20, 0x47, 0x00, 0x57, 0x61, 0x63, 0x6f, 0x20, 0x4a, 0x57, 0x4d, 0x2f, 0x4a, 0x59, 0x4d,
  0x00, 0x57, 0x61, 0x63, 0x6f, 0x20, 0x41, 0x56, 0x4e, 0x2f, 0x5a, 0x56, 0x4e, 0x00, 0x57, 0x61,
  0x63, 0x6f, 0x20, 0x45, 0x2f, 0x4f, 0x00, 0x57, 0x61, 0x63, 0x6f, 0x20, 0x52, 0x50, 0x54, 0x00,
  0x53, 0x6f, 0x6e, 0x65, 0x78, 0x20, 0x57, 0x61, 0x69, 0x65, 0x78, 0x00, 0x57, 0x65, 0x73, 0x74,
  0x6c, 0x61, 0x6e, 0x64, 0x20, 0x57, 0x61, 0x73, 0x70, 0x00, 0x4d, 0x61, 0x72, 0x74, 0x69, 0x6e,
  0x20, 0x32, 0x37, 0x32, 0x00, 0x44, 0x65, 0x61, 0x6e, 0x2d, 0x77, 0x69, 0x6c, 0x73, 0x6f, 0x6e,
  0x20, 0x57, 0x68, 0x69, 0x74, 0x6e, 0x65, 0x79, 0x20, 0x42, 0x6f, 0x6f, 0x6d, 0x65, 0x72, 0x61,
  0x6e, 0x67, 0x00, 0x46, 0x6d, 0x2d, 0x32, 0x00, 0x57, 0x69, 0x6e, 0x64, 0x65, 0x78, 0x61, 0x69,
  0x72, 0x20, 0x57, 0x69, 0x6e, 0x64, 0x65, 0x78, 0x00, 0x57, 0x65, 0x73, 0x74, 0x6c, 0x61, 0x6e,
  0x64, 0x20, 0x57, 0x65, 0x73, 0x73, 0x65, 0x78, 0x00, 0x57, 0x61, 0x72, 0x20, 0x46, 0x6f, 0x63,
  0x6b, 0x65, 0x2d, 0x57, 0x75, 0x6c, 0x66, 0x20, 0x31, 0x39, 0x30, 0x00, 0x57, 0x61, 0x72, 0x20,
  0x48, 0x61, 0x77, 0x6b, 0x65, 0x72, 0x20, 0x53, 0x65, 0x61, 0x20, 0x46, 0x75, 0x72, 0x79, 0x00,
  0x57, 0x65, 0x6e, 0x64, 0x74, 0x20, 0x54, 0x72, 0x61, 0x76, 0x65, 0x6c, 0x65, 0x72, 0x00, 0x57,
  0x68, 0x20, 0x34, 0x20, 0x48, 0x41, 0x52, 0x50, 0x4f, 0x4f, 0x4e, 0x00, 0x57, 0x68, 0x69, 0x74,
  0x65, 0x20, 0x4c, 0x49, 0x47, 0x48, 0x54, 0x4e, 0x49, 0x4e, 0x47, 0x20, 0x57, 0x4c, 0x41, 0x43,
  0x2d, 0x31, 0x00, 0x4d, 0x69, 0x6c, 0x65, 0x73, 0x20, 0x57, 0x68, 0x69, 0x74, 0x6e, 0x65, 0x79,
  0x20, 0x53, 0x74, 0x72, 0x61, 0x69, 0x67, 0x68, 0x74, 0x00, 0x52, 0x75, 0x74, 0x61, 0x6e, 0x20,
  0x57, 0x68, 0x69, 0x74, 0x65, 0x20, 0x4b, 0x6e, 0x69, 0x67, 0x68, 0x74, 0x20, 0x54, 0x77, 0x6f,
  0x00, 0x4a, 0x61, 0x76, 0x65, 0x6c, 0x69, 0x6e, 0x20, 0x57, 0x69, 0x63, 0x68, 0x61, 0x77, 0x6b,
  0x00, 0x55, 0x6c, 0x74, 0x72, 0x61, 0x6c, 0x65, 0x69, 0x63, 0x68, 0x74, 0x62, 0x61, 0x75, 0x20,
  0x57, 0x69, 0x6c, 0x64, 0x20, 0x54, 0x68, 0x69, 0x6e, 0x67, 0x00, 0x57, 0x61, 0x74, 0x73, 0x6f,
  0x6e, 0x20, 0x57, 0x69, 0x6e, 0x64, 0x77, 0x61, 0x67, 0x6f, 0x6e, 0x00, 0x43, 0x6f, 0x6d, 0x6d,
  0x6f, 0x6e, 0x77, 0x65, 0x61, 0x6c, 0x74, 0x68, 0x20, 0x57, 0x69, 0x72, 0x72, 0x61, 0x77, 0x61,
  0x79, 0x00, 0x57, 0x68, 0x69, 0x73, 0x70, 0x65, 0x72, 0x00, 0x41, 0x65, 0x72, 0x6f, 0x73, 0x70,
  0x6f, 0x6f, 0x6c, 0x20, 0x57, 0x54, 0x2d, 0x31, 0x30, 0x20, 0x41, 0x64, 0x76, 0x61, 0x6e, 0x74,
  0x69, 0x63, 0x00, 0x41, 0x65, 0x72, 0x6f, 0x73, 0x70, 0x6f, 0x6f, 0x6c, 0x20, 0x57, 0x54, 0x2d,
  0x39, 0x20, 0x44, 0x79, 0x6e, 0x61, 0x6d, 0x69, 0x63, 0x00, 0x57, 0x68, 0x69, 0x74, 0x65, 0x20,
  0x44, 0x65, 0x72, 0x20, 0x4a, 0x61, 0x65, 0x67, 0x65, 0x72, 0x20, 0x44, 0x2d, 0x39, 0x00, 0x49,
  0x61, 0x69, 0x20, 0x31, 0x31, 0x32, 0x34, 0x20, 0x57, 0x65, 0x73, 0x74, 0x77, 0x69, 0x6e, 0x64,
  0x00, 0x43, 0x68, 0x61, 0x6e, 0x67, 0x68, 0x65, 0x20, 0x57, 0x5a, 0x2d, 0x31, 0x30, 0x00, 0x4c,
  0x6f, 0x63, 0x6b, 0x68, 0x65, 0x65, 0x64, 0x20, 0x4d, 0x41, 0x52, 0x54, 0x49, 0x4e, 0x20, 0x58,
  0x2d, 0x35, 0x39, 0x20, 0x51, 0x75, 0x65, 0x53, 0x53, 0x54, 0x00, 0x58, 0x74, 0x72, 0x65, 0x6d,
  0x61, 0x69, 0x72, 0x20, 0x58, 0x41, 0x2d, 0x34, 0x31, 0x00, 0x58, 0x74, 0x72, 0x65, 0x6d, 0x61,
  0x69, 0x72, 0x20, 0x58, 0x41, 0x2d, 0x34, 0x32, 0x00, 0x52, 0x61, 0x6a, 0x20, 0x48, 0x41, 0x4d,
  0x53, 0x41, 0x20, 0x58, 0x41, 0x2d, 0x38, 0x35, 0x00, 0x52, 0x61, 0x6a, 0x20, 0x48, 0x41, 0x4d,
  0x53, 0x41, 0x20, 0x58, 0x2d, 0x41, 0x49, 0x52, 0x20, 0x46, 0x61, 0x6c, 0x63, 0x6f, 0x6e, 0x00,
  0x58, 0x62, 0x2d, 0x31, 0x00, 0x4c, 0x69, 0x62, 0x65, 0x72, 0x74, 0x79, 0x20, 0x58, 0x4c, 0x2d,
  0x32, 0x00, 0x43, 0x65, 0x6c, 0x69, 0x65, 0x72, 0x20, 0x58, 0x65, 0x6e, 0x6f, 0x6e, 0x00, 0x53,
  0x6f, 0x6e, 0x65, 0x78, 0x20, 0x58, 0x65, 0x6e, 0x6f, 0x73, 0x00, 0x48, 0x61, 0x72, 0x62, 0x69,
  0x6e, 0x20, 0x59, 0x2d, 0x31, 0x32, 0x45, 0x20, 0x48, 0x61, 0x72, 0x62, 0x69, 0x6e, 0x67, 0x65,
  0x72, 0x00, 0x48, 0x61, 0x72, 0x62, 0x69, 0x6e, 0x20, 0x59, 0x2d, 0x31, 0x32, 0x46, 0x20, 0x41,
  0x69, 0x72, 0x63, 0x61, 0x72, 0x00, 0x59, 0x61, 0x6b, 0x6f, 0x76, 0x6c, 0x65, 0x76, 0x20, 0x59,
  0x61, 0x6b, 0x2d, 0x31, 0x38, 0x54, 0x00, 0x58, 0x69, 0x61, 0x6e, 0x20, 0x4b, 0x75, 0x6e, 0x70,
  0x65, 0x6e, 0x67, 0x00, 0x59, 0x65, 0x6f, 0x6d, 0x61, 0x6e, 0x20, 0x43, 0x72, 0x6f, 0x70, 0x6d,
  0x61, 0x73, 0x74, 0x65, 0x72, 0x00, 0x59, 0x61, 0x6b, 0x6f, 0x76, 0x6c, 0x65, 0x76, 0x20, 0x59,
  0x61, 0x6b, 0x2d, 0x33, 0x00, 0x59, 0x61, 0x6b, 0x6f, 0x76, 0x6c, 0x65, 0x76, 0x20, 0x59, 0x61,
  0x6b, 0x2d, 0x39, 0x00, 0x4e, 0x6f, 0x72, 0x74, 0x68, 0x20, 0x41, 0x4d, 0x45, 0x52, 0x49, 0x43,
  0x41, 0x4e, 0x20, 0x59, 0x61, 0x6c, 0x65, 0x00, 0x59, 0x61, 0x6b, 0x6f, 0x76, 0x6c, 0x65, 0x76,
  0x20, 0x59, 0x61, 0x6b, 0x2d, 0x31, 0x31, 0x00, 0x59, 0x61, 0x6b, 0x6f, 0x76, 0x6c, 0x65, 0x76,
  0x20, 0x59, 0x61, 0x6b, 0x2d, 0x31, 0x32, 0x00, 0x59, 0x61, 0x6b, 0x6f, 0x76, 0x6c, 0x65, 0x76,
  0x20, 0x59, 0x61, 0x6b, 0x2d, 0x31, 0x38, 0x55, 0x00, 0x59, 0x61, 0x6b, 0x6f, 0x76, 0x6c, 0x65,
  0x76, 0x20, 0x59, 0x61, 0x6b, 0x2d, 0x34, 0x30, 0x00, 0x59, 0x61, 0x6b, 0x6f, 0x76, 0x6c, 0x65,
  0x76, 0x20, 0x59, 0x61, 0x6b, 0x2d, 0x31, 0x34, 0x32, 0x00, 0x59, 0x61, 0x6b, 0x6f, 0x76, 0x6c,
  0x65, 0x76, 0x20, 0x59, 0x61, 0x6b, 0x2d, 0x35, 0x30, 0x00, 0x59, 0x61, 0x6b, 0x6f, 0x76, 0x6c,
  0x65, 0x76, 0x20, 0x59, 0x61, 0x6b, 0x2d, 0x35, 0x32, 0x00, 0x59, 0x61, 0x6b, 0x6f, 0x76, 0x6c,
  0x65, 0x76, 0x20, 0x59, 0x61, 0x6b, 0x2d, 0x35, 0x34, 0x00, 0x59, 0x61, 0x6b, 0x6f, 0x76, 0x6c,
  0x65, 0x76, 0x20, 0x59, 0x61, 0x6b, 0x2d, 0x35, 0x35, 0x00, 0x42, 0x6f, 0x65, 0x69, 0x6e, 0x67,
  0x20, 0x34, 0x35, 0x31, 0x20, 0x53, 0x63, 0x6f, 0x75, 0x74, 0x00, 0x5a, 0x6c, 0x69, 0x6e, 0x20,
  0x5a, 0x2d, 0x32, 0x36, 0x2f, 0x31, 0x32, 0x36, 0x2f, 0x32, 0x32, 0x36, 0x2f, 0x33, 0x32, 0x36,
  0x2f, 0x35, 0x32, 0x36, 0x2f, 0x36, 0x32, 0x36, 0x2f, 0x37, 0x32, 0x36, 0x00, 0x4c, 0x65, 0x74,
  0x20, 0x5a, 0x2d, 0x33, 0x37, 0x20, 0x43, 0x6d, 0x65, 0x6c, 0x61, 0x6b, 0x00, 0x4d, 0x6f, 0x72,
  0x61, 0x76, 0x61, 0x6e, 0x20, 0x5a, 0x2d, 0x31, 0x33, 0x37, 0x20, 0x41, 0x67, 0x72, 0x6f, 0x20,
  0x54, 0x75, 0x72, 0x62, 0x6f, 0x00, 0x5a, 0x6c, 0x69, 0x6e, 0x20, 0x5a, 0x2d, 0x34, 0x32, 0x2f,
  0x31, 0x34, 0x32, 0x2f, 0x32, 0x34, 0x32, 0x00, 0x5a, 0x6c, 0x69, 0x6e, 0x20, 0x5a, 0x2d, 0x34,
  0x33, 0x2f, 0x31, 0x34, 0x33, 0x00, 0x5a, 0x6c, 0x69, 0x6e, 0x20, 0x5a, 0x2d, 0x35, 0x30, 0x00,
  0x41, 0x65, 0x72, 0x6f, 0x6b, 0x6f, 0x70, 0x74, 0x65, 0x72, 0x20, 0x5a, 0x41, 0x2d, 0x36, 0x20,
  0x53, 0x61, 0x6e, 0x6b, 0x61, 0x00, 0x41, 0x74, 0x65, 0x63, 0x20, 0x5a, 0x65, 0x70, 0x68, 0x79,
  0x72, 0x00, 0x4d, 0x69, 0x74, 0x73, 0x75, 0x62, 0x69, 0x73, 0x68, 0x69, 0x20, 0x5a, 0x65, 0x72,
  0x6f, 0x00, 0x44, 0x6a, 0x69, 0x20, 0x49, 0x6e, 0x73, 0x70, 0x69, 0x72, 0x65, 0x20, 0x31, 0x00,
};

const Entry kTypes[kCount] PROGMEM = {
  { "A1", 0 },
  { "A10", 22 },
  { "A109", 53 },
  { "A119", 73 },
  { "A124", 93 },
  { "A139", 115 },
  { "A140", 129 },
  { "A148", 144 },
  { "A149", 159 },
  { "A158", 173 },
  { "A169", 188 },
  { "A178", 202 },
  { "A189", 217 },
  { "A19N", 231 },
  { "A20", 247 },
  { "A20N", 266 },
  { "A210", 282 },
  { "A21N", 295 },
  { "A223", 311 },
  { "A3", 335 },
  { "A306", 358 },
  { "A30B", 375 },
  { "A310", 392 },
  { "A318", 405 },
  { "A319", 418 },
  { "A320", 431 },
  { "A321", 444 },
  { "A332", 457 },
  { "A333", 474 },
  { "A337", 491 },
  { "A338", 518 },
  { "A339", 535 },
  { "A342", 552 },
  { "A343", 569 },
  { "A345", 586 },
  { "A346", 603 },
  { "A359", 620 },
  { "A35K", 637 },
  { "A37", 655 },
  { "A388", 676 },
  { "A3ST", 693 },
  { "A4", 733 },
  { "A400", 753 },
  { "A5", 767 },
  { "A500", 776 },
  { "A504", 781 },
  { "A6", 798 },
  { "A600", 818 },
  { "A660", 839 },
  { "A748", 861 },
  { "A9", 870 },
  { "AA1", 916 },
  { "AA5", 930 },
  { "AAT3", 950 },
  { "AAT4", 960 },
  { "AB95", 970 },
  { "AC10", 987 },
  { "AC11", 1013 },
  { "AC4", 1055 },
  { "AC50", 1071 },
  { "AC52", 1109 },
  { "AC56", 1128 },
  { "AC68", 1147 },
  { "AC6L", 1166 },
  { "AC80", 1185 },
  { "AC90", 1229 },
  { "AC95", 1277 },
  { "ACAM", 1324 },
  { "ACAR", 1337 },
  { "ACED", 1356 },
  { "ACR2", 1379 },
  { "ACRO", 1392 },
  { "ACSR", 1405 },
  { "ADVE", 1422 },
  { "ADVN", 1444 },
  { "AE45", 1469 },
  { "AEA1", 1489 },
  { "AERK", 1510 },
  { "AEST", 1528 },
  { "AFOX", 1541 },
  { "AG1", 1559 },
  { "AG10", 1570 },
  { "AG60", 1583 },
  { "AGSH", 1604 },
  { "AIGT", 1625 },
  { "AIRD", 1651 },
  { "AJ27", 1673 },
  { "AJET", 1700 },
  { "AKRO", 1727 },
  { "ALBU", 1741 },
  { "ALGR", 1781 },
  { "ALH", 1794 },
  { "ALIG", 1810 },
  { "ALO2", 1831 },
  { "ALO3", 1846 },
  { "ALPI", 1870 },
  { "ALSL", 1889 },
  { "ALTO", 1905 },
  { "AM3", 1921 },
  { "AMX", 1953 },
  { "AN12", 1984 },
  { "AN2", 1998 },
  { "AN22", 2011 },
  { "AN24", 2033 },
  { "AN26", 2047 },
  { "AN28", 2061 },
  { "AN30", 2075 },
  { "AN32", 2089 },
  { "AN70", 2110 },
  { "AN72", 2124 },
  { "ANDR", 2142 },
  { "ANGL", 2161 },
  { "ANSN", 2176 },
  { "ANST", 2191 },
  { "AP20", 2203 },
  { "AP22", 2218 },
  { "AP26", 2233 },
  { "AP32", 2248 },
  { "AP36", 2263 },
  { "APM2", 2278 },
  { "APM3", 2302 },
  { "APM4", 2322 },
  { "APUP", 2343 },
  { "AR11", 2351 },
  { "AR15", 2368 },
  { "AR50", 2385 },
  { "AR65", 2402 },
  { "AR6T", 2425 },
  { "ARES", 2443 },
  { "ARV1", 2454 },
  { "ARVA", 2466 },
  { "ARWF", 2484 },
  { "AS02", 2496 },
  { "AS14", 2513 },
  { "AS16", 2531 },
  { "AS2T", 2549 },
  { "AS32", 2579 },
  { "AS3B", 2610 },
  { "AS50", 2645 },
  { "AS55", 2674 },
  { "AS65", 2705 },
  { "ASO4", 2735 },
  { "ASO5", 2755 },
  { "ASTO", 2777 },
  { "ASTR", 2791 },
  { "AT2P", 2828 },
  { "AT3P", 2847 },
  { "AT3T", 2870 },
  { "AT43", 2893 },
  { "AT44", 2904 },
  { "AT45", 2915 },
  { "AT46", 2926 },
  { "AT5T", 2937 },
  { "AT6T", 2956 },
  { "AT72", 2975 },
  { "AT73", 2986 },
  { "AT75", 2997 },
  { "AT76", 3008 },
  { "AT8T", 3019 },
  { "ATL", 3038 },
  { "ATLA", 3048 },
  { "ATP", 3065 },
  { "AUJ2", 3087 },
  { "AUJ4", 3104 },
  { "AURA", 3122 },
  { "AUS3", 3144 },
  { "AUS4", 3156 },
  { "AUS5", 3168 },
  { "AUS6", 3180 },
  { "AUS9", 3192 },
  { "AV68", 3204 },
  { "AVAM", 3235 },
  { "AVID", 3250 },
  { "AVIN", 3261 },
  { "AVTR", 3272 },
  { "B06", 3298 },
  { "B1", 3317 },
  { "B103", 3337 },
  { "B105", 3357 },
  { "B14A", 3375 },
  { "B17", 3387 },
  { "B190", 3415 },
  { "B209", 3426 },
  { "B212", 3444 },
  { "B214", 3453 },
  { "B222", 3462 },
  { "B23", 3471 },
  { "B230", 3491 },
  { "B24", 3500 },
  { "B25", 3528 },
  { "B26", 3557 },
  { "B29", 3578 },
  { "B305", 3604 },
  { "B350", 3616 },
  { "B360", 3646 },
  { "B36T", 3664 },
  { "B37M", 3689 },
  { "B38M", 3706 },
  { "B39M", 3723 },
  { "B3XM", 3740 },
  { "B407", 3758 },
  { "B412", 3767 },
  { "B427", 3776 },
  { "B429", 3785 },
  { "B430", 3807 },
  { "B461", 3816 },
  { "B462", 3852 },
  { "B463", 3891 },
  { "B47G", 3917 },
  { "B47J", 3926 },
  { "B47T", 3935 },
  { "B505", 3949 },
  { "B52", 3970 },
  { "B58T", 3998 },
  { "B609", 4015 },
  { "B701", 4034 },
  { "B703", 4049 },
  { "B712", 4064 },
  { "B721", 4079 },
  { "B722", 4094 },
  { "B732", 4109 },
  { "B733", 4124 },
  { "B734", 4139 },
  { "B735", 4154 },
  { "B736", 4169 },
  { "B737", 4184 },
  { "B738", 4199 },
  { "B739", 4214 },
  { "B741", 4229 },
  { "B742", 4244 },
  { "B743", 4259 },
  { "B744", 4274 },
  { "B748", 4289 },
  { "B74S", 4302 },
  { "B752", 4315 },
  { "B753", 4330 },
  { "B762", 4345 },
  { "B763", 4360 },
  { "B764", 4375 },
  { "B772", 4390 },
  { "B773", 4405 },
  { "B779", 4420 },
  { "B77L", 4433 },
  { "B77W", 4450 },
  { "B788", 4467 },
  { "B789", 4491 },
  { "B78X", 4515 },
  { "BA11", 4540 },
  { "BABY", 4549 },
  { "BALL", 4581 },
  { "BARC", 4594 },
  { "BCAT", 4611 },
  { "BCS1", 4632 },
  { "BCS3", 4648 },
  { "BD4", 4664 },
  { "BD5", 4674 },
  { "BD5J", 4689 },
  { "BDOG", 4700 },
  { "BE10", 4731 },
  { "BE17", 4750 },
  { "BE18", 4771 },
  { "BE19", 4790 },
  { "BE20", 4805 },
  { "BE22", 4830 },
  { "BE23", 4852 },
  { "BE24", 4871 },
  { "BE30", 4887 },
  { "BE33", 4912 },
  { "BE35", 4929 },
  { "BE36", 4946 },
  { "BE40", 4963 },
  { "BE4W", 4982 },
  { "BE50", 5003 },
  { "BE55", 5022 },
  { "BE56", 5037 },
  { "BE58", 5058 },
  { "BE60", 5073 },
  { "BE65", 5087 },
  { "BE70", 5106 },
  { "BE76", 5125 },
  { "BE77", 5142 },
  { "BE80", 5159 },
  { "BE95", 5178 },
  { "BE99", 5198 },
  { "BE9L", 5216 },
  { "BE9T", 5234 },
  { "BEA5", 5253 },
  { "BEAR", 5264 },
  { "BER2", 5285 },
  { "BETA", 5306 },
  { "BEVR", 5320 },
  { "BF19", 5332 },
  { "BFIT", 5350 },
  { "BIPL", 5379 },
  { "BISC", 5391 },
  { "BK17", 5424 },
  { "BKUT", 5447 },
  { "BL11", 5461 },
  { "BL17", 5480 },
  { "BL19", 5499 },
  { "BL8", 5521 },
  { "BLCF", 5542 },
  { "BLEN", 5572 },
  { "BLKS", 5596 },
  { "BMAN", 5623 },
  { "BN2P", 5635 },
  { "BN2T", 5664 },
  { "BOLT", 5702 },
  { "BPAT", 5716 },
  { "BPUM", 5736 },
  { "BR23", 5750 },
  { "BR60", 5772 },
  { "BR61", 5783 },
  { "BRAV", 5804 },
  { "BRB2", 5824 },
  { "BREZ", 5836 },
  { "BROU", 5854 },
  { "BSTP", 5875 },
  { "BT36", 5899 },
  { "BT7", 5919 },
  { "BTB2", 5939 },
  { "BU20", 5951 },
  { "BU31", 5990 },
  { "BU33", 6013 },
  { "BU81", 6039 },
  { "BUCA", 6062 },
  { "BUSH", 6092 },
  { "BW60", 6100 },
  { "BW6T", 6117 },
  { "BX2", 6134 },
  { "C06T", 6149 },
  { "C07T", 6168 },
  { "C10T", 6187 },
  { "C119", 6207 },
  { "C120", 6237 },
  { "C123", 6248 },
  { "C130", 6273 },
  { "C135", 6297 },
  { "C140", 6312 },
  { "C150", 6323 },
  { "C152", 6334 },
  { "C160", 6345 },
  { "C162", 6360 },
  { "C17", 6382 },
  { "C170", 6411 },
  { "C172", 6422 },
  { "C175", 6441 },
  { "C177", 6460 },
  { "C180", 6480 },
  { "C182", 6500 },
  { "C185", 6519 },
  { "C188", 6539 },
  { "C190", 6558 },
  { "C195", 6569 },
  { "C2", 6580 },
  { "C205", 6603 },
  { "C206", 6614 },
  { "C207", 6636 },
  { "C208", 6664 },
  { "C210", 6683 },
  { "C212", 6704 },
  { "C240", 6723 },
  { "C25A", 6747 },
  { "C25B", 6772 },
  { "C25C", 6797 },
  { "C25M", 6822 },
  { "C27J", 6845 },
  { "C295", 6866 },
  { "C303", 6887 },
  { "C30J", 6908 },
  { "C310", 6943 },
  { "C320", 6954 },
  { "C335", 6975 },
  { "C336", 6986 },
  { "C337", 7007 },
  { "C340", 7034 },
  { "C365", 7051 },
  { "C402", 7062 },
  { "C404", 7087 },
  { "C408", 7104 },
  { "C411", 7126 },
  { "C414", 7137 },
  { "C42", 7159 },
  { "C421", 7177 },
  { "C425", 7207 },
  { "C441", 7226 },
  { "C46", 7246 },
  { "C500", 7268 },
  { "C501", 7290 },
  { "C510", 7314 },
  { "C525", 7342 },
  { "C550", 7365 },
  { "C551", 7388 },
  { "C55B", 7412 },
  { "C560", 7439 },
  { "C56X", 7465 },
  { "C5M", 7491 },
  { "C650", 7518 },
  { "C680", 7538 },
  { "C68A", 7568 },
  { "C700", 7597 },
  { "C72R", 7627 },
  { "C750", 7650 },
  { "C77R", 7673 },
  { "C82", 7698 },
  { "C82R", 7720 },
  { "C82S", 7743 },
  { "C82T", 7769 },
  { "C919", 7799 },
  { "C97", 7811 },
  { "CA19", 7839 },
  { "CA25", 7868 },
  { "CA4", 7895 },
  { "CA41", 7905 },
  { "CA6", 7924 },
  { "CA61", 7935 },
  { "CA65", 7961 },
  { "CA7T", 7985 },
  { "CA8", 7997 },
  { "CAD2", 8002 },
  { "CAD4", 8015 },
  { "CAML", 8038 },
  { "CAMP", 8060 },
  { "CAR", 8081 },
  { "CASS", 8089 },
  { "CAT", 8121 },
  { "CB1", 8139 },
  { "CC11", 8157 },
  { "CC19", 8187 },
  { "CD2", 8211 },
  { "CDUS", 8241 },
  { "CDW1", 8258 },
  { "CE43", 8271 },
  { "CEL5", 8291 },
  { "CH10", 8303 },
  { "CH15", 8329 },
  { "CH20", 8355 },
  { "CH25", 8376 },
  { "CH2T", 8397 },
  { "CH30", 8419 },
  { "CH40", 8444 },
  { "CH60", 8448 },
  { "CH62", 8469 },
  { "CH64", 8490 },
  { "CH65", 8511 },
  { "CH7", 8532 },
  { "CH70", 8557 },
  { "CH75", 8576 },
  { "CH7A", 8597 },
  { "CH7B", 8617 },
  { "CH80", 8637 },
  { "CHIC", 8656 },
  { "CHIN", 8670 },
  { "CHR1", 8683 },
  { "CHR4", 8712 },
  { "CJ1", 8740 },
  { "CJ6", 8759 },
  { "CL2P", 8773 },
  { "CL2T", 8789 },
  { "CL30", 8818 },
  { "CL35", 8851 },
  { "CL41", 8884 },
  { "CL4G", 8899 },
  { "CL60", 8920 },
  { "CLA", 8949 },
  { "CLB1", 8961 },
  { "CLBR", 9005 },
  { "CLD2", 9027 },
  { "CLDS", 9051 },
  { "CLON", 9056 },
  { "CMAS", 9073 },
  { "CMDE", 9096 },
  { "CN12", 9124 },
  { "CN35", 9146 },
  { "CNBR", 9168 },
  { "CNUK", 9181 },
  { "COL3", 9197 },
  { "COL4", 9217 },
  { "COLT", 9240 },
  { "CONI", 9260 },
  { "COOT", 9282 },
  { "CORO", 9301 },
  { "CORS", 9315 },
  { "COUG", 9341 },
  { "COUR", 9359 },
  { "COY2", 9373 },
  { "COZY", 9387 },
  { "CP10", 9397 },
  { "CP13", 9417 },
  { "CP21", 9437 },
  { "CP22", 9450 },
  { "CP23", 9465 },
  { "CP30", 9483 },
  { "CP32", 9417 },
  { "CP60", 9497 },
  { "CP65", 9516 },
  { "CP75", 9522 },
  { "CP80", 9533 },
  { "CP90", 9545 },
  { "CR10", 9562 },
  { "CRBN", 9577 },
  { "CRER", 9601 },
  { "CRES", 9614 },
  { "CRJ1", 9639 },
  { "CRJ2", 9671 },
  { "CRJ7", 9703 },
  { "CRJ9", 9735 },
  { "CRJX", 9767 },
  { "CRUZ", 9800 },
  { "CT4", 9818 },
  { "CTAH", 9852 },
  { "CUB2", 9877 },
  { "CUCA", 9894 },
  { "CULP", 9907 },
  { "CULV", 9920 },
  { "CVLP", 9929 },
  { "CVLT", 9950 },
  { "CX5", 9972 },
  { "D1", 9986 },
  { "D11", 10010 },
  { "D140", 10026 },
  { "D150", 10051 },
  { "D18", 10072 },
  { "D228", 10089 },
  { "D25", 10101 },
  { "D250", 10119 },
  { "D253", 10147 },
  { "D28D", 10172 },
  { "D28T", 10198 },
  { "D31", 10232 },
  { "D328", 10256 },
  { "D4", 10268 },
  { "D5", 10279 },
  { "D5TU", 10290 },
  { "D6", 10307 },
  { "D6CR", 10318 },
  { "D7", 10337 },
  { "D8", 10356 },
  { "DA2", 10375 },
  { "DA40", 10386 },
  { "DA42", 10410 },
  { "DA50", 10433 },
  { "DA62", 10454 },
  { "DAKH", 10468 },
  { "DAL1", 10487 },
  { "DAL4", 10508 },
  { "DC10", 10532 },
  { "DC2", 10556 },
  { "DC3", 10569 },
  { "DC3S", 10589 },
  { "DC3T", 10615 },
  { "DC4", 10643 },
  { "DC6", 10666 },
  { "DC7", 10690 },
  { "DC86", 10714 },
  { "DC87", 10740 },
  { "DC91", 10766 },
  { "DC92", 10792 },
  { "DC93", 10818 },
  { "DEFI", 10844 },
  { "DFLY", 10861 },
  { "DG15", 10878 },
  { "DH2T", 10897 },
  { "DH3T", 10929 },
  { "DH60", 10960 },
  { "DH80", 10984 },
  { "DH82", 11013 },
  { "DH83", 11043 },
  { "DH84", 11071 },
  { "DH85", 11097 },
  { "DH87", 11129 },
  { "DH88", 11160 },
  { "DH89", 11193 },
  { "DH8A", 11220 },
  { "DH8B", 11250 },
  { "DH8C", 11280 },
  { "DH8D", 11310 },
  { "DH90", 11340 },
  { "DH94", 11369 },
  { "DHA3", 11399 },
  { "DHC1", 11425 },
  { "DHC2", 11453 },
  { "DHC3", 11479 },
  { "DHC4", 11504 },
  { "DHC5", 11531 },
  { "DHC6", 11558 },
  { "DHC7", 11588 },
  { "DIMO", 11614 },
  { "DO27", 11634 },
  { "DO28", 11648 },
  { "DOVE", 11663 },
  { "DR1", 11688 },
  { "DR10", 11700 },
  { "DR22", 11723 },
  { "DR30", 11742 },
  { "DR40", 11760 },
  { "DRIF", 11773 },
  { "DRON", 11792 },
  { "DRTG", 11813 },
  { "DSA1", 11825 },
  { "DT45", 11847 },
  { "DTA1", 11864 },
  { "DUCE", 11882 },
  { "DUR5", 11894 },
  { "DV1", 11905 },
  { "DV2", 11918 },
  { "DV20", 11932 },
  { "DW1", 11946 },
  { "DWD2", 11961 },
  { "DYH3", 11979 },
  { "E110", 11990 },
  { "E120", 12018 },
  { "E121", 12043 },
  { "E135", 12065 },
  { "E145", 12081 },
  { "E170", 12097 },
  { "E190", 12117 },
  { "E195", 12137 },
  { "E2", 12157 },
  { "E200", 12186 },
  { "E230", 12199 },
  { "E275", 12212 },
  { "E290", 12232 },
  { "E295", 12252 },
  { "E2CB", 12272 },
  { "E300", 12276 },
  { "E314", 12297 },
  { "E350", 12326 },
  { "E35L", 12338 },
  { "E390", 12361 },
  { "E3CF", 12377 },
  { "E3TF", 12396 },
  { "E400", 12415 },
  { "E45X", 12428 },
  { "E500", 12446 },
  { "E50P", 12459 },
  { "E530", 12486 },
  { "E545", 12507 },
  { "E550", 12534 },
  { "E55P", 12562 },
  { "E6", 12589 },
  { "E737", 12609 },
  { "E75L", 12631 },
  { "E75S", 12663 },
  { "E767", 12696 },
  { "EA50", 12709 },
  { "EAGL", 12721 },
  { "EAGX", 12736 },
  { "EB29", 12762 },
  { "EC20", 12767 },
  { "EC25", 12793 },
  { "EC30", 12823 },
  { "EC35", 12849 },
  { "EC45", 12879 },
  { "EC55", 12905 },
  { "EC6", 12931 },
  { "EC75", 12951 },
  { "ECHO", 12977 },
  { "EDGE", 12994 },
  { "EDGT", 13009 },
  { "EFOX", 13025 },
  { "EFUS", 13041 },
  { "EGRT", 13056 },
  { "EH10", 13076 },
  { "EL10", 13106 },
  { "ELA7", 13126 },
  { "ELSP", 13145 },
  { "ELST", 13166 },
  { "ELTO", 13180 },
  { "EN28", 13209 },
  { "EN48", 13222 },
  { "EP9", 13236 },
  { "EPIC", 13263 },
  { "ERAC", 13285 },
  { "ERCO", 13300 },
  { "ES11", 13326 },
  { "ES13", 13345 },
  { "ESCP", 13363 },
  { "EUFI", 13380 },
  { "EUPA", 13397 },
  { "EV55", 13404 },
  { "EV97", 13426 },
  { "EVOP", 13449 },
  { "EVOT", 13474 },
  { "EVSS", 13500 },
  { "EX5T", 13518 },
  { "EXEC", 13532 },
  { "EXEJ", 13546 },
  { "EXNG", 13563 },
  { "EXPL", 13572 },
  { "EXPR", 13606 },
  { "F100", 13619 },
  { "F104", 13630 },
  { "F15", 13657 },
  { "F156", 13686 },
  { "F16", 13709 },
  { "F18H", 13747 },
  { "F18S", 13767 },
  { "F260", 13793 },
  { "F27", 13810 },
  { "F28", 13822 },
  { "F2TH", 13834 },
  { "F30", 13855 },
  { "F35", 13876 },
  { "F3F", 13909 },
  { "F4", 13929 },
  { "F406", 13933 },
  { "F5", 13955 },
  { "F50", 13976 },
  { "F70", 13986 },
  { "F8", 13996 },
  { "F86", 14000 },
  { "F8L", 14026 },
  { "F900", 14046 },
  { "F9F", 14066 },
  { "FA01", 14086 },
  { "FA02", 14105 },
  { "FA04", 14124 },
  { "FA10", 14143 },
  { "FA20", 14163 },
  { "FA24", 14183 },
  { "FA50", 14204 },
  { "FA62", 14223 },
  { "FA6X", 14246 },
  { "FA7X", 14265 },
  { "FA8X", 14284 },
  { "FAET", 14303 },
  { "FALC", 14318 },
  { "FALM", 14346 },
  { "FANL", 14369 },
  { "FANT", 14384 },
  { "FB1A", 14401 },
  { "FB1B", 14420 },
  { "FB5", 14439 },
  { "FBA2", 14464 },
  { "FDCT", 14485 },
  { "FDF2", 14502 },
  { "FDMC", 14520 },
  { "FE51", 14537 },
  { "FEST", 14563 },
  { "FFLO", 14587 },
  { "FH11", 14593 },
  { "FINC", 14611 },
  { "FK12", 14623 },
  { "FK14", 14647 },
  { "FK9", 14673 },
  { "FLE2", 14690 },
  { "FLE7", 14698 },
  { "FLIZ", 14706 },
  { "FLSH", 14718 },
  { "FLSS", 14733 },
  { "FM25", 14745 },
  { "FN33", 14776 },
  { "FNKB", 14806 },
  { "FOUG", 14813 },
  { "FOX", 14829 },
  { "FOXT", 14836 },
  { "FRBD", 14857 },
  { "FREL", 14861 },
  { "FU24", 14887 },
  { "FURY", 14902 },
  { "FUSI", 14914 },
  { "FW44", 14928 },
  { "FW90", 14955 },
  { "FX1", 14981 },
  { "G1", 14985 },
  { "G109", 15001 },
  { "G115", 15012 },
  { "G120", 15023 },
  { "G12T", 15034 },
  { "G150", 15047 },
  { "G159", 15063 },
  { "G164", 15084 },
  { "G200", 15105 },
  { "G202", 15120 },
  { "G21", 15135 },
  { "G21T", 15155 },
  { "G222", 15160 },
  { "G280", 15181 },
  { "G2CA", 15197 },
  { "G2GL", 15215 },
  { "G2T1", 15230 },
  { "G3", 15247 },
  { "G44", 15260 },
  { "G46", 15281 },
  { "G64T", 15291 },
  { "G70", 15318 },
  { "G73", 15330 },
  { "G73T", 15351 },
  { "G800", 15379 },
  { "G91", 15393 },
  { "G96", 15404 },
  { "GA10", 15409 },
  { "GA20", 15425 },
  { "GA4C", 15449 },
  { "GA5C", 15469 },
  { "GA6C", 15485 },
  { "GA7", 15501 },
  { "GA7C", 15529 },
  { "GA8", 15545 },
  { "GA8C", 15567 },
  { "GABR", 15587 },
  { "GALX", 15606 },
  { "GANT", 15622 },
  { "GAZL", 15636 },
  { "GB1", 15664 },
  { "GC1", 15689 },
  { "GDUK", 15701 },
  { "GEMI", 15723 },
  { "GL5T", 15741 },
  { "GL7T", 15776 },
  { "GLAD", 15811 },
  { "GLAS", 15829 },
  { "GLEX", 15837 },
  { "GLF2", 15872 },
  { "GLF3", 15885 },
  { "GLF4", 15898 },
  { "GLF5", 15911 },
  { "GLF6", 15924 },
  { "GLID", 15940 },
  { "GLIM", 15950 },
  { "GLSP", 15962 },
  { "GLST", 15988 },
  { "GNAT", 16009 },
  { "GOLF", 16030 },
  { "GOOS", 16047 },
  { "GP1", 16067 },
  { "GP3", 16093 },
  { "GP4", 16114 },
  { "GPRO", 16126 },
  { "GSIS", 16144 },
  { "GSPN", 16165 },
  { "GUEP", 16192 },
  { "GX", 16219 },
  { "GY20", 16228 },
  { "GY80", 16246 },
  { "GYRO", 16273 },
  { "H12T", 16278 },
  { "H160", 16291 },
  { "H2", 16316 },
  { "H202", 16332 },
  { "H207", 16356 },
  { "H21", 16380 },
  { "H25A", 16398 },
  { "H25B", 16421 },
  { "H25C", 16454 },
  { "H269", 16475 },
  { "H40", 16493 },
  { "H43A", 16506 },
  { "H43B", 16525 },
  { "H46", 16546 },
  { "H47", 16577 },
  { "H500", 16605 },
  { "H53", 16616 },
  { "H53S", 16631 },
  { "H60", 16661 },
  { "H64", 16687 },
  { "HA4T", 16718 },
  { "HAHU", 16747 },
  { "HAR", 16780 },
  { "HAWK", 16806 },
  { "HB21", 16837 },
  { "HB23", 16865 },
  { "HCAT", 16893 },
  { "HDJT", 16913 },
  { "HERN", 16928 },
  { "HI27", 16947 },
  { "HIGH", 16968 },
  { "HLD4", 16989 },
  { "HN70", 17013 },
  { "HORZ", 17035 },
  { "HR10", 17050 },
  { "HR20", 17063 },
  { "HRNT", 17076 },
  { "HROC", 17087 },
  { "HRON", 17101 },
  { "HUCO", 17117 },
  { "HUML", 17137 },
  { "HUNT", 17149 },
  { "HURI", 17163 },
  { "HURK", 17180 },
  { "HUSK", 17191 },
  { "I114", 17206 },
  { "I115", 17222 },
  { "I16", 17233 },
  { "I3", 17249 },
  { "IA46", 17262 },
  { "IFUR", 17283 },
  { "IL18", 17295 },
  { "IL62", 17310 },
  { "IL76", 17325 },
  { "IL86", 17343 },
  { "IL96", 17358 },
  { "IMPU", 17373 },
  { "INTG", 17387 },
  { "IP06", 17406 },
  { "IR23", 17422 },
  { "IR25", 17434 },
  { "IR28", 17453 },
  { "IR46", 17466 },
  { "IS28", 17479 },
  { "ISPT", 17491 },
  { "J1", 17507 },
  { "J2", 17518 },
  { "J3", 17532 },
  { "J300", 17546 },
  { "J328", 17563 },
  { "J4", 17579 },
  { "J400", 17599 },
  { "J4B2", 17622 },
  { "J5", 17635 },
  { "J600", 17657 },
  { "JAB2", 17680 },
  { "JAB4", 17696 },
  { "JABI", 17712 },
  { "JACE", 17724 },
  { "JAGR", 17739 },
  { "JAS4", 17756 },
  { "JB15", 17763 },
  { "JCOM", 17782 },
  { "JD2", 17800 },
  { "JFOX", 17816 },
  { "JK05", 17833 },
  { "JPRO", 17846 },
  { "JRO", 17867 },
  { "JS3", 17876 },
  { "JS31", 17896 },
  { "JS32", 17931 },
  { "JS3J", 17968 },
  { "JS41", 17972 },
  { "JSX", 18003 },
  { "JT2", 18018 },
  { "JU52", 18031 },
  { "JUN1", 18048 },
  { "JUNR", 18074 },
  { "K100", 18095 },
  { "K209", 18112 },
  { "K35E", 18128 },
  { "K35R", 18156 },
  { "K900", 18186 },
  { "KA26", 18207 },
  { "KA27", 18219 },
  { "KAK1", 18232 },
  { "KAK3", 18245 },
  { "KC2", 18258 },
  { "KELA", 18271 },
  { "KERO", 18284 },
  { "KFAB", 18302 },
  { "KFAS", 18332 },
  { "KFIR", 18360 },
  { "KFIS", 18369 },
  { "KIS2", 18389 },
  { "KIS4", 18404 },
  { "KL07", 18419 },
  { "KL25", 18433 },
  { "KL35", 18444 },
  { "KLBR", 18456 },
  { "KM2", 18473 },
  { "KMAX", 18478 },
  { "KP2", 18490 },
  { "KP5", 18509 },
  { "KR1", 18533 },
  { "KR2", 18543 },
  { "KR30", 18553 },
  { "KR31", 18566 },
  { "KR34", 18597 },
  { "KRAG", 18628 },
  { "KT1", 18645 },
  { "KTOO", 18667 },
  { "KZ2", 18680 },
  { "KZ3", 18689 },
  { "KZ7", 18698 },
  { "KZ8", 18707 },
  { "L10", 18716 },
  { "L101", 18738 },
  { "L11", 18762 },
  { "L12", 18774 },
  { "L13", 18778 },
  { "L13M", 18799 },
  { "L13S", 18815 },
  { "L14", 18839 },
  { "L159", 18867 },
  { "L18", 18889 },
  { "L188", 18912 },
  { "L200", 18935 },
  { "L29", 18952 },
  { "L29B", 18969 },
  { "L37", 18997 },
  { "L39", 19020 },
  { "L4", 19038 },
  { "L40", 19049 },
  { "L410", 19073 },
  { "L5", 19092 },
  { "L8", 19109 },
  { "L90", 19120 },
  { "LA25", 19134 },
  { "LA4", 19146 },
  { "LA60", 19160 },
  { "LA8", 19176 },
  { "LAKR", 19199 },
  { "LAMA", 19212 },
  { "LANC", 19237 },
  { "LCA", 19252 },
  { "LEG2", 19268 },
  { "LEGD", 19283 },
  { "LESP", 19289 },
  { "LGEZ", 19302 },
  { "LGND", 19316 },
  { "LJ23", 19333 },
  { "LJ24", 19344 },
  { "LJ25", 19355 },
  { "LJ28", 19366 },
  { "LJ31", 19377 },
  { "LJ35", 19388 },
  { "LJ40", 19399 },
  { "LJ45", 19410 },
  { "LJ55", 19421 },
  { "LJ60", 19432 },
  { "LJ70", 19443 },
  { "LJ75", 19454 },
  { "LMC1", 19465 },
  { "LN27", 19488 },
  { "LNC2", 19513 },
  { "LNC4", 19529 },
  { "LNCE", 19539 },
  { "LNP4", 19550 },
  { "LWIN", 19568 },
  { "LXR", 19593 },
  { "LYNX", 19600 },
  { "LYSA", 19633 },
  { "M10", 19651 },
  { "M106", 19669 },
  { "M108", 19683 },
  { "M110", 19697 },
  { "M18", 19701 },
  { "M200", 19726 },
  { "M20P", 19764 },
  { "M20T", 19776 },
  { "M22", 19789 },
  { "M26", 19809 },
  { "M28", 19834 },
  { "M2HK", 19859 },
  { "M326", 19880 },
  { "M339", 19904 },
  { "M345", 19921 },
  { "M346", 19937 },
  { "M4", 19960 },
  { "M404", 19970 },
  { "M5", 19974 },
  { "M6", 19984 },
  { "M600", 19994 },
  { "M7", 20012 },
  { "M700", 20022 },
  { "M74", 20050 },
  { "M7T", 20077 },
  { "M8", 20099 },
  { "M9", 20109 },
  { "MA5", 20119 },
  { "MA60", 20141 },
  { "MAGC", 20152 },
  { "MAGI", 20163 },
  { "MAGN", 20178 },
  { "MAJR", 20190 },
  { "MAKO", 20202 },
  { "MAMB", 20215 },
  { "MAME", 20231 },
  { "MARS", 20250 },
  { "MAVR", 20256 },
  { "MC01", 20269 },
  { "MC10", 20283 },
  { "MC23", 20299 },
  { "MC45", 20315 },
  { "MC90", 20330 },
  { "MCOU", 20334 },
  { "MCOY", 20356 },
  { "MCR1", 20371 },
  { "MCR4", 20387 },
  { "MD11", 20403 },
  { "MD3", 20427 },
  { "MD3R", 20450 },
  { "MD52", 20471 },
  { "MD60", 20497 },
  { "MD81", 20523 },
  { "MD82", 20547 },
  { "MD83", 20571 },
  { "MD87", 20595 },
  { "MD88", 20619 },
  { "MD90", 20643 },
  { "ME08", 20667 },
  { "ME09", 20695 },
  { "ME62", 20716 },
  { "MESS", 20745 },
  { "METR", 20761 },
  { "MF17", 20776 },
  { "MG15", 20796 },
  { "MG17", 20811 },
  { "MG21", 20826 },
  { "MG23", 20841 },
  { "MG29", 20859 },
  { "MI2", 20880 },
  { "MI24", 20889 },
  { "MI26", 20905 },
  { "MI34", 20915 },
  { "MI38", 20925 },
  { "MI8", 20935 },
  { "MIMU", 20960 },
  { "MIR2", 20982 },
  { "MIRA", 21003 },
  { "MITE", 21021 },
  { "MJ2", 21033 },
  { "MJ5", 21045 },
  { "MJ7", 21064 },
  { "MJ77", 21083 },
  { "MJ8", 21103 },
  { "MJ80", 21123 },
  { "MJ90", 21161 },
  { "MM16", 21202 },
  { "MM22", 21228 },
  { "MM24", 21247 },
  { "MONI", 21264 },
  { "MOR2", 21277 },
  { "MOSP", 21283 },
  { "MOSQ", 21294 },
  { "MP02", 21322 },
  { "MP20", 21339 },
  { "MR25", 21358 },
  { "MR35", 21385 },
  { "MRAI", 21412 },
  { "MRF1", 21430 },
  { "MRMD", 21449 },
  { "MS31", 21458 },
  { "MS73", 21481 },
  { "MS76", 21511 },
  { "MSQ2", 21540 },
  { "MT", 21544 },
  { "MU2", 21564 },
  { "MU30", 21589 },
  { "MUS2", 21615 },
  { "MX1T", 21636 },
  { "MX2", 21660 },
  { "MX80", 21669 },
  { "MXS", 21693 },
  { "MY12", 21701 },
  { "MY13", 21723 },
  { "N110", 21745 },
  { "N120", 21750 },
  { "N219", 21764 },
  { "N3", 21800 },
  { "N320", 21825 },
  { "N3N", 21835 },
  { "NAVI", 21862 },
  { "NC85", 21884 },
  { "ND1T", 21896 },
  { "NDAC", 21918 },
  { "NG4", 21943 },
  { "NG5", 21957 },
  { "NH90", 21982 },
  { "NI28", 21992 },
  { "NIBB", 22012 },
  { "NIPR", 22030 },
  { "NNJA", 22051 },
  { "NOMA", 22066 },
  { "NORA", 22083 },
  { "NORS", 22097 },
  { "NPOR", 22115 },
  { "NSTR", 22135 },
  { "NT10", 22160 },
  { "NXT", 22175 },
  { "O1", 22179 },
  { "O3", 22203 },
  { "ONE", 22217 },
  { "ONEX", 22230 },
  { "OPCA", 22241 },
  { "OSCR", 22264 },
  { "P06T", 22289 },
  { "P1", 22304 },
  { "P136", 22317 },
  { "P149", 22326 },
  { "P180", 22340 },
  { "P19", 22361 },
  { "P2", 22383 },
  { "P208", 22400 },
  { "P210", 22414 },
  { "P212", 22436 },
  { "P220", 22460 },
  { "P230", 22480 },
  { "P270", 22500 },
  { "P28A", 22521 },
  { "P28B", 22549 },
  { "P28R", 22574 },
  { "P28S", 22599 },
  { "P28T", 22617 },
  { "P28U", 22635 },
  { "P3", 22660 },
  { "P32R", 22679 },
  { "P32T", 22705 },
  { "P337", 22728 },
  { "P38", 22750 },
  { "P39", 22774 },
  { "P40", 22794 },
  { "P46T", 22817 },
  { "P47", 22835 },
  { "P4Y", 22861 },
  { "P50", 22883 },
  { "P51", 22906 },
  { "P61", 22934 },
  { "P63", 22939 },
  { "P66P", 22959 },
  { "P66T", 22973 },
  { "P68", 22990 },
  { "P68T", 23015 },
  { "P750", 23042 },
  { "P8", 23072 },
  { "P80", 23093 },
  { "P82", 23106 },
  { "PA11", 23139 },
  { "PA12", 23163 },
  { "PA14", 23189 },
  { "PA15", 23216 },
  { "PA16", 23237 },
  { "PA17", 23257 },
  { "PA18", 23286 },
  { "PA20", 23308 },
  { "PA22", 23326 },
  { "PA23", 23338 },
  { "PA24", 23350 },
  { "PA25", 23371 },
  { "PA27", 23390 },
  { "PA30", 23412 },
  { "PA31", 23438 },
  { "PA32", 23470 },
  { "PA34", 23482 },
  { "PA36", 23501 },
  { "PA38", 23526 },
  { "PA44", 23547 },
  { "PA46", 23568 },
  { "PACE", 23588 },
  { "PAR1", 23607 },
  { "PARA", 23628 },
  { "PAT4", 23636 },
  { "PAY1", 23654 },
  { "PAY2", 23683 },
  { "PAY3", 23712 },
  { "PAY4", 23739 },
  { "PC12", 23769 },
  { "PC21", 23783 },
  { "PC24", 23797 },
  { "PC6P", 23811 },
  { "PC6T", 23831 },
  { "PC7", 23857 },
  { "PC9", 23876 },
  { "PEGZ", 23899 },
  { "PELI", 23920 },
  { "PEMB", 23934 },
  { "PETR", 23956 },
  { "PIAE", 23974 },
  { "PIAT", 23998 },
  { "PICO", 24022 },
  { "PINO", 24048 },
  { "PINT", 24075 },
  { "PIPA", 24080 },
  { "PISI", 24098 },
  { "PIVE", 24113 },
  { "PIVI", 24136 },
  { "PK15", 24151 },
  { "PK23", 24163 },
  { "PK25", 24180 },
  { "PKAN", 24200 },
  { "PL1", 24213 },
  { "PL12", 24229 },
  { "PL2", 24260 },
  { "PL4", 24273 },
  { "PL9", 24286 },
  { "PLUS", 24305 },
  { "PNR2", 24322 },
  { "PNR3", 24339 },
  { "PNR4", 24356 },
  { "PNTH", 24373 },
  { "PO2", 24399 },
  { "POLI", 24415 },
  { "PP2", 24434 },
  { "PP3", 24446 },
  { "PPRO", 24458 },
  { "PREN", 24479 },
  { "PRIM", 24497 },
  { "PRM1", 24514 },
  { "PROC", 24537 },
  { "PRTS", 24554 },
  { "PSTM", 24569 },
  { "PSW4", 24586 },
  { "PT22", 24610 },
  { "PT80", 24616 },
  { "PTMS", 24630 },
  { "PTS1", 24655 },
  { "PTS2", 24673 },
  { "PTSS", 24691 },
  { "PULR", 24718 },
  { "PULS", 24737 },
  { "PUMA", 24744 },
  { "PUP", 24769 },
  { "PURS", 24780 },
  { "PUSH", 24798 },
  { "PVTR", 24814 },
  { "PZ01", 24834 },
  { "PZ02", 24860 },
  { "PZ04", 24883 },
  { "PZ06", 24908 },
  { "PZ3T", 24932 },
  { "PZ4M", 24957 },
  { "Q1", 24988 },
  { "Q25", 25018 },
  { "Q4", 25022 },
  { "Q9", 25056 },
  { "QIC2", 25084 },
  { "QR01", 25095 },
  { "QUAS", 25109 },
  { "QUIC", 25121 },
  { "R100", 25129 },
  { "R109", 25142 },
  { "R135", 25156 },
  { "R185", 25183 },
  { "R200", 25194 },
  { "R22", 25206 },
  { "R300", 25228 },
  { "R44", 25256 },
  { "R66", 25276 },
  { "R90R", 25290 },
  { "RAF2", 25312 },
  { "RALL", 25338 },
  { "RANG", 25352 },
  { "RARO", 25371 },
  { "RAV5", 25375 },
  { "RBEL", 25385 },
  { "RC3", 25398 },
  { "RC70", 25419 },
  { "RELI", 25446 },
  { "RENE", 25462 },
  { "RF10", 25471 },
  { "RF3", 25486 },
  { "RF4", 25500 },
  { "RF47", 25514 },
  { "RF5", 25529 },
  { "RF6", 25543 },
  { "RFAL", 25557 },
  { "RISN", 25573 },
  { "RJ03", 25596 },
  { "RJ1H", 25614 },
  { "RJ70", 25636 },
  { "RJ85", 25657 },
  { "RLU1", 25678 },
  { "RNGR", 25695 },
  { "RODS", 25706 },
  { "ROND", 25722 },
  { "RS12", 25739 },
  { "RS18", 25763 },
  { "RS20", 25797 },
  { "RS21", 25813 },
  { "RV10", 25832 },
  { "RV12", 25843 },
  { "RV14", 25854 },
  { "RV15", 25865 },
  { "RV3", 25876 },
  { "RV4", 25886 },
  { "RV4T", 25896 },
  { "RV6", 25907 },
  { "RV7", 25917 },
  { "RV8", 25927 },
  { "RV9", 25937 },
  { "RW26", 25947 },
  { "RYST", 25971 },
  { "S05F", 25976 },
  { "S05R", 26001 },
  { "S1", 26026 },
  { "S10", 26047 },
  { "S108", 26066 },
  { "S11", 26086 },
  { "S12", 26109 },
  { "S12S", 26130 },
  { "S15S", 26142 },
  { "S15U", 26154 },
  { "S200", 26176 },
  { "S208", 26195 },
  { "S211", 26216 },
  { "S223", 26237 },
  { "S22T", 26254 },
  { "S2P", 26274 },
  { "S2T", 26294 },
  { "S330", 26320 },
  { "S355", 26338 },
  { "S38", 26354 },
  { "S39", 26360 },
  { "S401", 26374 },
  { "S450", 26378 },
  { "S51", 26404 },
  { "S51D", 26418 },
  { "S52", 26432 },
  { "S55P", 26446 },
  { "S58P", 26470 },
  { "S58T", 26484 },
  { "S6", 26499 },
  { "S61", 26510 },
  { "S61R", 26533 },
  { "S62", 26548 },
  { "S64", 26571 },
  { "S716", 26594 },
  { "S76", 26610 },
  { "S900", 26631 },
  { "S92", 26654 },
  { "S97", 26676 },
  { "SA02", 26697 },
  { "SA10", 26719 },
  { "SA11", 26743 },
  { "SA2", 26764 },
  { "SA3", 26781 },
  { "SA30", 26800 },
  { "SA37", 26821 },
  { "SA50", 26846 },
  { "SA6", 26860 },
  { "SA7", 26882 },
  { "SA70", 26898 },
  { "SA75", 26922 },
  { "SACE", 26950 },
  { "SAH1", 26971 },
  { "SAKO", 26989 },
  { "SAND", 27006 },
  { "SAPH", 27023 },
  { "SASP", 27035 },
  { "SASY", 27073 },
  { "SATA", 27087 },
  { "SAVA", 27100 },
  { "SAVG", 27115 },
  { "SB05", 27136 },
  { "SB1", 27145 },
  { "SB20", 27151 },
  { "SB29", 27161 },
  { "SB32", 27169 },
  { "SB35", 27184 },
  { "SB37", 27199 },
  { "SB39", 27214 },
  { "SB7", 27229 },
  { "SB91", 27249 },
  { "SBD", 27263 },
  { "SBOY", 27285 },
  { "SBR1", 27303 },
  { "SBR2", 27336 },
  { "SC01", 27363 },
  { "SC7", 27380 },
  { "SCAM", 27393 },
  { "SCOR", 27409 },
  { "SCOU", 27427 },
  { "SCTR", 27442 },
  { "SD2", 27458 },
  { "SD4", 27482 },
  { "SE5A", 27495 },
  { "SE5R", 27513 },
  { "SEAW", 27541 },
  { "SERV", 27549 },
  { "SF2", 27564 },
  { "SF23", 27583 },
  { "SF24", 27606 },
  { "SF25", 27631 },
  { "SF28", 27651 },
  { "SF34", 27678 },
  { "SF36", 27687 },
  { "SF50", 27701 },
  { "SG92", 27721 },
  { "SGRA", 27745 },
  { "SGUP", 27763 },
  { "SH09", 27791 },
  { "SH33", 27804 },
  { "SH36", 27821 },
  { "SHAW", 27831 },
  { "SHEK", 27847 },
  { "SHER", 27865 },
  { "SHIP", 27878 },
  { "SHRK", 27898 },
  { "SIDE", 27915 },
  { "SIRA", 27932 },
  { "SJ30", 27953 },
  { "SKAR", 27970 },
  { "SKIM", 27984 },
  { "SKRA", 28001 },
  { "SKYR", 28021 },
  { "SL1", 28039 },
  { "SLCH", 28064 },
  { "SLG2", 28088 },
  { "SLG4", 28113 },
  { "SLH4", 28138 },
  { "SM19", 28156 },
  { "SM60", 28179 },
  { "SMAX", 28206 },
  { "SNGY", 28225 },
  { "SNS2", 28240 },
  { "SNS7", 28254 },
  { "SNS9", 28272 },
  { "SOKL", 28286 },
  { "SONX", 28297 },
  { "SP55", 28318 },
  { "SP7", 28335 },
  { "SPAR", 28338 },
  { "SPGY", 28354 },
  { "SPHA", 28385 },
  { "SPIT", 28410 },
  { "SPR2", 28431 },
  { "SPRT", 28445 },
  { "SPST", 28462 },
  { "SPUP", 28467 },
  { "SQ2T", 28487 },
  { "SR20", 28510 },
  { "SR22", 28523 },
  { "SRAI", 28536 },
  { "SRAS", 28557 },
  { "SREY", 28583 },
  { "SS2", 28611 },
  { "SS2P", 28632 },
  { "SS2T", 28658 },
  { "SSAB", 28685 },
  { "SSTL", 28718 },
  { "ST10", 28738 },
  { "ST3", 28765 },
  { "ST30", 28770 },
  { "ST60", 28787 },
  { "ST75", 28791 },
  { "ST87", 28807 },
  { "STAL", 28829 },
  { "STAR", 28860 },
  { "STCH", 28871 },
  { "STG2", 28892 },
  { "STLN", 28904 },
  { "STOR", 28919 },
  { "STRA", 28948 },
  { "STRE", 28968 },
  { "STRI", 28989 },
  { "STRK", 29006 },
  { "STRM", 29027 },
  { "STST", 29045 },
  { "SU25", 29061 },
  { "SU26", 29080 },
  { "SU29", 29093 },
  { "SU31", 29106 },
  { "SU95", 29119 },
  { "SUBA", 29142 },
  { "SURN", 29166 },
  { "SV4", 29189 },
  { "SVNH", 29199 },
  { "SW3", 29216 },
  { "SW4", 29236 },
  { "SWAK", 29253 },
  { "SWFT", 29270 },
  { "SWOR", 29274 },
  { "SX30", 29291 },
  { "SYCA", 29309 },
  { "SYMP", 29326 },
  { "SYNC", 29339 },
  { "SZ45", 29360 },
  { "T134", 29372 },
  { "T154", 29387 },
  { "T18", 29402 },
  { "T2", 29414 },
  { "T204", 29441 },
  { "T206", 29468 },
  { "T210", 29497 },
  { "T211", 29525 },
  { "T28", 29537 },
  { "T33", 29557 },
  { "T34P", 29571 },
  { "T34T", 29589 },
  { "T35", 29614 },
  { "T37", 29629 },
  { "T38", 29640 },
  { "T40", 29661 },
  { "T411", 29673 },
  { "T50", 29695 },
  { "T51", 29709 },
  { "T6", 29728 },
  { "TA15", 29753 },
  { "TAGO", 29777 },
  { "TAIL", 29796 },
  { "TAMP", 29813 },
  { "TARR", 29833 },
  { "TAYA", 29851 },
  { "TAYB", 29865 },
  { "TAYD", 29886 },
  { "TB20", 29907 },
  { "TB21", 29929 },
  { "TB30", 29954 },
  { "TBEE", 29975 },
  { "TBM", 30002 },
  { "TBM7", 30023 },
  { "TBM8", 30043 },
  { "TBM9", 30058 },
  { "TCAT", 30085 },
  { "TEAL", 30106 },
  { "TERM", 30120 },
  { "TERR", 30134 },
  { "TEX2", 30149 },
  { "TEXA", 30172 },
  { "TF19", 30192 },
  { "TF21", 30219 },
  { "TF22", 30236 },
  { "TFK2", 30253 },
  { "TFUN", 30261 },
  { "TIGR", 30277 },
  { "TIPB", 30309 },
  { "TL20", 30337 },
  { "TL30", 30365 },
  { "TLEG", 30394 },
  { "TM5", 30416 },
  { "TMOT", 30421 },
  { "TMUS", 30444 },
  { "TNAV", 30460 },
  { "TNDR", 30478 },
  { "TOBA", 30491 },
  { "TOOT", 30505 },
  { "TOR", 30523 },
  { "TOUR", 30539 },
  { "TOXO", 30558 },
  { "TPIN", 30567 },
  { "TR1", 30598 },
  { "TR55", 30614 },
  { "TRAL", 30635 },
  { "TRDO", 30648 },
  { "TRF1", 30665 },
  { "TRIM", 30681 },
  { "TRIS", 30696 },
  { "TRMA", 30722 },
  { "TS11", 30742 },
  { "TSTR", 30765 },
  { "TTRS", 30785 },
  { "TTWO", 30800 },
  { "TU95", 30818 },
  { "TUCA", 30833 },
  { "TUCR", 30856 },
  { "TVL4", 30885 },
  { "TVLB", 30890 },
  { "TWEN", 30895 },
  { "TWST", 30913 },
  { "U15", 30929 },
  { "U16", 30949 },
  { "U2", 30967 },
  { "U21", 30981 },
  { "U22", 30996 },
  { "UF10", 31001 },
  { "UF13", 31020 },
  { "UH1", 31041 },
  { "UH12", 16278 },
  { "UH1Y", 31056 },
  { "UHEL", 31073 },
  { "UL10", 31083 },
  { "UL45", 31101 },
  { "ULAC", 31114 },
  { "ULTS", 31128 },
  { "URRA", 31165 },
  { "UT66", 31177 },
  { "V1", 31185 },
  { "V10", 31200 },
  { "V22", 31228 },
  { "V252", 31252 },
  { "V322", 31266 },
  { "V452", 31280 },
  { "V500", 31294 },
  { "VALI", 31317 },
  { "VAMP", 31333 },
  { "VELO", 31365 },
  { "VELT", 31374 },
  { "VEZE", 31390 },
  { "VFHC", 31404 },
  { "VG3T", 31421 },
  { "VGUL", 31439 },
  { "VIPJ", 31458 },
  { "VIX", 31473 },
  { "VJ22", 31496 },
  { "VK3P", 31513 },
  { "VL3", 31526 },
  { "VL3T", 31541 },
  { "VM1", 31577 },
  { "VNOM", 31605 },
  { "VNTR", 31631 },
  { "VO10", 31643 },
  { "VP2", 31681 },
  { "VR7", 31698 },
  { "VTOR", 31715 },
  { "VTRA", 31732 },
  { "VTUR", 31746 },
  { "VUT1", 31763 },
  { "VVIG", 31777 },
  { "VWIT", 31794 },
  { "W11", 31809 },
  { "W135", 31830 },
  { "W201", 31845 },
  { "W3", 31850 },
  { "W62T", 31866 },
  { "WA40", 31882 },
  { "WA41", 31904 },
  { "WA42", 31926 },
  { "WA50", 31950 },
  { "WA80", 31973 },
  { "WAC9", 31995 },
  { "WACA", 32002 },
  { "WACC", 32006 },
  { "WACD", 32015 },
  { "WACE", 32022 },
  { "WACF", 32038 },
  { "WACG", 32045 },
  { "WACM", 32052 },
  { "WACN", 32065 },
  { "WACO", 32078 },
  { "WACT", 32087 },
  { "WAIX", 32096 },
  { "WASP", 32108 },
  { "WB57", 32122 },
  { "WBOO", 32133 },
  { "WCAT", 32163 },
  { "WDEX", 32168 },
  { "WESX", 32185 },
  { "WFOC", 32201 },
  { "WFUR", 32220 },
  { "WH1", 32240 },
  { "WH4", 32255 },
  { "WHIL", 32268 },
  { "WHIT", 32291 },
  { "WHK2", 32314 },
  { "WICH", 32337 },
  { "WILT", 32353 },
  { "WIND", 32379 },
  { "WIRR", 32396 },
  { "WISP", 32418 },
  { "WT10", 32426 },
  { "WT9", 32451 },
  { "WW1", 32474 },
  { "WW24", 32495 },
  { "WZ10", 32513 },
  { "X59", 32527 },
  { "XA41", 32555 },
  { "XA42", 32570 },
  { "XA85", 32585 },
  { "XAIR", 32601 },
  { "XB1", 32624 },
  { "XL2", 32629 },
  { "XNON", 32642 },
  { "XNOS", 32655 },
  { "Y12", 32667 },
  { "Y12F", 32690 },
  { "Y18T", 32710 },
  { "Y20", 32727 },
  { "YA1", 32740 },
  { "YAK3", 32758 },
  { "YAK9", 32773 },
  { "YALE", 32788 },
  { "YK11", 32808 },
  { "YK12", 32824 },
  { "YK18", 32840 },
  { "YK40", 32857 },
  { "YK42", 32873 },
  { "YK50", 32890 },
  { "YK52", 32906 },
  { "YK54", 32922 },
  { "YK55", 32938 },
  { "YL15", 32954 },
  { "Z26", 32971 },
  { "Z37P", 33005 },
  { "Z37T", 33021 },
  { "Z42", 33046 },
  { "Z43", 33064 },
  { "Z50", 33078 },
  { "ZA6", 33088 },
  { "ZEPH", 33110 },
  { "ZERO", 33122 },
  { "ZZZZ", 33138 },
};

}  // namespace data::icao_types
