#pragma once

#include "hardware/aa_font.h"

const uint8_t MontserratBold18pt4aaBitmaps[] PROGMEM = {
  0x2F, 0xFF, 0xFF, 0xF4, 0x1F, 0xFF, 0xFF, 0xF3, 0x0F, 0xFF, 0xFF, 0xF2,
  0x0F, 0xFF, 0xFF, 0xF1, 0x0E, 0xFF, 0xFF, 0xF0, 0x0D, 0xFF, 0xFF, 0xF0,
  0x0B, 0xFF, 0xFF, 0xE0, 0x0A, 0xFF, 0xFF, 0xD0, 0x09, 0xFF, 0xFF, 0xC0,
  0x08, 0xFF, 0xFF, 0xA0, 0x07, 0xFF, 0xFF, 0x90, 0x06, 0xFF, 0xFF, 0x80,
  0x05, 0xFF, 0xFF, 0x70, 0x04, 0xFF, 0xFF, 0x60, 0x03, 0xFF, 0xFF, 0x50,
  0x02, 0xFF, 0xFF, 0x40, 0x00, 0x00, 0x00, 0x00, 0x00, 0x00, 0x00, 0x00,
  0x01, 0xAE, 0xEB, 0x20, 0x0C, 0xFF, 0xFF, 0xE1, 0x2F, 0xFF, 0xFF, 0xF5,
  0x2F, 0xFF, 0xFF, 0xF5, 0x0C, 0xFF, 0xFF, 0xD0, 0x01, 0x9E, 0xEA, 0x20,
  0x4F, 0xFF, 0xF5, 0x01, 0xFF, 0xFF, 0x83, 0xFF, 0xFF, 0x50, 0x0F, 0xFF,
  0xF8, 0x3F, 0xFF, 0xF4, 0x00, 0xFF, 0xFF, 0x72, 0xFF, 0xFF, 0x30, 0x0F,
  0xFF, 0xF7, 0x2F, 0xFF, 0xF3, 0x00, 0xEF, 0xFF, 0x61, 0xFF, 0xFF, 0x20,
  0x0E, 0xFF, 0xF5, 0x0F, 0xFF, 0xF1, 0x00, 0xDF, 0xFF, 0x50, 0xFF, 0xFF,
  0x10, 0x0D, 0xFF, 0xF4, 0x0F, 0xFF, 0xF0, 0x00, 0xCF, 0xFF, 0x30, 0xFF,
  0xFF, 0x00, 0x0C, 0xFF, 0xF3, 0x00, 0x00, 0x00, 0x07, 0xFF, 0xF7, 0x00,
  0x00, 0x6F, 0xFF, 0x80, 0x00, 0x00, 0x00, 0x00, 0x00, 0x9F, 0xFF, 0x50,
  0x00, 0x08, 0xFF, 0xF6, 0x00, 0x00, 0x00, 0x00, 0x00, 0x0B, 0xFF, 0xF3,
  0x00, 0x00, 0xAF, 0xFF, 0x40, 0x00, 0x00, 0x00, 0x00, 0x00, 0xDF, 0xFF,
  0x00, 0x00, 0x0C, 0xFF, 0xF2, 0x00, 0x00, 0x00, 0x00, 0x00, 0x0F, 0xFF,
  0xE0, 0x00, 0x00, 0xEF, 0xFF, 0x00, 0x00, 0x00, 0x1F, 0xFF, 0xFF, 0xFF,
  0xFF, 0xFF, 0xFF, 0xFF, 0xFF, 0xFF, 0xFF, 0xF7, 0x01, 0xFF, 0xFF, 0xFF,
  0xFF, 0xFF, 0xFF, 0xFF, 0xFF, 0xFF, 0xFF, 0xFF, 0x70, 0x1F, 0xFF, 0xFF,
  0xFF, 0xFF, 0xFF, 0xFF, 0xFF, 0xFF, 0xFF, 0xFF, 0xF7, 0x01, 0xFF, 0xFF,
  0xFF, 0xFF, 0xFF, 0xFF, 0xFF, 0xFF, 0xFF, 0xFF, 0xFF, 0x70, 0x00, 0x00,
  0x0A, 0xFF, 0xF5, 0x00, 0x00, 0x8F, 0xFF, 0x60, 0x00, 0x00, 0x00, 0x00,
  0x00, 0xBF, 0xFF, 0x30, 0x00, 0x0A, 0xFF, 0xF4, 0x00, 0x00, 0x00, 0x00,
  0x00, 0x0D, 0xFF, 0xF1, 0x00, 0x00, 0xCF, 0xFF, 0x20, 0x00, 0x00, 0x00,
  0x00, 0x00, 0xFF, 0xFF, 0x00, 0x00, 0x0D, 0xFF, 0xF0, 0x00, 0x00, 0x00,
  0x00, 0x00, 0x1F, 0xFF, 0xD0, 0x00, 0x00, 0xFF, 0xFE, 0x00, 0x00, 0x00,
  0x00, 0x00, 0x03, 0xFF, 0xFB, 0x00, 0x00, 0x1F, 0xFF, 0xD0, 0x00, 0x00,
  0x04, 0xFF, 0xFF, 0xFF, 0xFF, 0xFF, 0xFF, 0xFF, 0xFF, 0xFF, 0xFF, 0xFF,
  0x50, 0x4F, 0xFF, 0xFF, 0xFF, 0xFF, 0xFF, 0xFF, 0xFF, 0xFF, 0xFF, 0xFF,
  0xF5, 0x04, 0xFF, 0xFF, 0xFF, 0xFF, 0xFF, 0xFF, 0xFF, 0xFF, 0xFF, 0xFF,
  0xFF, 0x50, 0x4F, 0xFF, 0xFF, 0xFF, 0xFF, 0xFF, 0xFF, 0xFF, 0xFF, 0xFF,
  0xFF, 0xF5, 0x00, 0x00, 0x00, 0xCF, 0xFF, 0x20, 0x00, 0x0B, 0xFF, 0xF3,
  0x00, 0x00, 0x00, 0x00, 0x00, 0x0E, 0xFF, 0xF0, 0x00, 0x00, 0xDF, 0xFF,
  0x10, 0x00, 0x00, 0x00, 0x00, 0x01, 0xFF, 0xFD, 0x00, 0x00, 0x0F, 0xFF,
  0xF0, 0x00, 0x00, 0x00, 0x00, 0x00, 0x3F, 0xFF, 0xB0, 0x00, 0x02, 0xFF,
  0xFD, 0x00, 0x00, 0x00, 0x00, 0x00, 0x05, 0xFF, 0xF9, 0x00, 0x00, 0x4F,
  0xFF, 0xA0, 0x00, 0x00, 0x00, 0x00, 0x00, 0x00, 0x00, 0x06, 0xFF, 0xF2,
  0x00, 0x00, 0x00, 0x00, 0x00, 0x00, 0x00, 0x00, 0x06, 0xFF, 0xF2, 0x00,
  0x00, 0x00, 0x00, 0x00, 0x00, 0x00, 0x00, 0x06, 0xFF, 0xF2, 0x00, 0x00,
  0x00, 0x00, 0x00, 0x00, 0x00, 0x00, 0x06, 0xFF, 0xF2, 0x00, 0x00, 0x00,
  0x00, 0x00, 0x00, 0x00, 0x00, 0x06, 0xFF, 0xF2, 0x00, 0x00, 0x00, 0x00,
  0x00, 0x00, 0x00, 0x49, 0xCF, 0xFF, 0xFF, 0xEB, 0x83, 0x00, 0x00, 0x00,
  0x00, 0x4D, 0xFF, 0xFF, 0xFF, 0xFF, 0xFF, 0xFF, 0xC4, 0x00, 0x00, 0x07,
  0xFF, 0xFF, 0xFF, 0xFF, 0xFF, 0xFF, 0xFF, 0xFF, 0x20, 0x00, 0x5F, 0xFF,
  0xFF, 0xFF, 0xFF, 0xFF, 0xFF, 0xFF, 0xFB, 0x00, 0x00, 0xEF, 0xFF, 0xFF,
  0xFD, 0xFF, 0xF9, 0xBF, 0xFF, 0xF4, 0x00, 0x04, 0xFF, 0xFF, 0xFC, 0x16,
  0xFF, 0xF2, 0x00, 0x5B, 0xD0, 0x00, 0x07, 0xFF, 0xFF, 0xF3, 0x06, 0xFF,
  0xF2, 0x00, 0x00, 0x10, 0x00, 0x07, 0xFF, 0xFF, 0xF3, 0x06, 0xFF, 0xF2,
  0x00, 0x00, 0x00, 0x00, 0x06, 0xFF, 0xFF, 0xFC, 0x26, 0xFF, 0xF2, 0x00,
  0x00, 0x00, 0x00, 0x01, 0xFF, 0xFF, 0xFF, 0xFD, 0xFF, 0xF2, 0x00, 0x00,
  0x00, 0x00, 0x00, 0x9F, 0xFF, 0xFF, 0xFF, 0xFF, 0xFC, 0x73, 0x00, 0x00,
  0x00, 0x00, 0x0A, 0xFF, 0xFF, 0xFF, 0xFF, 0xFF, 0xFF, 0xE8, 0x10, 0x00,
  0x00, 0x00, 0x6E, 0xFF, 0xFF, 0xFF, 0xFF, 0xFF, 0xFF, 0xE4, 0x00, 0x00,
  0x00, 0x00, 0x49, 0xDF, 0xFF, 0xFF, 0xFF, 0xFF, 0xFF, 0x30, 0x00, 0x00,
  0x00, 0x00, 0x06, 0xFF, 0xFF, 0xFF, 0xFF, 0xFF, 0xD0, 0x00, 0x00, 0x00,
  0x00, 0x06, 0xFF, 0xF4, 0x9F, 0xFF, 0xFF, 0xF2, 0x00, 0x00, 0x00, 0x00,
  0x06, 0xFF, 0xF2, 0x08, 0xFF, 0xFF, 0xF4, 0x00, 0x24, 0x00, 0x00, 0x06,
  0xFF, 0xF2, 0x05, 0xFF, 0xFF, 0xF4, 0x00, 0xAF, 0xB4, 0x00, 0x06, 0xFF,
  0xF2, 0x0B, 0xFF, 0xFF, 0xF1, 0x01, 0xFF, 0xFF, 0xEA, 0x79, 0xFF, 0xF9,
  0xDF, 0xFF, 0xFF, 0xB0, 0x09, 0xFF, 0xFF, 0xFF, 0xFF, 0xFF, 0xFF, 0xFF,
  0xFF, 0xFF, 0x30, 0x0B, 0xFF, 0xFF, 0xFF, 0xFF, 0xFF, 0xFF, 0xFF, 0xFF,
  0xF4, 0x00, 0x00, 0x5C, 0xFF, 0xFF, 0xFF, 0xFF, 0xFF, 0xFF, 0xFB, 0x20,
  0x00, 0x00, 0x00, 0x27, 0xAD, 0xEF, 0xFF, 0xFE, 0xB8, 0x20, 0x00, 0x00,
  0x00, 0x00, 0x00, 0x00, 0x06, 0xFF, 0xF2, 0x00, 0x00, 0x00, 0x00, 0x00,
  0x00, 0x00, 0x00, 0x06, 0xFF, 0xF2, 0x00, 0x00, 0x00, 0x00, 0x00, 0x00,
  0x00, 0x00, 0x06, 0xFF, 0xF2, 0x00, 0x00, 0x00, 0x00, 0x00, 0x00, 0x00,
  0x00, 0x06, 0xFF, 0xF2, 0x00, 0x00, 0x00, 0x00, 0x00, 0x00, 0x7D, 0xFF,
  0xD8, 0x10, 0x00, 0x00, 0x00, 0x00, 0x0B, 0xFF, 0xF7, 0x00, 0x00, 0x00,
  0x2E, 0xFF, 0xFF, 0xFF, 0xE3, 0x00, 0x00, 0x00, 0x00, 0x6F, 0xFF, 0xB0,
  0x00, 0x00, 0x00, 0xDF, 0xFF, 0xFF, 0xFF, 0xFE, 0x10, 0x00, 0x00, 0x02,
  0xFF, 0xFE, 0x10, 0x00, 0x00, 0x07, 0xFF, 0xF7, 0x00, 0x7F, 0xFF, 0x80,
  0x00, 0x00, 0x0C, 0xFF, 0xF5, 0x00, 0x00, 0x00, 0x0D, 0xFF, 0xD0, 0x00,
  0x0C, 0xFF, 0xD0, 0x00, 0x00, 0x8F, 0xFF, 0xA0, 0x00, 0x00, 0x00, 0x0F,
  0xFF, 0x90, 0x00, 0x08, 0xFF, 0xF0, 0x00, 0x03, 0xFF, 0xFE, 0x10, 0x00,
  0x00, 0x00, 0x0F, 0xFF, 0x80, 0x00, 0x06, 0xFF, 0xF1, 0x00, 0x0D, 0xFF,
  0xF4, 0x00, 0x00, 0x00, 0x00, 0x0F, 0xFF, 0x90, 0x00, 0x08, 0xFF, 0xF0,
  0x00, 0x9F, 0xFF, 0x90, 0x00, 0x00, 0x00, 0x00, 0x0C, 0xFF, 0xD0, 0x00,
  0x0C, 0xFF, 0xD0, 0x04, 0xFF, 0xFD, 0x00, 0x00, 0x00, 0x00, 0x00, 0x06,
  0xFF, 0xF9, 0x11, 0x9F, 0xFF, 0x70, 0x1E, 0xFF, 0xF3, 0x00, 0x00, 0x00,
  0x00, 0x00, 0x00, 0xDF, 0xFF, 0xFF, 0xFF, 0xFD, 0x00, 0xBF, 0xFF, 0x70,
  0x07, 0xBD, 0xC9, 0x20, 0x00, 0x00, 0x1C, 0xFF, 0xFF, 0xFF, 0xD1, 0x06,
  0xFF, 0xFC, 0x03, 0xEF, 0xFF, 0xFF, 0xF7, 0x00, 0x00, 0x00, 0x5A, 0xDD,
  0xB6, 0x00, 0x2F, 0xFF, 0xF2, 0x1E, 0xFF, 0xFF, 0xFF, 0xFF, 0x60, 0x00,
  0x00, 0x00, 0x00, 0x00, 0x00, 0xCF, 0xFF, 0x60, 0xAF, 0xFF, 0x60, 0x3D,
  0xFF, 0xF0, 0x00, 0x00, 0x00, 0x00, 0x00, 0x07, 0xFF, 0xFA, 0x00, 0xFF,
  0xF9, 0x00, 0x03, 0xFF, 0xF6, 0x00, 0x00, 0x00, 0x00, 0x00, 0x3F, 0xFF,
  0xE1, 0x04, 0xFF, 0xF4, 0x00, 0x00, 0xEF, 0xF9, 0x00, 0x00, 0x00, 0x00,
  0x00, 0xDF, 0xFF, 0x40, 0x05, 0xFF, 0xF2, 0x00, 0x00, 0xCF, 0xFB, 0x00,
  0x00, 0x00, 0x00, 0x09, 0xFF, 0xF9, 0x00, 0x05, 0xFF, 0xF2, 0x00, 0x00,
  0xCF, 0xFB, 0x00, 0x00, 0x00, 0x00, 0x4F, 0xFF, 0xD0, 0x00, 0x04, 0xFF,
  0xF3, 0x00, 0x00, 0xEF, 0xFA, 0x00, 0x00, 0x00, 0x01, 0xEF, 0xFF, 0x30,
  0x00, 0x01, 0xFF, 0xF8, 0x00, 0x02, 0xFF, 0xF6, 0x00, 0x00, 0x00, 0x0A,
  0xFF, 0xF8, 0x00, 0x00, 0x00, 0xBF, 0xFF, 0x40, 0x1C, 0xFF, 0xF1, 0x00,
  0x00, 0x00, 0x5F, 0xFF, 0xC0, 0x00, 0x00, 0x00, 0x3F, 0xFF, 0xFE, 0xFF,
  0xFF, 0x80, 0x00, 0x00, 0x01, 0xEF, 0xFF, 0x20, 0x00, 0x00, 0x00, 0x05,
  0xFF, 0xFF, 0xFF, 0xFA, 0x00, 0x00, 0x00, 0x0B, 0xFF, 0xF6, 0x00, 0x00,
  0x00, 0x00, 0x00, 0x29, 0xEF, 0xEB, 0x50, 0x00, 0x00, 0x00, 0x00, 0x27,
  0xCE, 0xFF, 0xDA, 0x40, 0x00, 0x00, 0x00, 0x00, 0x00, 0x00, 0x08, 0xFF,
  0xFF, 0xFF, 0xFF, 0xFB, 0x10, 0x00, 0x00, 0x00, 0x00, 0x00, 0xAF, 0xFF,
  0xFF, 0xFF, 0xFF, 0xFF, 0xD0, 0x00, 0x00, 0x00, 0x00, 0x04, 0xFF, 0xFF,
  0xFF, 0xFF, 0xFF, 0xFF, 0xF6, 0x00, 0x00, 0x00, 0x00, 0x0A, 0xFF, 0xFF,
  0xD4, 0x01, 0x9F, 0xFF, 0xFB, 0x00, 0x00, 0x00, 0x00, 0x0D, 0xFF, 0xFF,
  0x40, 0x00, 0x0E, 0xFF, 0xFC, 0x00, 0x00, 0x00, 0x00, 0x0C, 0xFF, 0xFF,
  0x20, 0x00, 0x0E, 0xFF, 0xFA, 0x00, 0x00, 0x00, 0x00, 0x09, 0xFF, 0xFF,
  0x70, 0x00, 0x7F, 0xFF, 0xF5, 0x00, 0x00, 0x00, 0x00, 0x02, 0xFF, 0xFF,
  0xF3, 0x09, 0xFF, 0xFF, 0xB0, 0x00, 0x00, 0x00, 0x00, 0x00, 0x8F, 0xFF,
  0xFE, 0xEF, 0xFF, 0xFC, 0x10, 0x00, 0x00, 0x00, 0x00, 0x00, 0x0A, 0xFF,
  0xFF, 0xFF, 0xFF, 0x80, 0x00, 0x00, 0x00, 0x00, 0x00, 0x00, 0x6E, 0xFF,
  0xFF, 0xFF, 0xF5, 0x00, 0x00, 0x10, 0x00, 0x00, 0x00, 0x1C, 0xFF, 0xFF,
  0xFF, 0xFF, 0xFF, 0x40, 0x00, 0x8F, 0xC7, 0x30, 0x02, 0xEF, 0xFF, 0xFF,
  0x8E, 0xFF, 0xFF, 0xF7, 0x00, 0xCF, 0xFF, 0xE0, 0x0C, 0xFF, 0xFF, 0xD1,
  0x02, 0xDF, 0xFF, 0xFF, 0xA4, 0xFF, 0xFF, 0x90, 0x5F, 0xFF, 0xFE, 0x10,
  0x00, 0x0B, 0xFF, 0xFF, 0xFF, 0xFF, 0xFF, 0x30, 0x9F, 0xFF, 0xFA, 0x00,
  0x00, 0x00, 0x8F, 0xFF, 0xFF, 0xFF, 0xFB, 0x00, 0xBF, 0xFF, 0xFB, 0x00,
  0x00, 0x00, 0x06, 0xFF, 0xFF, 0xFF, 0xF2, 0x00, 0xAF, 0xFF, 0xFF, 0x70,
  0x00, 0x00, 0x02, 0xCF, 0xFF, 0xFF, 0xF8, 0x00, 0x6F, 0xFF, 0xFF, 0xFE,
  0xA8, 0x89, 0xDF, 0xFF, 0xFF, 0xFF, 0xFF, 0xA0, 0x0D, 0xFF, 0xFF, 0xFF,
  0xFF, 0xFF, 0xFF, 0xFF, 0xFF, 0xFF, 0xFF, 0xF7, 0x01, 0xDF, 0xFF, 0xFF,
  0xFF, 0xFF, 0xFF, 0xFF, 0xF6, 0xCF, 0xFF, 0xB0, 0x00, 0x08, 0xFF, 0xFF,
  0xFF, 0xFF, 0xFF, 0xF9, 0x10, 0x0B, 0xFD, 0x10, 0x00, 0x00, 0x16, 0xAD,
  0xEF, 0xED, 0xA6, 0x10, 0x00, 0x00, 0x92, 0x00, 0x4F, 0xFF, 0xF5, 0x3F,
  0xFF, 0xF5, 0x3F, 0xFF, 0xF4, 0x2F, 0xFF, 0xF3, 0x2F, 0xFF, 0xF3, 0x1F,
  0xFF, 0xF2, 0x0F, 0xFF, 0xF1, 0x0F, 0xFF, 0xF1, 0x0F, 0xFF, 0xF0, 0x0F,
  0xFF, 0xF0, 0x00, 0x00, 0x5F, 0xFF, 0xFD, 0x00, 0x00, 0x0E, 0xFF, 0xFF,
  0x50, 0x00, 0x07, 0xFF, 0xFF, 0xD0, 0x00, 0x00, 0xEF, 0xFF, 0xF6, 0x00,
  0x00, 0x5F, 0xFF, 0xFF, 0x00, 0x00, 0x0B, 0xFF, 0xFF, 0xA0, 0x00, 0x00,
  0xFF, 0xFF, 0xF5, 0x00, 0x00, 0x5F, 0xFF, 0xFF, 0x10, 0x00, 0x09, 0xFF,
  0xFF, 0xD0, 0x00, 0x00, 0xCF, 0xFF, 0xFA, 0x00, 0x00, 0x0F, 0xFF, 0xFF,
  0x70, 0x00, 0x01, 0xFF, 0xFF, 0xF4, 0x00, 0x00, 0x3F, 0xFF, 0xFF, 0x20,
  0x00, 0x05, 0xFF, 0xFF, 0xF1, 0x00, 0x00, 0x6F, 0xFF, 0xFF, 0x00, 0x00,
  0x06, 0xFF, 0xFF, 0xF0, 0x00, 0x00, 0x6F, 0xFF, 0xFE, 0x00, 0x00, 0x06,
  0xFF, 0xFF, 0xF0, 0x00, 0x00, 0x6F, 0xFF, 0xFF, 0x00, 0x00, 0x05, 0xFF,
  0xFF, 0xF1, 0x00, 0x00, 0x3F, 0xFF, 0xFF, 0x20, 0x00, 0x01, 0xFF, 0xFF,
  0xF4, 0x00, 0x00, 0x0F, 0xFF, 0xFF, 0x70, 0x00, 0x00, 0xCF, 0xFF, 0xFA,
  0x00, 0x00, 0x09, 0xFF, 0xFF, 0xD0, 0x00, 0x00, 0x5F, 0xFF, 0xFF, 0x10,
  0x00, 0x00, 0xFF, 0xFF, 0xF5, 0x00, 0x00, 0x0B, 0xFF, 0xFF, 0xA0, 0x00,
  0x00, 0x5F, 0xFF, 0xFF, 0x00, 0x00, 0x00, 0xEF, 0xFF, 0xF6, 0x00, 0x00,
  0x07, 0xFF, 0xFF, 0xD0, 0x00, 0x00, 0x0E, 0xFF, 0xFF, 0x50, 0x00, 0x00,
  0x5F, 0xFF, 0xFD, 0x00, 0x6F, 0xFF, 0xFD, 0x00, 0x00, 0x0D, 0xFF, 0xFF,
  0x70, 0x00, 0x06, 0xFF, 0xFF, 0xE0, 0x00, 0x00, 0xEF, 0xFF, 0xF7, 0x00,
  0x00, 0x8F, 0xFF, 0xFD, 0x00, 0x00, 0x2F, 0xFF, 0xFF, 0x30, 0x00, 0x0D,
  0xFF, 0xFF, 0x80, 0x00, 0x08, 0xFF, 0xFF, 0xD0, 0x00, 0x04, 0xFF, 0xFF,
  0xF1, 0x00, 0x01, 0xFF, 0xFF, 0xF4, 0x00, 0x00, 0xEF, 0xFF, 0xF7, 0x00,
  0x00, 0xBF, 0xFF, 0xFA, 0x00, 0x00, 0x9F, 0xFF, 0xFB, 0x00, 0x00, 0x8F,
  0xFF, 0xFD, 0x00, 0x00, 0x7F, 0xFF, 0xFE, 0x00, 0x00, 0x6F, 0xFF, 0xFF,
  0x00, 0x00, 0x6F, 0xFF, 0xFF, 0x00, 0x00, 0x6F, 0xFF, 0xFF, 0x00, 0x00,
  0x7F, 0xFF, 0xFE, 0x00, 0x00, 0x8F, 0xFF, 0xFD, 0x00, 0x00, 0x9F, 0xFF,
  0xFB, 0x00, 0x00, 0xBF, 0xFF, 0xFA, 0x00, 0x00, 0xEF, 0xFF, 0xF7, 0x00,
  0x01, 0xFF, 0xFF, 0xF4, 0x00, 0x04, 0xFF, 0xFF, 0xF1, 0x00, 0x08, 0xFF,
  0xFF, 0xD0, 0x00, 0x0D, 0xFF, 0xFF, 0x80, 0x00, 0x2F, 0xFF, 0xFF, 0x30,
  0x00, 0x8F, 0xFF, 0xFD, 0x00, 0x00, 0xEF, 0xFF, 0xF7, 0x00, 0x06, 0xFF,
  0xFF, 0xE0, 0x00, 0x0D, 0xFF, 0xFF, 0x70, 0x00, 0x6F, 0xFF, 0xFD, 0x00,
  0x00, 0x00, 0x00, 0x00, 0xFF, 0xF3, 0x00, 0x00, 0x00, 0x00, 0x00, 0x0F,
  0xFF, 0x30, 0x00, 0x00, 0x02, 0xC3, 0x00, 0xFF, 0xF3, 0x01, 0xA4, 0x00,
  0xBF, 0xF9, 0x1F, 0xFF, 0x37, 0xFF, 0xD0, 0x4F, 0xFF, 0xFE, 0xFF, 0xFE,
  0xFF, 0xFF, 0x70, 0x7F, 0xFF, 0xFF, 0xFF, 0xFF, 0xFF, 0x91, 0x00, 0x19,
  0xFF, 0xFF, 0xFF, 0xFB, 0x20, 0x00, 0x01, 0x8F, 0xFF, 0xFF, 0xFF, 0xA2,
  0x00, 0x07, 0xEF, 0xFF, 0xFF, 0xFF, 0xFF, 0xF8, 0x14, 0xFF, 0xFF, 0xEF,
  0xFF, 0xEF, 0xFF, 0xF7, 0x0B, 0xFF, 0x91, 0xFF, 0xF3, 0x7F, 0xFE, 0x00,
  0x2C, 0x30, 0x0F, 0xFF, 0x30, 0x2B, 0x50, 0x00, 0x00, 0x00, 0xFF, 0xF3,
  0x00, 0x00, 0x00, 0x00, 0x00, 0x0F, 0xFF, 0x30, 0x00, 0x00, 0x00, 0x00,
  0x00, 0xCF, 0xFF, 0xB0, 0x00, 0x00, 0x00, 0x00, 0x00, 0x0C, 0xFF, 0xFB,
  0x00, 0x00, 0x00, 0x00, 0x00, 0x00, 0xCF, 0xFF, 0xB0, 0x00, 0x00, 0x00,
  0x00, 0x00, 0x0C, 0xFF, 0xFB, 0x00, 0x00, 0x00, 0x00, 0x00, 0x00, 0xCF,
  0xFF, 0xB0, 0x00, 0x00, 0x06, 0x77, 0x77, 0x7E, 0xFF, 0xFD, 0x77, 0x77,
  0x76, 0xDF, 0xFF, 0xFF, 0xFF, 0xFF, 0xFF, 0xFF, 0xFF, 0xDD, 0xFF, 0xFF,
  0xFF, 0xFF, 0xFF, 0xFF, 0xFF, 0xFD, 0xDF, 0xFF, 0xFF, 0xFF, 0xFF, 0xFF,
  0xFF, 0xFF, 0xDD, 0xFF, 0xFF, 0xFF, 0xFF, 0xFF, 0xFF, 0xFF, 0xFD, 0x00,
  0x00, 0x00, 0xCF, 0xFF, 0xB0, 0x00, 0x00, 0x00, 0x00, 0x00, 0x0C, 0xFF,
  0xFB, 0x00, 0x00, 0x00, 0x00, 0x00, 0x00, 0xCF, 0xFF, 0xB0, 0x00, 0x00,
  0x00, 0x00, 0x00, 0x0C, 0xFF, 0xFB, 0x00, 0x00, 0x00, 0x00, 0x00, 0x00,
  0xCF, 0xFF, 0xB0, 0x00, 0x00, 0x00, 0x00, 0x00, 0x0C, 0xFF, 0xFB, 0x00,
  0x00, 0x00, 0x04, 0xCF, 0xD6, 0x03, 0xFF, 0xFF, 0xF6, 0x9F, 0xFF, 0xFF,
  0xDB, 0xFF, 0xFF, 0xFF, 0x9F, 0xFF, 0xFF, 0xD2, 0xFF, 0xFF, 0xF9, 0x02,
  0xFF, 0xFF, 0x30, 0x3F, 0xFF, 0xC0, 0x07, 0xFF, 0xF6, 0x00, 0xBF, 0xFF,
  0x00, 0x0F, 0xFF, 0xA0, 0x04, 0xFF, 0xF3, 0x00, 0x17, 0x77, 0x77, 0x77,
  0x77, 0x53, 0xFF, 0xFF, 0xFF, 0xFF, 0xFB, 0x3F, 0xFF, 0xFF, 0xFF, 0xFF,
  0xB3, 0xFF, 0xFF, 0xFF, 0xFF, 0xFB, 0x3F, 0xFF, 0xFF, 0xFF, 0xFF, 0xB0,
  0x04, 0xCF, 0xD5, 0x03, 0xFF, 0xFF, 0xF5, 0xAF, 0xFF, 0xFF, 0xDC, 0xFF,
  0xFF, 0xFF, 0xAF, 0xFF, 0xFF, 0xC2, 0xFF, 0xFF, 0xF5, 0x03, 0xCF, 0xD5,
  0x00, 0x00, 0x00, 0x00, 0x00, 0x00, 0x00, 0xCF, 0xFF, 0xF1, 0x00, 0x00,
  0x00, 0x00, 0x00, 0x02, 0xFF, 0xFF, 0xB0, 0x00, 0x00, 0x00, 0x00, 0x00,
  0x07, 0xFF, 0xFF, 0x60, 0x00, 0x00, 0x00, 0x00, 0x00, 0x0D, 0xFF, 0xFF,
  0x10, 0x00, 0x00, 0x00, 0x00, 0x00, 0x2F, 0xFF, 0xFB, 0x00, 0x00, 0x00,
  0x00, 0x00, 0x00, 0x8F, 0xFF, 0xF5, 0x00, 0x00, 0x00, 0x00, 0x00, 0x00,
  0xEF, 0xFF, 0xF0, 0x00, 0x00, 0x00, 0x00, 0x00, 0x03, 0xFF, 0xFF, 0xA0,
  0x00, 0x00, 0x00, 0x00, 0x00, 0x09, 0xFF, 0xFF, 0x40, 0x00, 0x00, 0x00,
  0x00, 0x00, 0x0E, 0xFF, 0xFE, 0x00, 0x00, 0x00, 0x00, 0x00, 0x00, 0x4F,
  0xFF, 0xF9, 0x00, 0x00, 0x00, 0x00, 0x00, 0x00, 0xAF, 0xFF, 0xF3, 0x00,
  0x00, 0x00, 0x00, 0x00, 0x00, 0xFF, 0xFF, 0xE0, 0x00, 0x00, 0x00, 0x00,
  0x00, 0x05, 0xFF, 0xFF, 0x80, 0x00, 0x00, 0x00, 0x00, 0x00, 0x0A, 0xFF,
  0xFF, 0x20, 0x00, 0x00, 0x00, 0x00, 0x00, 0x1F, 0xFF, 0xFD, 0x00, 0x00,
  0x00, 0x00, 0x00, 0x00, 0x6F, 0xFF, 0xF7, 0x00, 0x00, 0x00, 0x00, 0x00,
  0x00, 0xBF, 0xFF, 0xF2, 0x00, 0x00, 0x00, 0x00, 0x00, 0x01, 0xFF, 0xFF,
  0xC0, 0x00, 0x00, 0x00, 0x00, 0x00, 0x06, 0xFF, 0xFF, 0x60, 0x00, 0x00,
  0x00, 0x00, 0x00, 0x0C, 0xFF, 0xFF, 0x10, 0x00, 0x00, 0x00, 0x00, 0x00,
  0x2F, 0xFF, 0xFB, 0x00, 0x00, 0x00, 0x00, 0x00, 0x00, 0x7F, 0xFF, 0xF6,
  0x00, 0x00, 0x00, 0x00, 0x00, 0x00, 0xDF, 0xFF, 0xF0, 0x00, 0x00, 0x00,
  0x00, 0x00, 0x02, 0xFF, 0xFF, 0xA0, 0x00, 0x00, 0x00, 0x00, 0x00, 0x08,
  0xFF, 0xFF, 0x50, 0x00, 0x00, 0x00, 0x00, 0x00, 0x0E, 0xFF, 0xFF, 0x00,
  0x00, 0x00, 0x00, 0x00, 0x00, 0x3F, 0xFF, 0xFA, 0x00, 0x00, 0x00, 0x00,
  0x00, 0x00, 0x9F, 0xFF, 0xF4, 0x00, 0x00, 0x00, 0x00, 0x00, 0x00, 0xEF,
  0xFF, 0xE0, 0x00, 0x00, 0x00, 0x00, 0x00, 0x04, 0xFF, 0xFF, 0x90, 0x00,
  0x00, 0x00, 0x00, 0x00, 0x0A, 0xFF, 0xFF, 0x30, 0x00, 0x00, 0x00, 0x00,
  0x00, 0x0F, 0xFF, 0xFD, 0x00, 0x00, 0x00, 0x00, 0x00, 0x00, 0x00, 0x00,
  0x00, 0x17, 0xBE, 0xFF, 0xDA, 0x60, 0x00, 0x00, 0x00, 0x00, 0x00, 0x09,
  0xFF, 0xFF, 0xFF, 0xFF, 0xFE, 0x60, 0x00, 0x00, 0x00, 0x01, 0xDF, 0xFF,
  0xFF, 0xFF, 0xFF, 0xFF, 0xFA, 0x00, 0x00, 0x00, 0x1D, 0xFF, 0xFF, 0xFF,
  0xFF, 0xFF, 0xFF, 0xFF, 0xA0, 0x00, 0x00, 0xAF, 0xFF, 0xFF, 0xFB, 0x88,
  0xDF, 0xFF, 0xFF, 0xF6, 0x00, 0x03, 0xFF, 0xFF, 0xFF, 0x30, 0x00, 0x06,
  0xFF, 0xFF, 0xFE, 0x00, 0x0B, 0xFF, 0xFF, 0xF4, 0x00, 0x00, 0x00, 0x8F,
  0xFF, 0xFF, 0x60, 0x0F, 0xFF, 0xFF, 0xC0, 0x00, 0x00, 0x00, 0x0F, 0xFF,
  0xFF, 0xC0, 0x4F, 0xFF, 0xFF, 0x70, 0x00, 0x00, 0x00, 0x0B, 0xFF, 0xFF,
  0xF0, 0x7F, 0xFF, 0xFF, 0x40, 0x00, 0x00, 0x00, 0x08, 0xFF, 0xFF, 0xF2,
  0x9F, 0xFF, 0xFF, 0x20, 0x00, 0x00, 0x00, 0x06, 0xFF, 0xFF, 0xF4, 0x9F,
  0xFF, 0xFF, 0x20, 0x00, 0x00, 0x00, 0x05, 0xFF, 0xFF, 0xF5, 0x9F, 0xFF,
  0xFF, 0x20, 0x00, 0x00, 0x00, 0x05, 0xFF, 0xFF, 0xF5, 0x9F, 0xFF, 0xFF,
  0x20, 0x00, 0x00, 0x00, 0x06, 0xFF, 0xFF, 0xF4, 0x7F, 0xFF, 0xFF, 0x40,
  0x00, 0x00, 0x00, 0x08, 0xFF, 0xFF, 0xF2, 0x4F, 0xFF, 0xFF, 0x70, 0x00,
  0x00, 0x00, 0x0B, 0xFF, 0xFF, 0xF0, 0x0F, 0xFF, 0xFF, 0xC0, 0x00, 0x00,
  0x00, 0x0F, 0xFF, 0xFF, 0xC0, 0x0B, 0xFF, 0xFF, 0xF4, 0x00, 0x00, 0x00,
  0x8F, 0xFF, 0xFF, 0x60, 0x03, 0xFF, 0xFF, 0xFE, 0x30, 0x00, 0x06, 0xFF,
  0xFF, 0xFE, 0x00, 0x00, 0xAF, 0xFF, 0xFF, 0xFB, 0x88, 0xCF, 0xFF, 0xFF,
  0xF6, 0x00, 0x00, 0x1D, 0xFF, 0xFF, 0xFF, 0xFF, 0xFF, 0xFF, 0xFF, 0xA0,
  0x00, 0x00, 0x01, 0xDF, 0xFF, 0xFF, 0xFF, 0xFF, 0xFF, 0xFA, 0x00, 0x00,
  0x00, 0x00, 0x09, 0xFF, 0xFF, 0xFF, 0xFF, 0xFE, 0x60, 0x00, 0x00, 0x00,
  0x00, 0x00, 0x17, 0xBE, 0xFF, 0xEB, 0x60, 0x00, 0x00, 0x00, 0xCF, 0xFF,
  0xFF, 0xFF, 0xFF, 0xDC, 0xFF, 0xFF, 0xFF, 0xFF, 0xFD, 0xCF, 0xFF, 0xFF,
  0xFF, 0xFF, 0xDC, 0xFF, 0xFF, 0xFF, 0xFF, 0xFD, 0x57, 0x77, 0x7E, 0xFF,
  0xFF, 0xD0, 0x00, 0x00, 0xDF, 0xFF, 0xFD, 0x00, 0x00, 0x0D, 0xFF, 0xFF,
  0xD0, 0x00, 0x00, 0xDF, 0xFF, 0xFD, 0x00, 0x00, 0x0D, 0xFF, 0xFF, 0xD0,
  0x00, 0x00, 0xDF, 0xFF, 0xFD, 0x00, 0x00, 0x0D, 0xFF, 0xFF, 0xD0, 0x00,
  0x00, 0xDF, 0xFF, 0xFD, 0x00, 0x00, 0x0D, 0xFF, 0xFF, 0xD0, 0x00, 0x00,
  0xDF, 0xFF, 0xFD, 0x00, 0x00, 0x0D, 0xFF, 0xFF, 0xD0, 0x00, 0x00, 0xDF,
  0xFF, 0xFD, 0x00, 0x00, 0x0D, 0xFF, 0xFF, 0xD0, 0x00, 0x00, 0xDF, 0xFF,
  0xFD, 0x00, 0x00, 0x0D, 0xFF, 0xFF, 0xD0, 0x00, 0x00, 0xDF, 0xFF, 0xFD,
  0x00, 0x00, 0x0D, 0xFF, 0xFF, 0xD0, 0x00, 0x00, 0xDF, 0xFF, 0xFD, 0x00,
  0x00, 0x0D, 0xFF, 0xFF, 0xD0, 0x00, 0x00, 0xDF, 0xFF, 0xFD, 0x00, 0x00,
  0x16, 0xAD, 0xFF, 0xED, 0xB7, 0x20, 0x00, 0x00, 0x00, 0x19, 0xFF, 0xFF,
  0xFF, 0xFF, 0xFF, 0xF9, 0x10, 0x00, 0x04, 0xEF, 0xFF, 0xFF, 0xFF, 0xFF,
  0xFF, 0xFF, 0xD1, 0x00, 0x5F, 0xFF, 0xFF, 0xFF, 0xFF, 0xFF, 0xFF, 0xFF,
  0xFD, 0x00, 0x8F, 0xFF, 0xFF, 0xFB, 0x88, 0x9E, 0xFF, 0xFF, 0xFF, 0x60,
  0x03, 0xDF, 0xFA, 0x10, 0x00, 0x00, 0xAF, 0xFF, 0xFF, 0xB0, 0x00, 0x08,
  0x80, 0x00, 0x00, 0x00, 0x0F, 0xFF, 0xFF, 0xD0, 0x00, 0x00, 0x00, 0x00,
  0x00, 0x00, 0x0E, 0xFF, 0xFF, 0xD0, 0x00, 0x00, 0x00, 0x00, 0x00, 0x00,
  0x0F, 0xFF, 0xFF, 0xB0, 0x00, 0x00, 0x00, 0x00, 0x00, 0x00, 0x6F, 0xFF,
  0xFF, 0x70, 0x00, 0x00, 0x00, 0x00, 0x00, 0x02, 0xFF, 0xFF, 0xFF, 0x10,
  0x00, 0x00, 0x00, 0x00, 0x00, 0x2E, 0xFF, 0xFF, 0xF6, 0x00, 0x00, 0x00,
  0x00, 0x00, 0x03, 0xEF, 0xFF, 0xFF, 0xA0, 0x00, 0x00, 0x00, 0x00, 0x00,
  0x4F, 0xFF, 0xFF, 0xFA, 0x00, 0x00, 0x00, 0x00, 0x00, 0x05, 0xFF, 0xFF,
  0xFF, 0xA0, 0x00, 0x00, 0x00, 0x00, 0x00, 0x7F, 0xFF, 0xFF, 0xF8, 0x00,
  0x00, 0x00, 0x00, 0x00, 0x08, 0xFF, 0xFF, 0xFF, 0x70, 0x00, 0x00, 0x00,
  0x00, 0x00, 0x9F, 0xFF, 0xFF, 0xF6, 0x00, 0x00, 0x00, 0x00, 0x00, 0x0A,
  0xFF, 0xFF, 0xFF, 0x40, 0x00, 0x00, 0x00, 0x00, 0x00, 0xBF, 0xFF, 0xFF,
  0xFB, 0x77, 0x77, 0x77, 0x77, 0x75, 0x0B, 0xFF, 0xFF, 0xFF, 0xFF, 0xFF,
  0xFF, 0xFF, 0xFF, 0xFA, 0x0D, 0xFF, 0xFF, 0xFF, 0xFF, 0xFF, 0xFF, 0xFF,
  0xFF, 0xFA, 0x0D, 0xFF, 0xFF, 0xFF, 0xFF, 0xFF, 0xFF, 0xFF, 0xFF, 0xFA,
  0x0D, 0xFF, 0xFF, 0xFF, 0xFF, 0xFF, 0xFF, 0xFF, 0xFF, 0xFA, 0x00, 0xDF,
  0xFF, 0xFF, 0xFF, 0xFF, 0xFF, 0xFF, 0xFF, 0xF5, 0x00, 0x0D, 0xFF, 0xFF,
  0xFF, 0xFF, 0xFF, 0xFF, 0xFF, 0xFF, 0x50, 0x00, 0xDF, 0xFF, 0xFF, 0xFF,
  0xFF, 0xFF, 0xFF, 0xFF, 0xF5, 0x00, 0x0D, 0xFF, 0xFF, 0xFF, 0xFF, 0xFF,
  0xFF, 0xFF, 0xFF, 0x40, 0x00, 0x67, 0x77, 0x77, 0x77, 0x77, 0xDF, 0xFF,
  0xFF, 0x80, 0x00, 0x00, 0x00, 0x00, 0x00, 0x00, 0x5F, 0xFF, 0xFF, 0x90,
  0x00, 0x00, 0x00, 0x00, 0x00, 0x00, 0x4F, 0xFF, 0xFF, 0xB0, 0x00, 0x00,
  0x00, 0x00, 0x00, 0x00, 0x3F, 0xFF, 0xFF, 0xC0, 0x00, 0x00, 0x00, 0x00,
  0x00, 0x00, 0x2E, 0xFF, 0xFF, 0xD0, 0x00, 0x00, 0x00, 0x00, 0x00, 0x00,
  0x1E, 0xFF, 0xFF, 0xF4, 0x00, 0x00, 0x00, 0x00, 0x00, 0x00, 0x06, 0xFF,
  0xFF, 0xFF, 0xFE, 0x81, 0x00, 0x00, 0x00, 0x00, 0x00, 0x6F, 0xFF, 0xFF,
  0xFF, 0xFF, 0xE3, 0x00, 0x00, 0x00, 0x00, 0x06, 0xFF, 0xFF, 0xFF, 0xFF,
  0xFF, 0xF2, 0x00, 0x00, 0x00, 0x00, 0x39, 0x99, 0xAD, 0xFF, 0xFF, 0xFF,
  0xC0, 0x00, 0x00, 0x00, 0x00, 0x00, 0x00, 0x04, 0xFF, 0xFF, 0xFF, 0x20,
  0x00, 0x00, 0x00, 0x00, 0x00, 0x00, 0x07, 0xFF, 0xFF, 0xF5, 0x00, 0x00,
  0x00, 0x00, 0x00, 0x00, 0x00, 0x4F, 0xFF, 0xFF, 0x60, 0x00, 0x50, 0x00,
  0x00, 0x00, 0x00, 0x07, 0xFF, 0xFF, 0xF5, 0x00, 0x6F, 0xC5, 0x00, 0x00,
  0x00, 0x04, 0xFF, 0xFF, 0xFF, 0x10, 0x0E, 0xFF, 0xFF, 0xC9, 0x88, 0x9D,
  0xFF, 0xFF, 0xFF, 0xB0, 0x07, 0xFF, 0xFF, 0xFF, 0xFF, 0xFF, 0xFF, 0xFF,
  0xFF, 0xF2, 0x00, 0xCF, 0xFF, 0xFF, 0xFF, 0xFF, 0xFF, 0xFF, 0xFF, 0xF4,
  0x00, 0x00, 0x5C, 0xFF, 0xFF, 0xFF, 0xFF, 0xFF, 0xFF, 0xA1, 0x00, 0x00,
  0x00, 0x01, 0x69, 0xCE, 0xFF, 0xFD, 0xB7, 0x20, 0x00, 0x00, 0x00, 0x00,
  0x00, 0x00, 0x00, 0x0B, 0xFF, 0xFF, 0xF3, 0x00, 0x00, 0x00, 0x00, 0x00,
  0x00, 0x00, 0x07, 0xFF, 0xFF, 0xF7, 0x00, 0x00, 0x00, 0x00, 0x00, 0x00,
  0x00, 0x04, 0xFF, 0xFF, 0xFB, 0x00, 0x00, 0x00, 0x00, 0x00, 0x00, 0x00,
  0x01, 0xEF, 0xFF, 0xFE, 0x10, 0x00, 0x00, 0x00, 0x00, 0x00, 0x00, 0x00,
  0xBF, 0xFF, 0xFF, 0x40, 0x00, 0x00, 0x00, 0x00, 0x00, 0x00, 0x00, 0x8F,
  0xFF, 0xFF, 0x80, 0x00, 0x00, 0x00, 0x00, 0x00, 0x00, 0x00, 0x4F, 0xFF,
  0xFF, 0xC0, 0x00, 0x00, 0x00, 0x00, 0x00, 0x00, 0x00, 0x1E, 0xFF, 0xFF,
  0xF2, 0x00, 0x00, 0x00, 0x00, 0x00, 0x00, 0x00, 0x0C, 0xFF, 0xFF, 0xF5,
  0x00, 0x00, 0x00, 0x00, 0x00, 0x00, 0x00, 0x08, 0xFF, 0xFF, 0xF9, 0x00,
  0x00, 0x00, 0x00, 0x00, 0x00, 0x00, 0x04, 0xFF, 0xFF, 0xFD, 0x00, 0x08,
  0xFF, 0xFF, 0xC0, 0x00, 0x00, 0x01, 0xEF, 0xFF, 0xFF, 0x20, 0x00, 0x8F,
  0xFF, 0xFD, 0x00, 0x00, 0x00, 0xCF, 0xFF, 0xFF, 0x60, 0x00, 0x08, 0xFF,
  0xFF, 0xD0, 0x00, 0x00, 0x8F, 0xFF, 0xFF, 0xA0, 0x00, 0x00, 0x8F, 0xFF,
  0xFD, 0x00, 0x00, 0x4F, 0xFF, 0xFF, 0xF8, 0x77, 0x77, 0x7C, 0xFF, 0xFF,
  0xE7, 0x77, 0x5E, 0xFF, 0xFF, 0xFF, 0xFF, 0xFF, 0xFF, 0xFF, 0xFF, 0xFF,
  0xFF, 0xFC, 0xEF, 0xFF, 0xFF, 0xFF, 0xFF, 0xFF, 0xFF, 0xFF, 0xFF, 0xFF,
  0xFF, 0xCE, 0xFF, 0xFF, 0xFF, 0xFF, 0xFF, 0xFF, 0xFF, 0xFF, 0xFF, 0xFF,
  0xFC, 0xEF, 0xFF, 0xFF, 0xFF, 0xFF, 0xFF, 0xFF, 0xFF, 0xFF, 0xFF, 0xFF,
  0xC0, 0x00, 0x00, 0x00, 0x00, 0x00, 0x00, 0xBF, 0xFF, 0xFD, 0x00, 0x00,
  0x00, 0x00, 0x00, 0x00, 0x00, 0x00, 0x0B, 0xFF, 0xFF, 0xD0, 0x00, 0x00,
  0x00, 0x00, 0x00, 0x00, 0x00, 0x00, 0xBF, 0xFF, 0xFD, 0x00, 0x00, 0x00,
  0x00, 0x00, 0x00, 0x00, 0x00, 0x0B, 0xFF, 0xFF, 0xD0, 0x00, 0x00, 0x00,
  0x00, 0x00, 0x00, 0x00, 0x00, 0xBF, 0xFF, 0xFD, 0x00, 0x00, 0x00, 0x09,
  0xFF, 0xFF, 0xFF, 0xFF, 0xFF, 0xFF, 0xFF, 0x60, 0x00, 0x0B, 0xFF, 0xFF,
  0xFF, 0xFF, 0xFF, 0xFF, 0xFF, 0x60, 0x00, 0x0C, 0xFF, 0xFF, 0xFF, 0xFF,
  0xFF, 0xFF, 0xFF, 0x60, 0x00, 0x0E, 0xFF, 0xFF, 0xFF, 0xFF, 0xFF, 0xFF,
  0xFF, 0x60, 0x00, 0x0F, 0xFF, 0xFF, 0x87, 0x77, 0x77, 0x77, 0x77, 0x20,
  0x00, 0x1F, 0xFF, 0xFF, 0x00, 0x00, 0x00, 0x00, 0x00, 0x00, 0x00, 0x3F,
  0xFF, 0xFF, 0x00, 0x00, 0x00, 0x00, 0x00, 0x00, 0x00, 0x4F, 0xFF, 0xFD,
  0x00, 0x00, 0x00, 0x00, 0x00, 0x00, 0x00, 0x6F, 0xFF, 0xFE, 0x77, 0x76,
  0x41, 0x00, 0x00, 0x00, 0x00, 0x7F, 0xFF, 0xFF, 0xFF, 0xFF, 0xFF, 0xD8,
  0x10, 0x00, 0x00, 0x9F, 0xFF, 0xFF, 0xFF, 0xFF, 0xFF, 0xFF, 0xE5, 0x00,
  0x00, 0xAF, 0xFF, 0xFF, 0xFF, 0xFF, 0xFF, 0xFF, 0xFF, 0x50, 0x00, 0xCF,
  0xFF, 0xFF, 0xFF, 0xFF, 0xFF, 0xFF, 0xFF, 0xF1, 0x00, 0x00, 0x00, 0x00,
  0x00, 0x25, 0xBF, 0xFF, 0xFF, 0xF7, 0x00, 0x00, 0x00, 0x00, 0x00, 0x00,
  0x07, 0xFF, 0xFF, 0xFB, 0x00, 0x00, 0x00, 0x00, 0x00, 0x00, 0x00, 0xFF,
  0xFF, 0xFD, 0x00, 0x00, 0x00, 0x00, 0x00, 0x00, 0x00, 0xEF, 0xFF, 0xFD,
  0x00, 0x62, 0x00, 0x00, 0x00, 0x00, 0x02, 0xFF, 0xFF, 0xFB, 0x01, 0xFF,
  0x92, 0x00, 0x00, 0x00, 0x2C, 0xFF, 0xFF, 0xF7, 0x09, 0xFF, 0xFF, 0xEA,
  0x87, 0x9B, 0xFF, 0xFF, 0xFF, 0xF1, 0x2F, 0xFF, 0xFF, 0xFF, 0xFF, 0xFF,
  0xFF, 0xFF, 0xFF, 0x60, 0x6F, 0xFF, 0xFF, 0xFF, 0xFF, 0xFF, 0xFF, 0xFF,
  0xF8, 0x00, 0x02, 0xAF, 0xFF, 0xFF, 0xFF, 0xFF, 0xFF, 0xFD, 0x40, 0x00,
  0x00, 0x00, 0x48, 0xBD, 0xEF, 0xFE, 0xC9, 0x40, 0x00, 0x00, 0x00, 0x00,
  0x00, 0x01, 0x5A, 0xCE, 0xFF, 0xEC, 0x95, 0x00, 0x00, 0x00, 0x00, 0x19,
  0xFF, 0xFF, 0xFF, 0xFF, 0xFF, 0xFE, 0x50, 0x00, 0x00, 0x4E, 0xFF, 0xFF,
  0xFF, 0xFF, 0xFF, 0xFF, 0xF3, 0x00, 0x00, 0x5F, 0xFF, 0xFF, 0xFF, 0xFF,
  0xFF, 0xFF, 0xFA, 0x00, 0x00, 0x3F, 0xFF, 0xFF, 0xFF, 0xC9, 0x88, 0x9B,
  0xEF, 0x10, 0x00, 0x0D, 0xFF, 0xFF, 0xFA, 0x20, 0x00, 0x00, 0x00, 0x20,
  0x00, 0x06, 0xFF, 0xFF, 0xF8, 0x00, 0x00, 0x00, 0x00, 0x00, 0x00, 0x00,
  0xDF, 0xFF, 0xFD, 0x00, 0x00, 0x00, 0x00, 0x00, 0x00, 0x00, 0x2F, 0xFF,
  0xFF, 0x60, 0x4A, 0xDF, 0xFD, 0xB5, 0x00, 0x00, 0x05, 0xFF, 0xFF, 0xF4,
  0xCF, 0xFF, 0xFF, 0xFF, 0xFE, 0x50, 0x00, 0x8F, 0xFF, 0xFF, 0xFF, 0xFF,
  0xFF, 0xFF, 0xFF, 0xFF, 0x70, 0x09, 0xFF, 0xFF, 0xFF, 0xFF, 0xFF, 0xFF,
  0xFF, 0xFF, 0xFF, 0x50, 0xAF, 0xFF, 0xFF, 0xFF, 0xFB, 0x88, 0xBF, 0xFF,
  0xFF, 0xFE, 0x09, 0xFF, 0xFF, 0xFF, 0xC2, 0x00, 0x00, 0x3D, 0xFF, 0xFF,
  0xF4, 0x8F, 0xFF, 0xFF, 0xF1, 0x00, 0x00, 0x00, 0x4F, 0xFF, 0xFF, 0x75,
  0xFF, 0xFF, 0xFC, 0x00, 0x00, 0x00, 0x00, 0xFF, 0xFF, 0xF9, 0x2F, 0xFF,
  0xFF, 0xC0, 0x00, 0x00, 0x00, 0x0F, 0xFF, 0xFF, 0x80, 0xDF, 0xFF, 0xFF,
  0x10, 0x00, 0x00, 0x03, 0xFF, 0xFF, 0xF6, 0x06, 0xFF, 0xFF, 0xFC, 0x20,
  0x00, 0x02, 0xDF, 0xFF, 0xFF, 0x20, 0x0D, 0xFF, 0xFF, 0xFF, 0xA8, 0x8B,
  0xFF, 0xFF, 0xFF, 0xB0, 0x00, 0x2F, 0xFF, 0xFF, 0xFF, 0xFF, 0xFF, 0xFF,
  0xFF, 0xE1, 0x00, 0x00, 0x3E, 0xFF, 0xFF, 0xFF, 0xFF, 0xFF, 0xFF, 0xE3,
  0x00, 0x00, 0x00, 0x1A, 0xFF, 0xFF, 0xFF, 0xFF, 0xFF, 0xA1, 0x00, 0x00,
  0x00, 0x00, 0x02, 0x7B, 0xDF, 0xFE, 0xC8, 0x20, 0x00, 0x00, 0x1F, 0xFF,
  0xFF, 0xFF, 0xFF, 0xFF, 0xFF, 0xFF, 0xFF, 0xFF, 0x81, 0xFF, 0xFF, 0xFF,
  0xFF, 0xFF, 0xFF, 0xFF, 0xFF, 0xFF, 0xF8, 0x1F, 0xFF, 0xFF, 0xFF, 0xFF,
  0xFF, 0xFF, 0xFF, 0xFF, 0xFF, 0x81, 0xFF, 0xFF, 0xFF, 0xFF, 0xFF, 0xFF,
  0xFF, 0xFF, 0xFF, 0xF8, 0x1F, 0xFF, 0xFF, 0x77, 0x77, 0x77, 0x78, 0xFF,
  0xFF, 0xFF, 0x21, 0xFF, 0xFF, 0xF0, 0x00, 0x00, 0x00, 0x6F, 0xFF, 0xFF,
  0xA0, 0x1F, 0xFF, 0xFF, 0x00, 0x00, 0x00, 0x0D, 0xFF, 0xFF, 0xF3, 0x01,
  0xFF, 0xFF, 0xF0, 0x00, 0x00, 0x04, 0xFF, 0xFF, 0xFC, 0x00, 0x05, 0x55,
  0x55, 0x00, 0x00, 0x00, 0xCF, 0xFF, 0xFF, 0x50, 0x00, 0x00, 0x00, 0x00,
  0x00, 0x00, 0x3F, 0xFF, 0xFF, 0xE0, 0x00, 0x00, 0x00, 0x00, 0x00, 0x00,
  0x0A, 0xFF, 0xFF, 0xF7, 0x00, 0x00, 0x00, 0x00, 0x00, 0x00, 0x01, 0xFF,
  0xFF, 0xFF, 0x00, 0x00, 0x00, 0x00, 0x00, 0x00, 0x00, 0x8F, 0xFF, 0xFF,
  0x80, 0x00, 0x00, 0x00, 0x00, 0x00, 0x00, 0x0F, 0xFF, 0xFF, 0xF2, 0x00,
  0x00, 0x00, 0x00, 0x00, 0x00, 0x07, 0xFF, 0xFF, 0xFA, 0x00, 0x00, 0x00,
  0x00, 0x00, 0x00, 0x00, 0xEF, 0xFF, 0xFF, 0x30, 0x00, 0x00, 0x00, 0x00,
  0x00, 0x00, 0x5F, 0xFF, 0xFF, 0xC0, 0x00, 0x00, 0x00, 0x00, 0x00, 0x00,
  0x0C, 0xFF, 0xFF, 0xF5, 0x00, 0x00, 0x00, 0x00, 0x00, 0x00, 0x03, 0xFF,
  0xFF, 0xFD, 0x00, 0x00, 0x00, 0x00, 0x00, 0x00, 0x00, 0xBF, 0xFF, 0xFF,
  0x70, 0x00, 0x00, 0x00, 0x00, 0x00, 0x00, 0x2F, 0xFF, 0xFF, 0xF0, 0x00,
  0x00, 0x00, 0x00, 0x00, 0x00, 0x09, 0xFF, 0xFF, 0xF8, 0x00, 0x00, 0x00,
  0x00, 0x00, 0x00, 0x01, 0xFF, 0xFF, 0xFF, 0x10, 0x00, 0x00, 0x00, 0x00,
  0x00, 0x00, 0x7F, 0xFF, 0xFF, 0xA0, 0x00, 0x00, 0x00, 0x00, 0x00, 0x00,
  0x02, 0x7B, 0xDE, 0xFE, 0xDB, 0x73, 0x00, 0x00, 0x00, 0x00, 0x2B, 0xFF,
  0xFF, 0xFF, 0xFF, 0xFF, 0xFB, 0x30, 0x00, 0x00, 0x4F, 0xFF, 0xFF, 0xFF,
  0xFF, 0xFF, 0xFF, 0xFF, 0x50, 0x00, 0x2F, 0xFF, 0xFF, 0xFF, 0xFF, 0xFF,
  0xFF, 0xFF, 0xFF, 0x30, 0x09, 0xFF, 0xFF, 0xFF, 0xC8, 0x78, 0xCF, 0xFF,
  0xFF, 0xFB, 0x00, 0xDF, 0xFF, 0xFF, 0x30, 0x00, 0x00, 0x2E, 0xFF, 0xFF,
  0xF0, 0x0D, 0xFF, 0xFF, 0xC0, 0x00, 0x00, 0x00, 0xAF, 0xFF, 0xFF, 0x00,
  0xBF, 0xFF, 0xFF, 0x30, 0x00, 0x00, 0x2E, 0xFF, 0xFF, 0xC0, 0x04, 0xFF,
  0xFF, 0xFF, 0xC8, 0x78, 0xBF, 0xFF, 0xFF, 0xF5, 0x00, 0x07, 0xFF, 0xFF,
  0xFF, 0xFF, 0xFF, 0xFF, 0xFF, 0xF8, 0x00, 0x00, 0x07, 0xFF, 0xFF, 0xFF,
  0xFF, 0xFF, 0xFF, 0xF8, 0x00, 0x00, 0x06, 0xFF, 0xFF, 0xFF, 0xFF, 0xFF,
  0xFF, 0xFF, 0xF7, 0x00, 0x06, 0xFF, 0xFF, 0xFF, 0xFF, 0xFF, 0xFF, 0xFF,
  0xFF, 0xF7, 0x01, 0xFF, 0xFF, 0xFF, 0xB4, 0x10, 0x14, 0xBF, 0xFF, 0xFF,
  0xF2, 0x7F, 0xFF, 0xFF, 0x90, 0x00, 0x00, 0x00, 0x7F, 0xFF, 0xFF, 0x9A,
  0xFF, 0xFF, 0xF1, 0x00, 0x00, 0x00, 0x00, 0xFF, 0xFF, 0xFC, 0xCF, 0xFF,
  0xFF, 0x00, 0x00, 0x00, 0x00, 0x0E, 0xFF, 0xFF, 0xDB, 0xFF, 0xFF, 0xF4,
  0x00, 0x00, 0x00, 0x02, 0xFF, 0xFF, 0xFC, 0x7F, 0xFF, 0xFF, 0xD3, 0x00,
  0x00, 0x02, 0xDF, 0xFF, 0xFF, 0x81, 0xFF, 0xFF, 0xFF, 0xFC, 0x97, 0x9B,
  0xFF, 0xFF, 0xFF, 0xF2, 0x06, 0xFF, 0xFF, 0xFF, 0xFF, 0xFF, 0xFF, 0xFF,
  0xFF, 0xF7, 0x00, 0x07, 0xFF, 0xFF, 0xFF, 0xFF, 0xFF, 0xFF, 0xFF, 0xF8,
  0x00, 0x00, 0x03, 0xCF, 0xFF, 0xFF, 0xFF, 0xFF, 0xFF, 0xC4, 0x00, 0x00,
  0x00, 0x00, 0x27, 0xBD, 0xEF, 0xED, 0xB7, 0x30, 0x00, 0x00, 0x00, 0x00,
  0x02, 0x7B, 0xDF, 0xFE, 0xC8, 0x30, 0x00, 0x00, 0x00, 0x00, 0x19, 0xFF,
  0xFF, 0xFF, 0xFF, 0xFF, 0xC3, 0x00, 0x00, 0x00, 0x2E, 0xFF, 0xFF, 0xFF,
  0xFF, 0xFF, 0xFF, 0xF7, 0x00, 0x00, 0x1E, 0xFF, 0xFF, 0xFF, 0xFF, 0xFF,
  0xFF, 0xFF, 0xF6, 0x00, 0x0A, 0xFF, 0xFF, 0xFF, 0xB9, 0x89, 0xDF, 0xFF,
  0xFF, 0xF3, 0x00, 0xFF, 0xFF, 0xFE, 0x30, 0x00, 0x00, 0x5F, 0xFF, 0xFF,
  0xB0, 0x3F, 0xFF, 0xFF, 0x50, 0x00, 0x00, 0x00, 0x8F, 0xFF, 0xFF, 0x24,
  0xFF, 0xFF, 0xF4, 0x00, 0x00, 0x00, 0x07, 0xFF, 0xFF, 0xF6, 0x3F, 0xFF,
  0xFF, 0xA0, 0x00, 0x00, 0x00, 0xDF, 0xFF, 0xFF, 0xA0, 0xFF, 0xFF, 0xFF,
  0xB4, 0x10, 0x26, 0xDF, 0xFF, 0xFF, 0xFC, 0x09, 0xFF, 0xFF, 0xFF, 0xFF,
  0xFF, 0xFF, 0xFF, 0xFF, 0xFF, 0xD0, 0x0C, 0xFF, 0xFF, 0xFF, 0xFF, 0xFF,
  0xFF, 0xFF, 0xFF, 0xFE, 0x00, 0x1C, 0xFF, 0xFF, 0xFF, 0xFF, 0xFF, 0xCE,
  0xFF, 0xFF, 0xE0, 0x00, 0x06, 0xCF, 0xFF, 0xFF, 0xFE, 0x70, 0xEF, 0xFF,
  0xFD, 0x00, 0x00, 0x00, 0x25, 0x67, 0x53, 0x00, 0x1F, 0xFF, 0xFF, 0xA0,
  0x00, 0x00, 0x00, 0x00, 0x00, 0x00, 0x06, 0xFF, 0xFF, 0xF7, 0x00, 0x00,
  0x00, 0x00, 0x00, 0x00, 0x00, 0xEF, 0xFF, 0xFF, 0x20, 0x00, 0x00, 0x00,
  0x00, 0x00, 0x00, 0xAF, 0xFF, 0xFF, 0xB0, 0x00, 0x04, 0x40, 0x00, 0x00,
  0x02, 0xBF, 0xFF, 0xFF, 0xF3, 0x00, 0x00, 0xDF, 0xDA, 0x87, 0x9C, 0xFF,
  0xFF, 0xFF, 0xF8, 0x00, 0x00, 0x6F, 0xFF, 0xFF, 0xFF, 0xFF, 0xFF, 0xFF,
  0xFA, 0x00, 0x00, 0x0E, 0xFF, 0xFF, 0xFF, 0xFF, 0xFF, 0xFF, 0xF8, 0x00,
  0x00, 0x02, 0xCF, 0xFF, 0xFF, 0xFF, 0xFF, 0xFF, 0xB3, 0x00, 0x00, 0x00,
  0x00, 0x38, 0xBE, 0xFF, 0xFD, 0xB7, 0x20, 0x00, 0x00, 0x00, 0x04, 0xCF,
  0xD5, 0x03, 0xFF, 0xFF, 0xF5, 0xAF, 0xFF, 0xFF, 0xDC, 0xFF, 0xFF, 0xFF,
  0xAF, 0xFF, 0xFF, 0xC2, 0xFF, 0xFF, 0xF5, 0x03, 0xCF, 0xD5, 0x00, 0x00,
  0x00, 0x00, 0x00, 0x00, 0x00, 0x00, 0x00, 0x00, 0x00, 0x00, 0x00, 0x00,
  0x00, 0x00, 0x00, 0x00, 0x00, 0x00, 0x00, 0x00, 0x4C, 0xFD, 0x50, 0x3F,
  0xFF, 0xFF, 0x5A, 0xFF, 0xFF, 0xFD, 0xCF, 0xFF, 0xFF, 0xFA, 0xFF, 0xFF,
  0xFC, 0x2F, 0xFF, 0xFF, 0x50, 0x3C, 0xFD, 0x50, 0x04, 0xCF, 0xD5, 0x03,
  0xFF, 0xFF, 0xF5, 0xAF, 0xFF, 0xFF, 0xDC, 0xFF, 0xFF, 0xFF, 0xAF, 0xFF,
  0xFF, 0xC2, 0xFF, 0xFF, 0xF5, 0x03, 0xCF, 0xD5, 0x00, 0x00, 0x00, 0x00,
  0x00, 0x00, 0x00, 0x00, 0x00, 0x00, 0x00, 0x00, 0x00, 0x00, 0x00, 0x00,
  0x00, 0x00, 0x00, 0x00, 0x00, 0x00, 0x4C, 0xFD, 0x60, 0x3F, 0xFF, 0xFF,
  0x69, 0xFF, 0xFF, 0xFD, 0xBF, 0xFF, 0xFF, 0xF9, 0xFF, 0xFF, 0xFD, 0x2F,
  0xFF, 0xFF, 0x90, 0x2F, 0xFF, 0xF3, 0x03, 0xFF, 0xFC, 0x00, 0x7F, 0xFF,
  0x60, 0x0B, 0xFF, 0xF0, 0x00, 0xFF, 0xFA, 0x00, 0x4F, 0xFF, 0x30, 0x00,
  0x00, 0x00, 0x00, 0x00, 0x00, 0x00, 0x00, 0x05, 0x90, 0x00, 0x00, 0x00,
  0x00, 0x00, 0x03, 0x9F, 0xFD, 0x00, 0x00, 0x00, 0x00, 0x01, 0x7D, 0xFF,
  0xFF, 0xD0, 0x00, 0x00, 0x00, 0x5B, 0xFF, 0xFF, 0xFF, 0xFD, 0x00, 0x00,
  0x28, 0xEF, 0xFF, 0xFF, 0xFF, 0xFF, 0x80, 0x16, 0xCF, 0xFF, 0xFF, 0xFF,
  0xFF, 0xB5, 0x00, 0x9F, 0xFF, 0xFF, 0xFF, 0xFF, 0xC7, 0x10, 0x00, 0x0D,
  0xFF, 0xFF, 0xFF, 0xE8, 0x20, 0x00, 0x00, 0x00, 0xDF, 0xFF, 0xFC, 0x40,
  0x00, 0x00, 0x00, 0x00, 0x0D, 0xFF, 0xFF, 0xFC, 0x61, 0x00, 0x00, 0x00,
  0x00, 0xDF, 0xFF, 0xFF, 0xFF, 0xFA, 0x40, 0x00, 0x00, 0x02, 0x8E, 0xFF,
  0xFF, 0xFF, 0xFF, 0xE9, 0x30, 0x00, 0x00, 0x04, 0xAF, 0xFF, 0xFF, 0xFF,
  0xFF, 0xD7, 0x20, 0x00, 0x00, 0x17, 0xDF, 0xFF, 0xFF, 0xFF, 0xFD, 0x00,
  0x00, 0x00, 0x00, 0x39, 0xEF, 0xFF, 0xFF, 0xD0, 0x00, 0x00, 0x00, 0x00,
  0x00, 0x5B, 0xFF, 0xFD, 0x00, 0x00, 0x00, 0x00, 0x00, 0x00, 0x01, 0x7D,
  0xD0, 0x00, 0x00, 0x00, 0x00, 0x00, 0x00, 0x00, 0x02, 0xDF, 0xFF, 0xFF,
  0xFF, 0xFF, 0xFF, 0xFF, 0xFF, 0xDD, 0xFF, 0xFF, 0xFF, 0xFF, 0xFF, 0xFF,
  0xFF, 0xFD, 0xDF, 0xFF, 0xFF, 0xFF, 0xFF, 0xFF, 0xFF, 0xFF, 0xDD, 0xFF,
  0xFF, 0xFF, 0xFF, 0xFF, 0xFF, 0xFF, 0xFD, 0x67, 0x77, 0x77, 0x77, 0x77,
  0x77, 0x77, 0x77, 0x60, 0x00, 0x00, 0x00, 0x00, 0x00, 0x00, 0x00, 0x00,
  0x00, 0x00, 0x00, 0x00, 0x00, 0x00, 0x00, 0x00, 0x00, 0x00, 0x00, 0x00,
  0x00, 0x00, 0x00, 0x00, 0x00, 0x67, 0x77, 0x77, 0x77, 0x77, 0x77, 0x77,
  0x77, 0x6D, 0xFF, 0xFF, 0xFF, 0xFF, 0xFF, 0xFF, 0xFF, 0xFD, 0xDF, 0xFF,
  0xFF, 0xFF, 0xFF, 0xFF, 0xFF, 0xFF, 0xDD, 0xFF, 0xFF, 0xFF, 0xFF, 0xFF,
  0xFF, 0xFF, 0xFD, 0xDF, 0xFF, 0xFF, 0xFF, 0xFF, 0xFF, 0xFF, 0xFF, 0xD0,
  0x95, 0x00, 0x00, 0x00, 0x00, 0x00, 0x00, 0x00, 0x0D, 0xFF, 0x93, 0x00,
  0x00, 0x00, 0x00, 0x00, 0x00, 0xDF, 0xFF, 0xFD, 0x71, 0x00, 0x00, 0x00,
  0x00, 0x0D, 0xFF, 0xFF, 0xFF, 0xFB, 0x50, 0x00, 0x00, 0x00, 0x8F, 0xFF,
  0xFF, 0xFF, 0xFF, 0xE8, 0x20, 0x00, 0x00, 0x05, 0xBF, 0xFF, 0xFF, 0xFF,
  0xFF, 0xC6, 0x10, 0x00, 0x00, 0x17, 0xCF, 0xFF, 0xFF, 0xFF, 0xFF, 0x90,
  0x00, 0x00, 0x00, 0x28, 0xEF, 0xFF, 0xFF, 0xFD, 0x00, 0x00, 0x00, 0x00,
  0x00, 0x4C, 0xFF, 0xFF, 0xD0, 0x00, 0x00, 0x00, 0x01, 0x6C, 0xFF, 0xFF,
  0xFD, 0x00, 0x00, 0x00, 0x4A, 0xFF, 0xFF, 0xFF, 0xFF, 0xD0, 0x00, 0x39,
  0xEF, 0xFF, 0xFF, 0xFF, 0xFE, 0x82, 0x27, 0xDF, 0xFF, 0xFF, 0xFF, 0xFF,
  0xA4, 0x00, 0x0D, 0xFF, 0xFF, 0xFF, 0xFF, 0xD7, 0x10, 0x00, 0x00, 0xDF,
  0xFF, 0xFF, 0xE9, 0x30, 0x00, 0x00, 0x00, 0x0D, 0xFF, 0xFB, 0x50, 0x00,
  0x00, 0x00, 0x00, 0x00, 0xDD, 0x71, 0x00, 0x00, 0x00, 0x00, 0x00, 0x00,
  0x02, 0x00, 0x00, 0x00, 0x00, 0x00, 0x00, 0x00, 0x00, 0x00, 0x00, 0x00,
  0x5A, 0xDE, 0xFF, 0xEC, 0x83, 0x00, 0x00, 0x00, 0x00, 0x8F, 0xFF, 0xFF,
  0xFF, 0xFF, 0xFF, 0xC3, 0x00, 0x00, 0x2D, 0xFF, 0xFF, 0xFF, 0xFF, 0xFF,
  0xFF, 0xFF, 0x40, 0x02, 0xEF, 0xFF, 0xFF, 0xFF, 0xFF, 0xFF, 0xFF, 0xFF,
  0xF1, 0x0C, 0xFF, 0xFF, 0xFF, 0xB8, 0x89, 0xEF, 0xFF, 0xFF, 0xF8, 0x01,
  0x8F, 0xFF, 0xB1, 0x00, 0x00, 0x0A, 0xFF, 0xFF, 0xFB, 0x00, 0x01, 0xAA,
  0x00, 0x00, 0x00, 0x00, 0xFF, 0xFF, 0xFB, 0x00, 0x00, 0x00, 0x00, 0x00,
  0x00, 0x00, 0xFF, 0xFF, 0xF9, 0x00, 0x00, 0x00, 0x00, 0x00, 0x00, 0x06,
  0xFF, 0xFF, 0xF4, 0x00, 0x00, 0x00, 0x00, 0x00, 0x00, 0x5F, 0xFF, 0xFF,
  0xB0, 0x00, 0x00, 0x00, 0x00, 0x00, 0x06, 0xFF, 0xFF, 0xFD, 0x10, 0x00,
  0x00, 0x00, 0x00, 0x00, 0x7F, 0xFF, 0xFF, 0xC1, 0x00, 0x00, 0x00, 0x00,
  0x00, 0x04, 0xFF, 0xFF, 0xFB, 0x00, 0x00, 0x00, 0x00, 0x00, 0x00, 0x0E,
  0xFF, 0xFF, 0xB0, 0x00, 0x00, 0x00, 0x00, 0x00, 0x00, 0x4F, 0xFF, 0xFF,
  0x20, 0x00, 0x00, 0x00, 0x00, 0x00, 0x00, 0x3A, 0xAA, 0xA9, 0x00, 0x00,
  0x00, 0x00, 0x00, 0x00, 0x00, 0x00, 0x00, 0x00, 0x00, 0x00, 0x00, 0x00,
  0x00, 0x00, 0x00, 0x00, 0x00, 0x00, 0x00, 0x00, 0x00, 0x00, 0x00, 0x00,
  0x00, 0x08, 0xEF, 0xC3, 0x00, 0x00, 0x00, 0x00, 0x00, 0x00, 0x00, 0xAF,
  0xFF, 0xFF, 0x20, 0x00, 0x00, 0x00, 0x00, 0x00, 0x00, 0xFF, 0xFF, 0xFF,
  0x80, 0x00, 0x00, 0x00, 0x00, 0x00, 0x00, 0xFF, 0xFF, 0xFF, 0x70, 0x00,
  0x00, 0x00, 0x00, 0x00, 0x00, 0x9F, 0xFF, 0xFF, 0x20, 0x00, 0x00, 0x00,
  0x00, 0x00, 0x00, 0x08, 0xEF, 0xC3, 0x00, 0x00, 0x00, 0x00, 0x00, 0x00,
  0x00, 0x00, 0x03, 0x7A, 0xCE, 0xFF, 0xFE, 0xC9, 0x51, 0x00, 0x00, 0x00,
  0x00, 0x00, 0x00, 0x00, 0x00, 0x00, 0x06, 0xDF, 0xFF, 0xFF, 0xFF, 0xFF,
  0xFF, 0xFF, 0xA3, 0x00, 0x00, 0x00, 0x00, 0x00, 0x00, 0x00, 0x06, 0xEF,
  0xFF, 0xFF, 0xFF, 0xFF, 0xFF, 0xFF, 0xFF, 0xFF, 0xC2, 0x00, 0x00, 0x00,
  0x00, 0x00, 0x01, 0xBF, 0xFF, 0xFF, 0xC7, 0x41, 0x00, 0x02, 0x48, 0xCF,
  0xFF, 0xFF, 0x60, 0x00, 0x00, 0x00, 0x00, 0x2E, 0xFF, 0xFF, 0xA2, 0x00,
  0x00, 0x00, 0x00, 0x00, 0x03, 0xAF, 0xFF, 0xF9, 0x00, 0x00, 0x00, 0x01,
  0xEF, 0xFF, 0xE4, 0x00, 0x00, 0x00, 0x00, 0x00, 0x00, 0x00, 0x04, 0xEF,
  0xFF, 0x80, 0x00, 0x00, 0x0C, 0xFF, 0xFD, 0x10, 0x00, 0x01, 0x57, 0x64,
  0x00, 0x02, 0x33, 0x33, 0x1D, 0xFF, 0xF5, 0x00, 0x00, 0x7F, 0xFF, 0xE1,
  0x00, 0x02, 0xBF, 0xFF, 0xFF, 0xF7, 0x0B, 0xFF, 0xFF, 0x11, 0xEF, 0xFE,
  0x10, 0x01, 0xFF, 0xFF, 0x40, 0x00, 0x5F, 0xFF, 0xFF, 0xFF, 0xFF, 0xBB,
  0xFF, 0xFF, 0x10, 0x5F, 0xFF, 0x80, 0x07, 0xFF, 0xFA, 0x00, 0x04, 0xFF,
  0xFF, 0xFF, 0xFF, 0xFF, 0xFF, 0xFF, 0xFF, 0x10, 0x0C, 0xFF, 0xE0, 0x0D,
  0xFF, 0xF3, 0x00, 0x1E, 0xFF, 0xFF, 0xFF, 0xFF, 0xFF, 0xFF, 0xFF, 0xFF,
  0x10, 0x05, 0xFF, 0xF4, 0x2F, 0xFF, 0xD0, 0x00, 0x7F, 0xFF, 0xFF, 0xB3,
  0x00, 0x3B, 0xFF, 0xFF, 0xFF, 0x10, 0x00, 0xFF, 0xF8, 0x5F, 0xFF, 0x90,
  0x00, 0xDF, 0xFF, 0xF9, 0x00, 0x00, 0x00, 0x9F, 0xFF, 0xFF, 0x10, 0x00,
  0xDF, 0xFB, 0x8F, 0xFF, 0x60, 0x00, 0xFF, 0xFF, 0xF1, 0x00, 0x00, 0x00,
  0x0F, 0xFF, 0xFF, 0x10, 0x00, 0xBF, 0xFC, 0x9F, 0xFF, 0x50, 0x02, 0xFF,
  0xFF, 0xB0, 0x00, 0x00, 0x00, 0x0B, 0xFF, 0xFF, 0x10, 0x00, 0xAF, 0xFD,
  0xAF, 0xFF, 0x40, 0x02, 0xFF, 0xFF, 0xA0, 0x00, 0x00, 0x00, 0x0A, 0xFF,
  0xFF, 0x10, 0x00, 0xBF, 0xFC, 0x9F, 0xFF, 0x50, 0x01, 0xFF, 0xFF, 0xC0,
  0x00, 0x00, 0x00, 0x0B, 0xFF, 0xFF, 0x10, 0x00, 0xCF, 0xFB, 0x8F, 0xFF,
  0x60, 0x00, 0xFF, 0xFF, 0xF1, 0x00, 0x00, 0x00, 0x1F, 0xFF, 0xFF, 0x10,
  0x00, 0xFF, 0xF9, 0x5F, 0xFF, 0x90, 0x00, 0xAF, 0xFF, 0xFA, 0x00, 0x00,
  0x00, 0x9F, 0xFF, 0xFF, 0x20, 0x05, 0xFF, 0xF5, 0x2F, 0xFF, 0xD0, 0x00,
  0x4F, 0xFF, 0xFF, 0xB3, 0x00, 0x3B, 0xFF, 0xFF, 0xFF, 0x90, 0x3E, 0xFF,
  0xF0, 0x0D, 0xFF, 0xF3, 0x00, 0x09, 0xFF, 0xFF, 0xFF, 0xFF, 0xFF, 0xFF,
  0xFF, 0xFF, 0xFF, 0xFF, 0xFF, 0x80, 0x07, 0xFF, 0xFA, 0x00, 0x00, 0xCF,
  0xFF, 0xFF, 0xFF, 0xFF, 0xF6, 0xCF, 0xFF, 0xFF, 0xFF, 0xFD, 0x00, 0x00,
  0xEF, 0xFF, 0x30, 0x00, 0x0A, 0xFF, 0xFF, 0xFF, 0xFF, 0x70, 0x2E, 0xFF,
  0xFF, 0xFF, 0xC1, 0x00, 0x00, 0x6F, 0xFF, 0xD1, 0x00, 0x00, 0x3A, 0xDF,
  0xFD, 0x82, 0x00, 0x01, 0x9D, 0xFE, 0xB6, 0x00, 0x00, 0x00, 0x0C, 0xFF,
  0xFC, 0x10, 0x00, 0x00, 0x00, 0x00, 0x00, 0x00, 0x00, 0x00, 0x00, 0x00,
  0x00, 0x00, 0x00, 0x01, 0xDF, 0xFF, 0xD2, 0x00, 0x00, 0x00, 0x00, 0x00,
  0x00, 0x00, 0x00, 0x00, 0x00, 0x00, 0x00, 0x00, 0x00, 0x2E, 0xFF, 0xFF,
  0x81, 0x00, 0x00, 0x00, 0x00, 0x00, 0x06, 0x10, 0x00, 0x00, 0x00, 0x00,
  0x00, 0x00, 0x01, 0xBF, 0xFF, 0xFF, 0xB6, 0x31, 0x00, 0x13, 0x6A, 0xEF,
  0x70, 0x00, 0x00, 0x00, 0x00, 0x00, 0x00, 0x00, 0x07, 0xEF, 0xFF, 0xFF,
  0xFF, 0xFF, 0xFF, 0xFF, 0xFF, 0xD0, 0x00, 0x00, 0x00, 0x00, 0x00, 0x00,
  0x00, 0x00, 0x07, 0xEF, 0xFF, 0xFF, 0xFF, 0xFF, 0xFF, 0xFF, 0xC0, 0x00,
  0x00, 0x00, 0x00, 0x00, 0x00, 0x00, 0x00, 0x00, 0x03, 0x7B, 0xDE, 0xFF,
  0xFD, 0xB9, 0x51, 0x00, 0x00, 0x00, 0x00, 0x00, 0x00, 0x00, 0x00, 0x00,
  0x00, 0x09, 0xFF, 0xFF, 0xF6, 0x00, 0x00, 0x00, 0x00, 0x00, 0x00, 0x00,
  0x00, 0x00, 0x00, 0x01, 0xFF, 0xFF, 0xFF, 0xD0, 0x00, 0x00, 0x00, 0x00,
  0x00, 0x00, 0x00, 0x00, 0x00, 0x00, 0x8F, 0xFF, 0xFF, 0xFF, 0x50, 0x00,
  0x00, 0x00, 0x00, 0x00, 0x00, 0x00, 0x00, 0x00, 0x0E, 0xFF, 0xFF, 0xFF,
  0xFC, 0x00, 0x00, 0x00, 0x00, 0x00, 0x00, 0x00, 0x00, 0x00, 0x07, 0xFF,
  0xFF, 0xFF, 0xFF, 0xF4, 0x00, 0x00, 0x00, 0x00, 0x00, 0x00, 0x00, 0x00,
  0x00, 0xEF, 0xFF, 0xFE, 0xFF, 0xFF, 0xB0, 0x00, 0x00, 0x00, 0x00, 0x00,
  0x00, 0x00, 0x00, 0x5F, 0xFF, 0xFE, 0x3F, 0xFF, 0xFF, 0x20, 0x00, 0x00,
  0x00, 0x00, 0x00, 0x00, 0x00, 0x0C, 0xFF, 0xFF, 0x80, 0xCF, 0xFF, 0xF9,
  0x00, 0x00, 0x00, 0x00, 0x00, 0x00, 0x00, 0x04, 0xFF, 0xFF, 0xF1, 0x05,
  0xFF, 0xFF, 0xF1, 0x00, 0x00, 0x00, 0x00, 0x00, 0x00, 0x00, 0xBF, 0xFF,
  0xFA, 0x00, 0x0E, 0xFF, 0xFF, 0x80, 0x00, 0x00, 0x00, 0x00, 0x00, 0x00,
  0x2F, 0xFF, 0xFF, 0x30, 0x00, 0x7F, 0xFF, 0xFF, 0x00, 0x00, 0x00, 0x00,
  0x00, 0x00, 0x0A, 0xFF, 0xFF, 0xC0, 0x00, 0x01, 0xFF, 0xFF, 0xF7, 0x00,
  0x00, 0x00, 0x00, 0x00, 0x01, 0xFF, 0xFF, 0xF5, 0x00, 0x00, 0x0A, 0xFF,
  0xFF, 0xE0, 0x00, 0x00, 0x00, 0x00, 0x00, 0x8F, 0xFF, 0xFE, 0x00, 0x00,
  0x00, 0x3F, 0xFF, 0xFF, 0x50, 0x00, 0x00, 0x00, 0x00, 0x0F, 0xFF, 0xFF,
  0xC7, 0x77, 0x77, 0x77, 0xEF, 0xFF, 0xFD, 0x00, 0x00, 0x00, 0x00, 0x07,
  0xFF, 0xFF, 0xFF, 0xFF, 0xFF, 0xFF, 0xFF, 0xFF, 0xFF, 0xF4, 0x00, 0x00,
  0x00, 0x00, 0xEF, 0xFF, 0xFF, 0xFF, 0xFF, 0xFF, 0xFF, 0xFF, 0xFF, 0xFF,
  0xB0, 0x00, 0x00, 0x00, 0x5F, 0xFF, 0xFF, 0xFF, 0xFF, 0xFF, 0xFF, 0xFF,
  0xFF, 0xFF, 0xFF, 0x30, 0x00, 0x00, 0x0C, 0xFF, 0xFF, 0xFF, 0xFF, 0xFF,
  0xFF, 0xFF, 0xFF, 0xFF, 0xFF, 0xFA, 0x00, 0x00, 0x04, 0xFF, 0xFF, 0xF7,
  0x00, 0x00, 0x00, 0x00, 0x00, 0x0B, 0xFF, 0xFF, 0xF1, 0x00, 0x00, 0xBF,
  0xFF, 0xFF, 0x10, 0x00, 0x00, 0x00, 0x00, 0x00, 0x4F, 0xFF, 0xFF, 0x80,
  0x00, 0x2F, 0xFF, 0xFF, 0x90, 0x00, 0x00, 0x00, 0x00, 0x00, 0x00, 0xDF,
  0xFF, 0xFF, 0x10, 0x0A, 0xFF, 0xFF, 0xF2, 0x00, 0x00, 0x00, 0x00, 0x00,
  0x00, 0x07, 0xFF, 0xFF, 0xF7, 0x01, 0xFF, 0xFF, 0xFB, 0x00, 0x00, 0x00,
  0x00, 0x00, 0x00, 0x00, 0x0F, 0xFF, 0xFF, 0xE0, 0x1F, 0xFF, 0xFF, 0xFF,
  0xFF, 0xFF, 0xFF, 0xEC, 0xA6, 0x10, 0x00, 0x00, 0x1F, 0xFF, 0xFF, 0xFF,
  0xFF, 0xFF, 0xFF, 0xFF, 0xFF, 0xF7, 0x00, 0x00, 0x1F, 0xFF, 0xFF, 0xFF,
  0xFF, 0xFF, 0xFF, 0xFF, 0xFF, 0xFF, 0xA0, 0x00, 0x1F, 0xFF, 0xFF, 0xFF,
  0xFF, 0xFF, 0xFF, 0xFF, 0xFF, 0xFF, 0xF6, 0x00, 0x1F, 0xFF, 0xFF, 0xC7,
  0x77, 0x77, 0x78, 0xCF, 0xFF, 0xFF, 0xFD, 0x00, 0x1F, 0xFF, 0xFF, 0x80,
  0x00, 0x00, 0x00, 0x03, 0xFF, 0xFF, 0xFF, 0x10, 0x1F, 0xFF, 0xFF, 0x80,
  0x00, 0x00, 0x00, 0x00, 0xAF, 0xFF, 0xFF, 0x10, 0x1F, 0xFF, 0xFF, 0x80,
  0x00, 0x00, 0x00, 0x00, 0xAF, 0xFF, 0xFF, 0x00, 0x1F, 0xFF, 0xFF, 0x80,
  0x00, 0x00, 0x00, 0x03, 0xFF, 0xFF, 0xFA, 0x00, 0x1F, 0xFF, 0xFF, 0xC7,
  0x77, 0x77, 0x78, 0xCF, 0xFF, 0xFF, 0xF2, 0x00, 0x1F, 0xFF, 0xFF, 0xFF,
  0xFF, 0xFF, 0xFF, 0xFF, 0xFF, 0xFE, 0x40, 0x00, 0x1F, 0xFF, 0xFF, 0xFF,
  0xFF, 0xFF, 0xFF, 0xFF, 0xFF, 0xF6, 0x00, 0x00, 0x1F, 0xFF, 0xFF, 0xFF,
  0xFF, 0xFF, 0xFF, 0xFF, 0xFF, 0xFF, 0xC1, 0x00, 0x1F, 0xFF, 0xFF, 0xFF,
  0xFF, 0xFF, 0xFF, 0xFF, 0xFF, 0xFF, 0xFE, 0x10, 0x1F, 0xFF, 0xFF, 0x80,
  0x00, 0x00, 0x00, 0x14, 0xBF, 0xFF, 0xFF, 0xB0, 0x1F, 0xFF, 0xFF, 0x80,
  0x00, 0x00, 0x00, 0x00, 0x0B, 0xFF, 0xFF, 0xF1, 0x1F, 0xFF, 0xFF, 0x80,
  0x00, 0x00, 0x00, 0x00, 0x05, 0xFF, 0xFF, 0xF4, 0x1F, 0xFF, 0xFF, 0x80,
  0x00, 0x00, 0x00, 0x00, 0x07, 0xFF, 0xFF, 0xF5, 0x1F, 0xFF, 0xFF, 0x80,
  0x00, 0x00, 0x00, 0x00, 0x2E, 0xFF, 0xFF, 0xF4, 0x1F, 0xFF, 0xFF, 0xC7,
  0x77, 0x77, 0x77, 0x8B, 0xFF, 0xFF, 0xFF, 0xF0, 0x1F, 0xFF, 0xFF, 0xFF,
  0xFF, 0xFF, 0xFF, 0xFF, 0xFF, 0xFF, 0xFF, 0x80, 0x1F, 0xFF, 0xFF, 0xFF,
  0xFF, 0xFF, 0xFF, 0xFF, 0xFF, 0xFF, 0xFB, 0x00, 0x1F, 0xFF, 0xFF, 0xFF,
  0xFF, 0xFF, 0xFF, 0xFF, 0xFF, 0xFF, 0x70, 0x00, 0x1F, 0xFF, 0xFF, 0xFF,
  0xFF, 0xFF, 0xFF, 0xFE, 0xC9, 0x50, 0x00, 0x00, 0x00, 0x00, 0x00, 0x00,
  0x16, 0xAD, 0xEF, 0xFE, 0xC8, 0x40, 0x00, 0x00, 0x00, 0x00, 0x00, 0x3A,
  0xFF, 0xFF, 0xFF, 0xFF, 0xFF, 0xFE, 0x60, 0x00, 0x00, 0x00, 0x09, 0xFF,
  0xFF, 0xFF, 0xFF, 0xFF, 0xFF, 0xFF, 0xFD, 0x20, 0x00, 0x01, 0xCF, 0xFF,
  0xFF, 0xFF, 0xFF, 0xFF, 0xFF, 0xFF, 0xFF, 0xE3, 0x00, 0x0C, 0xFF, 0xFF,
  0xFF, 0xFD, 0xA8, 0x8A, 0xEF, 0xFF, 0xFF, 0xF4, 0x00, 0xAF, 0xFF, 0xFF,
  0xFB, 0x30, 0x00, 0x00, 0x05, 0xEF, 0xFE, 0x30, 0x03, 0xFF, 0xFF, 0xFF,
  0x70, 0x00, 0x00, 0x00, 0x00, 0x0C, 0xE2, 0x00, 0x0B, 0xFF, 0xFF, 0xF8,
  0x00, 0x00, 0x00, 0x00, 0x00, 0x00, 0x10, 0x00, 0x1F, 0xFF, 0xFF, 0xE0,
  0x00, 0x00, 0x00, 0x00, 0x00, 0x00, 0x00, 0x00, 0x5F, 0xFF, 0xFF, 0x80,
  0x00, 0x00, 0x00, 0x00, 0x00, 0x00, 0x00, 0x00, 0x7F, 0xFF, 0xFF, 0x40,
  0x00, 0x00, 0x00, 0x00, 0x00, 0x00, 0x00, 0x00, 0x9F, 0xFF, 0xFF, 0x20,
  0x00, 0x00, 0x00, 0x00, 0x00, 0x00, 0x00, 0x00, 0x9F, 0xFF, 0xFF, 0x20,
  0x00, 0x00, 0x00, 0x00, 0x00, 0x00, 0x00, 0x00, 0x7F, 0xFF, 0xFF, 0x40,
  0x00, 0x00, 0x00, 0x00, 0x00, 0x00, 0x00, 0x00, 0x5F, 0xFF, 0xFF, 0x80,
  0x00, 0x00, 0x00, 0x00, 0x00, 0x00, 0x00, 0x00, 0x1F, 0xFF, 0xFF, 0xE0,
  0x00, 0x00, 0x00, 0x00, 0x00, 0x00, 0x00, 0x00, 0x0B, 0xFF, 0xFF, 0xF8,
  0x00, 0x00, 0x00, 0x00, 0x00, 0x00, 0x00, 0x00, 0x03, 0xFF, 0xFF, 0xFF,
  0x60, 0x00, 0x00, 0x00, 0x00, 0x0A, 0xD1, 0x00, 0x00, 0xAF, 0xFF, 0xFF,
  0xFA, 0x20, 0x00, 0x00, 0x04, 0xDF, 0xFE, 0x20, 0x00, 0x0C, 0xFF, 0xFF,
  0xFF, 0xFD, 0xA8, 0x8A, 0xEF, 0xFF, 0xFF, 0xE3, 0x00, 0x01, 0xDF, 0xFF,
  0xFF, 0xFF, 0xFF, 0xFF, 0xFF, 0xFF, 0xFF, 0xF3, 0x00, 0x00, 0x09, 0xFF,
  0xFF, 0xFF, 0xFF, 0xFF, 0xFF, 0xFF, 0xFD, 0x20, 0x00, 0x00, 0x00, 0x3B,
  0xFF, 0xFF, 0xFF, 0xFF, 0xFF, 0xFE, 0x60, 0x00, 0x00, 0x00, 0x00, 0x00,
  0x26, 0xAD, 0xEF, 0xFE, 0xC9, 0x40, 0x00, 0x00, 0x1F, 0xFF, 0xFF, 0xFF,
  0xFF, 0xFF, 0xFE, 0xDA, 0x62, 0x00, 0x00, 0x00, 0x00, 0x1F, 0xFF, 0xFF,
  0xFF, 0xFF, 0xFF, 0xFF, 0xFF, 0xFF, 0xB4, 0x00, 0x00, 0x00, 0x1F, 0xFF,
  0xFF, 0xFF, 0xFF, 0xFF, 0xFF, 0xFF, 0xFF, 0xFF, 0xA0, 0x00, 0x00, 0x1F,
  0xFF, 0xFF, 0xFF, 0xFF, 0xFF, 0xFF, 0xFF, 0xFF, 0xFF, 0xFD, 0x10, 0x00,
  0x1F, 0xFF, 0xFF, 0xC7, 0x77, 0x77, 0x8A, 0xDF, 0xFF, 0xFF, 0xFF, 0xD1,
  0x00, 0x1F, 0xFF, 0xFF, 0x90, 0x00, 0x00, 0x00, 0x03, 0xBF, 0xFF, 0xFF,
  0xFA, 0x00, 0x1F, 0xFF, 0xFF, 0x90, 0x00, 0x00, 0x00, 0x00, 0x07, 0xFF,
  0xFF, 0xFF, 0x40, 0x1F, 0xFF, 0xFF, 0x90, 0x00, 0x00, 0x00, 0x00, 0x00,
  0x9F, 0xFF, 0xFF, 0xB0, 0x1F, 0xFF, 0xFF, 0x90, 0x00, 0x00, 0x00, 0x00,
  0x00, 0x0F, 0xFF, 0xFF, 0xF1, 0x1F, 0xFF, 0xFF, 0x90, 0x00, 0x00, 0x00,
  0x00, 0x00, 0x09, 0xFF, 0xFF, 0xF4, 0x1F, 0xFF, 0xFF, 0x90, 0x00, 0x00,
  0x00, 0x00, 0x00, 0x05, 0xFF, 0xFF, 0xF7, 0x1F, 0xFF, 0xFF, 0x90, 0x00,
  0x00, 0x00, 0x00, 0x00, 0x03, 0xFF, 0xFF, 0xF8, 0x1F, 0xFF, 0xFF, 0x90,
  0x00, 0x00, 0x00, 0x00, 0x00, 0x03, 0xFF, 0xFF, 0xF8, 0x1F, 0xFF, 0xFF,
  0x90, 0x00, 0x00, 0x00, 0x00, 0x00, 0x05, 0xFF, 0xFF, 0xF7, 0x1F, 0xFF,
  0xFF, 0x90, 0x00, 0x00, 0x00, 0x00, 0x00, 0x09, 0xFF, 0xFF, 0xF4, 0x1F,
  0xFF, 0xFF, 0x90, 0x00, 0x00, 0x00, 0x00, 0x00, 0x0F, 0xFF, 0xFF, 0xF1,
  0x1F, 0xFF, 0xFF, 0x90, 0x00, 0x00, 0x00, 0x00, 0x00, 0x9F, 0xFF, 0xFF,
  0xB0, 0x1F, 0xFF, 0xFF, 0x90, 0x00, 0x00, 0x00, 0x00, 0x07, 0xFF, 0xFF,
  0xFF, 0x40, 0x1F, 0xFF, 0xFF, 0x90, 0x00, 0x00, 0x00, 0x03, 0xBF, 0xFF,
  0xFF, 0xFB, 0x00, 0x1F, 0xFF, 0xFF, 0xC7, 0x77, 0x77, 0x8A, 0xDF, 0xFF,
  0xFF, 0xFF, 0xD1, 0x00, 0x1F, 0xFF, 0xFF, 0xFF, 0xFF, 0xFF, 0xFF, 0xFF,
  0xFF, 0xFF, 0xFD, 0x10, 0x00, 0x1F, 0xFF, 0xFF, 0xFF, 0xFF, 0xFF, 0xFF,
  0xFF, 0xFF, 0xFF, 0xA1, 0x00, 0x00, 0x1F, 0xFF, 0xFF, 0xFF, 0xFF, 0xFF,
  0xFF, 0xFF, 0xFF, 0xC4, 0x00, 0x00, 0x00, 0x1F, 0xFF, 0xFF, 0xFF, 0xFF,
  0xFF, 0xFE, 0xDA, 0x72, 0x00, 0x00, 0x00, 0x00, 0x1F, 0xFF, 0xFF, 0xFF,
  0xFF, 0xFF, 0xFF, 0xFF, 0xFF, 0xF6, 0x1F, 0xFF, 0xFF, 0xFF, 0xFF, 0xFF,
  0xFF, 0xFF, 0xFF, 0xF6, 0x1F, 0xFF, 0xFF, 0xFF, 0xFF, 0xFF, 0xFF, 0xFF,
  0xFF, 0xF6, 0x1F, 0xFF, 0xFF, 0xFF, 0xFF, 0xFF, 0xFF, 0xFF, 0xFF, 0xF6,
  0x1F, 0xFF, 0xFF, 0xC7, 0x77, 0x77, 0x77, 0x77, 0x77, 0x73, 0x1F, 0xFF,
  0xFF, 0x80, 0x00, 0x00, 0x00, 0x00, 0x00, 0x00, 0x1F, 0xFF, 0xFF, 0x80,
  0x00, 0x00, 0x00, 0x00, 0x00, 0x00, 0x1F, 0xFF, 0xFF, 0x80, 0x00, 0x00,
  0x00, 0x00, 0x00, 0x00, 0x1F, 0xFF, 0xFF, 0x80, 0x00, 0x00, 0x00, 0x00,
  0x00, 0x00, 0x1F, 0xFF, 0xFF, 0xC7, 0x77, 0x77, 0x77, 0x77, 0x76, 0x00,
  0x1F, 0xFF, 0xFF, 0xFF, 0xFF, 0xFF, 0xFF, 0xFF, 0xFE, 0x00, 0x1F, 0xFF,
  0xFF, 0xFF, 0xFF, 0xFF, 0xFF, 0xFF, 0xFE, 0x00, 0x1F, 0xFF, 0xFF, 0xFF,
  0xFF, 0xFF, 0xFF, 0xFF, 0xFE, 0x00, 0x1F, 0xFF, 0xFF, 0xFF, 0xFF, 0xFF,
  0xFF, 0xFF, 0xFE, 0x00, 0x1F, 0xFF, 0xFF, 0x80, 0x00, 0x00, 0x00, 0x00,
  0x00, 0x00, 0x1F, 0xFF, 0xFF, 0x80, 0x00, 0x00, 0x00, 0x00, 0x00, 0x00,
  0x1F, 0xFF, 0xFF, 0x80, 0x00, 0x00, 0x00, 0x00, 0x00, 0x00, 0x1F, 0xFF,
  0xFF, 0x80, 0x00, 0x00, 0x00, 0x00, 0x00, 0x00, 0x1F, 0xFF, 0xFF, 0x80,
  0x00, 0x00, 0x00, 0x00, 0x00, 0x00, 0x1F, 0xFF, 0xFF, 0xC7, 0x77, 0x77,
  0x77, 0x77, 0x77, 0x76, 0x1F, 0xFF, 0xFF, 0xFF, 0xFF, 0xFF, 0xFF, 0xFF,
  0xFF, 0xFE, 0x1F, 0xFF, 0xFF, 0xFF, 0xFF, 0xFF, 0xFF, 0xFF, 0xFF, 0xFE,
  0x1F, 0xFF, 0xFF, 0xFF, 0xFF, 0xFF, 0xFF, 0xFF, 0xFF, 0xFE, 0x1F, 0xFF,
  0xFF, 0xFF, 0xFF, 0xFF, 0xFF, 0xFF, 0xFF, 0xFE, 0x1F, 0xFF, 0xFF, 0xFF,
  0xFF, 0xFF, 0xFF, 0xFF, 0xFF, 0xF6, 0x1F, 0xFF, 0xFF, 0xFF, 0xFF, 0xFF,
  0xFF, 0xFF, 0xFF, 0xF6, 0x1F, 0xFF, 0xFF, 0xFF, 0xFF, 0xFF, 0xFF, 0xFF,
  0xFF, 0xF6, 0x1F, 0xFF, 0xFF, 0xFF, 0xFF, 0xFF, 0xFF, 0xFF, 0xFF, 0xF6,
  0x1F, 0xFF, 0xFF, 0xC7, 0x77, 0x77, 0x77, 0x77, 0x77, 0x73, 0x1F, 0xFF,
  0xFF, 0x90, 0x00, 0x00, 0x00, 0x00, 0x00, 0x00, 0x1F, 0xFF, 0xFF, 0x90,
  0x00, 0x00, 0x00, 0x00, 0x00, 0x00, 0x1F, 0xFF, 0xFF, 0x90, 0x00, 0x00,
  0x00, 0x00, 0x00, 0x00, 0x1F, 0xFF, 0xFF, 0x90, 0x00, 0x00, 0x00, 0x00,
  0x00, 0x00, 0x1F, 0xFF, 0xFF, 0x90, 0x00, 0x00, 0x00, 0x00, 0x00, 0x00,
  0x1F, 0xFF, 0xFF, 0xC7, 0x77, 0x77, 0x77, 0x77, 0x76, 0x00, 0x1F, 0xFF,
  0xFF, 0xFF, 0xFF, 0xFF, 0xFF, 0xFF, 0xFE, 0x00, 0x1F, 0xFF, 0xFF, 0xFF,
  0xFF, 0xFF, 0xFF, 0xFF, 0xFE, 0x00, 0x1F, 0xFF, 0xFF, 0xFF, 0xFF, 0xFF,
  0xFF, 0xFF, 0xFE, 0x00, 0x1F, 0xFF, 0xFF, 0xFF, 0xFF, 0xFF, 0xFF, 0xFF,
  0xFE, 0x00, 0x1F, 0xFF, 0xFF, 0x90, 0x00, 0x00, 0x00, 0x00, 0x00, 0x00,
  0x1F, 0xFF, 0xFF, 0x90, 0x00, 0x00, 0x00, 0x00, 0x00, 0x00, 0x1F, 0xFF,
  0xFF, 0x90, 0x00, 0x00, 0x00, 0x00, 0x00, 0x00, 0x1F, 0xFF, 0xFF, 0x90,
  0x00, 0x00, 0x00, 0x00, 0x00, 0x00, 0x1F, 0xFF, 0xFF, 0x90, 0x00, 0x00,
  0x00, 0x00, 0x00, 0x00, 0x1F, 0xFF, 0xFF, 0x90, 0x00, 0x00, 0x00, 0x00,
  0x00, 0x00, 0x1F, 0xFF, 0xFF, 0x90, 0x00, 0x00, 0x00, 0x00, 0x00, 0x00,
  0x1F, 0xFF, 0xFF, 0x90, 0x00, 0x00, 0x00, 0x00, 0x00, 0x00, 0x1F, 0xFF,
  0xFF, 0x90, 0x00, 0x00, 0x00, 0x00, 0x00, 0x00, 0x00, 0x00, 0x00, 0x00,
  0x15, 0xAC, 0xEF, 0xFE, 0xC9, 0x51, 0x00, 0x00, 0x00, 0x00, 0x00, 0x02,
  0xAF, 0xFF, 0xFF, 0xFF, 0xFF, 0xFF, 0xF9, 0x10, 0x00, 0x00, 0x00, 0x08,
  0xFF, 0xFF, 0xFF, 0xFF, 0xFF, 0xFF, 0xFF, 0xFF, 0x60, 0x00, 0x00, 0x1C,
  0xFF, 0xFF, 0xFF, 0xFF, 0xFF, 0xFF, 0xFF, 0xFF, 0xFF, 0x90, 0x00, 0x0C,
  0xFF, 0xFF, 0xFF, 0xFD, 0xA8, 0x89, 0xDF, 0xFF, 0xFF, 0xF7, 0x00, 0x0A,
  0xFF, 0xFF, 0xFF, 0xB3, 0x00, 0x00, 0x00, 0x2A, 0xFF, 0xF5, 0x00, 0x03,
  0xFF, 0xFF, 0xFF, 0x70, 0x00, 0x00, 0x00, 0x00, 0x05, 0xE4, 0x00, 0x00,
  0xBF, 0xFF, 0xFF, 0x90, 0x00, 0x00, 0x00, 0x00, 0x00, 0x00, 0x00, 0x00,
  0x1F, 0xFF, 0xFF, 0xE0, 0x00, 0x00, 0x00, 0x00, 0x00, 0x00, 0x00, 0x00,
  0x05, 0xFF, 0xFF, 0xF7, 0x00, 0x00, 0x00, 0x00, 0x00, 0x00, 0x00, 0x00,
  0x00, 0x7F, 0xFF, 0xFF, 0x30, 0x00, 0x00, 0x00, 0x00, 0x00, 0x00, 0x00,
  0x00, 0x09, 0xFF, 0xFF, 0xF2, 0x00, 0x00, 0x00, 0x00, 0x00, 0x03, 0x66,
  0x66, 0x40, 0x9F, 0xFF, 0xFF, 0x20, 0x00, 0x00, 0x00, 0x00, 0x00, 0x8F,
  0xFF, 0xFA, 0x07, 0xFF, 0xFF, 0xF4, 0x00, 0x00, 0x00, 0x00, 0x00, 0x08,
  0xFF, 0xFF, 0xA0, 0x5F, 0xFF, 0xFF, 0x80, 0x00, 0x00, 0x00, 0x00, 0x00,
  0x8F, 0xFF, 0xFA, 0x01, 0xFF, 0xFF, 0xFE, 0x00, 0x00, 0x00, 0x00, 0x00,
  0x08, 0xFF, 0xFF, 0xA0, 0x0B, 0xFF, 0xFF, 0xF9, 0x00, 0x00, 0x00, 0x00,
  0x00, 0x8F, 0xFF, 0xFA, 0x00, 0x3F, 0xFF, 0xFF, 0xF7, 0x00, 0x00, 0x00,
  0x00, 0x08, 0xFF, 0xFF, 0xA0, 0x00, 0xAF, 0xFF, 0xFF, 0xFB, 0x30, 0x00,
  0x00, 0x01, 0xBF, 0xFF, 0xFA, 0x00, 0x00, 0xCF, 0xFF, 0xFF, 0xFF, 0xDA,
  0x88, 0x9B, 0xFF, 0xFF, 0xFF, 0xA0, 0x00, 0x01, 0xDF, 0xFF, 0xFF, 0xFF,
  0xFF, 0xFF, 0xFF, 0xFF, 0xFF, 0xFA, 0x00, 0x00, 0x00, 0x9F, 0xFF, 0xFF,
  0xFF, 0xFF, 0xFF, 0xFF, 0xFF, 0xFC, 0x30, 0x00, 0x00, 0x00, 0x3B, 0xFF,
  0xFF, 0xFF, 0xFF, 0xFF, 0xFF, 0xB5, 0x00, 0x00, 0x00, 0x00, 0x00, 0x02,
  0x6A, 0xDE, 0xFF, 0xEC, 0x96, 0x10, 0x00, 0x00, 0x1F, 0xFF, 0xFF, 0x90,
  0x00, 0x00, 0x00, 0x00, 0x04, 0xFF, 0xFF, 0xF6, 0x1F, 0xFF, 0xFF, 0x90,
  0x00, 0x00, 0x00, 0x00, 0x04, 0xFF, 0xFF, 0xF6, 0x1F, 0xFF, 0xFF, 0x90,
  0x00, 0x00, 0x00, 0x00, 0x04, 0xFF, 0xFF, 0xF6, 0x1F, 0xFF, 0xFF, 0x90,
  0x00, 0x00, 0x00, 0x00, 0x04, 0xFF, 0xFF, 0xF6, 0x1F, 0xFF, 0xFF, 0x90,
  0x00, 0x00, 0x00, 0x00, 0x04, 0xFF, 0xFF, 0xF6, 0x1F, 0xFF, 0xFF, 0x90,
  0x00, 0x00, 0x00, 0x00, 0x04, 0xFF, 0xFF, 0xF6, 0x1F, 0xFF, 0xFF, 0x90,
  0x00, 0x00, 0x00, 0x00, 0x04, 0xFF, 0xFF, 0xF6, 0x1F, 0xFF, 0xFF, 0x90,
  0x00, 0x00, 0x00, 0x00, 0x04, 0xFF, 0xFF, 0xF6, 0x1F, 0xFF, 0xFF, 0x90,
  0x00, 0x00, 0x00, 0x00, 0x04, 0xFF, 0xFF, 0xF6, 0x1F, 0xFF, 0xFF, 0xC7,
  0x77, 0x77, 0x77, 0x77, 0x7A, 0xFF, 0xFF, 0xF6, 0x1F, 0xFF, 0xFF, 0xFF,
  0xFF, 0xFF, 0xFF, 0xFF, 0xFF, 0xFF, 0xFF, 0xF6, 0x1F, 0xFF, 0xFF, 0xFF,
  0xFF, 0xFF, 0xFF, 0xFF, 0xFF, 0xFF, 0xFF, 0xF6, 0x1F, 0xFF, 0xFF, 0xFF,
  0xFF, 0xFF, 0xFF, 0xFF, 0xFF, 0xFF, 0xFF, 0xF6, 0x1F, 0xFF, 0xFF, 0xFF,
  0xFF, 0xFF, 0xFF, 0xFF, 0xFF, 0xFF, 0xFF, 0xF6, 0x1F, 0xFF, 0xFF, 0x90,
  0x00, 0x00, 0x00, 0x00, 0x04, 0xFF, 0xFF, 0xF6, 0x1F, 0xFF, 0xFF, 0x90,
  0x00, 0x00, 0x00, 0x00, 0x04, 0xFF, 0xFF, 0xF6, 0x1F, 0xFF, 0xFF, 0x90,
  0x00, 0x00, 0x00, 0x00, 0x04, 0xFF, 0xFF, 0xF6, 0x1F, 0xFF, 0xFF, 0x90,
  0x00, 0x00, 0x00, 0x00, 0x04, 0xFF, 0xFF, 0xF6, 0x1F, 0xFF, 0xFF, 0x90,
  0x00, 0x00, 0x00, 0x00, 0x04, 0xFF, 0xFF, 0xF6, 0x1F, 0xFF, 0xFF, 0x90,
  0x00, 0x00, 0x00, 0x00, 0x04, 0xFF, 0xFF, 0xF6, 0x1F, 0xFF, 0xFF, 0x90,
  0x00, 0x00, 0x00, 0x00, 0x04, 0xFF, 0xFF, 0xF6, 0x1F, 0xFF, 0xFF, 0x90,
  0x00, 0x00, 0x00, 0x00, 0x04, 0xFF, 0xFF, 0xF6, 0x1F, 0xFF, 0xFF, 0x90,
  0x00, 0x00, 0x00, 0x00, 0x04, 0xFF, 0xFF, 0xF6, 0x1F, 0xFF, 0xFF, 0x90,
  0x00, 0x00, 0x00, 0x00, 0x04, 0xFF, 0xFF, 0xF6, 0x1F, 0xFF, 0xFF, 0x91,
  0xFF, 0xFF, 0xF9, 0x1F, 0xFF, 0xFF, 0x91, 0xFF, 0xFF, 0xF9, 0x1F, 0xFF,
  0xFF, 0x91, 0xFF, 0xFF, 0xF9, 0x1F, 0xFF, 0xFF, 0x91, 0xFF, 0xFF, 0xF9,
  0x1F, 0xFF, 0xFF, 0x91, 0xFF, 0xFF, 0xF9, 0x1F, 0xFF, 0xFF, 0x91, 0xFF,
  0xFF, 0xF9, 0x1F, 0xFF, 0xFF, 0x91, 0xFF, 0xFF, 0xF9, 0x1F, 0xFF, 0xFF,
  0x91, 0xFF, 0xFF, 0xF9, 0x1F, 0xFF, 0xFF, 0x91, 0xFF, 0xFF, 0xF9, 0x1F,
  0xFF, 0xFF, 0x91, 0xFF, 0xFF, 0xF9, 0x1F, 0xFF, 0xFF, 0x91, 0xFF, 0xFF,
  0xF9, 0x1F, 0xFF, 0xFF, 0x91, 0xFF, 0xFF, 0xF9, 0x00, 0x0F, 0xFF, 0xFF,
  0xFF, 0xFF, 0xFF, 0xFF, 0xF3, 0x00, 0x0F, 0xFF, 0xFF, 0xFF, 0xFF, 0xFF,
  0xFF, 0xF3, 0x00, 0x0F, 0xFF, 0xFF, 0xFF, 0xFF, 0xFF, 0xFF, 0xF3, 0x00,
  0x0F, 0xFF, 0xFF, 0xFF, 0xFF, 0xFF, 0xFF, 0xF3, 0x00, 0x07, 0x77, 0x77,
  0x77, 0x7A, 0xFF, 0xFF, 0xF3, 0x00, 0x00, 0x00, 0x00, 0x00, 0x06, 0xFF,
  0xFF, 0xF3, 0x00, 0x00, 0x00, 0x00, 0x00, 0x06, 0xFF, 0xFF, 0xF3, 0x00,
  0x00, 0x00, 0x00, 0x00, 0x06, 0xFF, 0xFF, 0xF3, 0x00, 0x00, 0x00, 0x00,
  0x00, 0x06, 0xFF, 0xFF, 0xF3, 0x00, 0x00, 0x00, 0x00, 0x00, 0x06, 0xFF,
  0xFF, 0xF3, 0x00, 0x00, 0x00, 0x00, 0x00, 0x06, 0xFF, 0xFF, 0xF3, 0x00,
  0x00, 0x00, 0x00, 0x00, 0x06, 0xFF, 0xFF, 0xF3, 0x00, 0x00, 0x00, 0x00,
  0x00, 0x06, 0xFF, 0xFF, 0xF3, 0x00, 0x00, 0x00, 0x00, 0x00, 0x06, 0xFF,
  0xFF, 0xF3, 0x00, 0x00, 0x00, 0x00, 0x00, 0x06, 0xFF, 0xFF, 0xF3, 0x00,
  0x00, 0x00, 0x00, 0x00, 0x06, 0xFF, 0xFF, 0xF3, 0x00, 0x00, 0x00, 0x00,
  0x00, 0x08, 0xFF, 0xFF, 0xF2, 0x00, 0x0B, 0x20, 0x00, 0x00, 0x0B, 0xFF,
  0xFF, 0xF0, 0x00, 0xBF, 0xE4, 0x00, 0x00, 0x5F, 0xFF, 0xFF, 0xD0, 0x09,
  0xFF, 0xFF, 0xC8, 0x8B, 0xFF, 0xFF, 0xFF, 0x80, 0x5F, 0xFF, 0xFF, 0xFF,
  0xFF, 0xFF, 0xFF, 0xFE, 0x10, 0x0A, 0xFF, 0xFF, 0xFF, 0xFF, 0xFF, 0xFF,
  0xF4, 0x00, 0x00, 0x5E, 0xFF, 0xFF, 0xFF, 0xFF, 0xFD, 0x30, 0x00, 0x00,
  0x00, 0x59, 0xDE, 0xFE, 0xDA, 0x50, 0x00, 0x00, 0x1F, 0xFF, 0xFF, 0x80,
  0x00, 0x00, 0x00, 0x00, 0x2E, 0xFF, 0xFF, 0xF3, 0x01, 0xFF, 0xFF, 0xF8,
  0x00, 0x00, 0x00, 0x00, 0x2E, 0xFF, 0xFF, 0xF4, 0x00, 0x1F, 0xFF, 0xFF,
  0x80, 0x00, 0x00, 0x00, 0x2E, 0xFF, 0xFF, 0xF5, 0x00, 0x01, 0xFF, 0xFF,
  0xF8, 0x00, 0x00, 0x00, 0x1E, 0xFF, 0xFF, 0xF6, 0x00, 0x00, 0x1F, 0xFF,
  0xFF, 0x80, 0x00, 0x00, 0x1D, 0xFF, 0xFF, 0xF6, 0x00, 0x00, 0x01, 0xFF,
  0xFF, 0xF8, 0x00, 0x00, 0x1D, 0xFF, 0xFF, 0xF7, 0x00, 0x00, 0x00, 0x1F,
  0xFF, 0xFF, 0x80, 0x00, 0x1D, 0xFF, 0xFF, 0xF8, 0x00, 0x00, 0x00, 0x01,
  0xFF, 0xFF, 0xF8, 0x00, 0x1C, 0xFF, 0xFF, 0xF9, 0x00, 0x00, 0x00, 0x00,
  0x1F, 0xFF, 0xFF, 0x80, 0x0C, 0xFF, 0xFF, 0xFA, 0x00, 0x00, 0x00, 0x00,
  0x01, 0xFF, 0xFF, 0xF8, 0x0C, 0xFF, 0xFF, 0xFA, 0x00, 0x00, 0x00, 0x00,
  0x00, 0x1F, 0xFF, 0xFF, 0x9B, 0xFF, 0xFF, 0xFC, 0x00, 0x00, 0x00, 0x00,
  0x00, 0x01, 0xFF, 0xFF, 0xFF, 0xFF, 0xFF, 0xFF, 0xF3, 0x00, 0x00, 0x00,
  0x00, 0x00, 0x1F, 0xFF, 0xFF, 0xFF, 0xFF, 0xFF, 0xFF, 0xE1, 0x00, 0x00,
  0x00, 0x00, 0x01, 0xFF, 0xFF, 0xFF, 0xFF, 0xFF, 0xFF, 0xFF, 0xC0, 0x00,
  0x00, 0x00, 0x00, 0x1F, 0xFF, 0xFF, 0xFF, 0xFD, 0xFF, 0xFF, 0xFF, 0x90,
  0x00, 0x00, 0x00, 0x01, 0xFF, 0xFF, 0xFF, 0xFD, 0x16, 0xFF, 0xFF, 0xFF,
  0x60, 0x00, 0x00, 0x00, 0x1F, 0xFF, 0xFF, 0xFD, 0x10, 0x09, 0xFF, 0xFF,
  0xFF, 0x30, 0x00, 0x00, 0x01, 0xFF, 0xFF, 0xFD, 0x10, 0x00, 0x0B, 0xFF,
  0xFF, 0xFE, 0x10, 0x00, 0x00, 0x1F, 0xFF, 0xFF, 0x80, 0x00, 0x00, 0x1D,
  0xFF, 0xFF, 0xFC, 0x00, 0x00, 0x01, 0xFF, 0xFF, 0xF8, 0x00, 0x00, 0x00,
  0x2E, 0xFF, 0xFF, 0xFA, 0x00, 0x00, 0x1F, 0xFF, 0xFF, 0x80, 0x00, 0x00,
  0x00, 0x4F, 0xFF, 0xFF, 0xF7, 0x00, 0x01, 0xFF, 0xFF, 0xF8, 0x00, 0x00,
  0x00, 0x00, 0x6F, 0xFF, 0xFF, 0xF4, 0x00, 0x1F, 0xFF, 0xFF, 0x80, 0x00,
  0x00, 0x00, 0x00, 0x9F, 0xFF, 0xFF, 0xE2, 0x01, 0xFF, 0xFF, 0xF8, 0x00,
  0x00, 0x00, 0x00, 0x00, 0xBF, 0xFF, 0xFF, 0xD0, 0x1F, 0xFF, 0xFF, 0x90,
  0x00, 0x00, 0x00, 0x00, 0x00, 0x01, 0xFF, 0xFF, 0xF9, 0x00, 0x00, 0x00,
  0x00, 0x00, 0x00, 0x1F, 0xFF, 0xFF, 0x90, 0x00, 0x00, 0x00, 0x00, 0x00,
  0x01, 0xFF, 0xFF, 0xF9, 0x00, 0x00, 0x00, 0x00, 0x00, 0x00, 0x1F, 0xFF,
  0xFF, 0x90, 0x00, 0x00, 0x00, 0x00, 0x00, 0x01, 0xFF, 0xFF, 0xF9, 0x00,
  0x00, 0x00, 0x00, 0x00, 0x00, 0x1F, 0xFF, 0xFF, 0x90, 0x00, 0x00, 0x00,
  0x00, 0x00, 0x01, 0xFF, 0xFF, 0xF9, 0x00, 0x00, 0x00, 0x00, 0x00, 0x00,
  0x1F, 0xFF, 0xFF, 0x90, 0x00, 0x00, 0x00, 0x00, 0x00, 0x01, 0xFF, 0xFF,
  0xF9, 0x00, 0x00, 0x00, 0x00, 0x00, 0x00, 0x1F, 0xFF, 0xFF, 0x90, 0x00,
  0x00, 0x00, 0x00, 0x00, 0x01, 0xFF, 0xFF, 0xF9, 0x00, 0x00, 0x00, 0x00,
  0x00, 0x00, 0x1F, 0xFF, 0xFF, 0x90, 0x00, 0x00, 0x00, 0x00, 0x00, 0x01,
  0xFF, 0xFF, 0xF9, 0x00, 0x00, 0x00, 0x00, 0x00, 0x00, 0x1F, 0xFF, 0xFF,
  0x90, 0x00, 0x00, 0x00, 0x00, 0x00, 0x01, 0xFF, 0xFF, 0xF9, 0x00, 0x00,
  0x00, 0x00, 0x00, 0x00, 0x1F, 0xFF, 0xFF, 0x90, 0x00, 0x00, 0x00, 0x00,
  0x00, 0x01, 0xFF, 0xFF, 0xF9, 0x00, 0x00, 0x00, 0x00, 0x00, 0x00, 0x1F,
  0xFF, 0xFF, 0x90, 0x00, 0x00, 0x00, 0x00, 0x00, 0x01, 0xFF, 0xFF, 0xFC,
  0x77, 0x77, 0x77, 0x77, 0x77, 0x76, 0x1F, 0xFF, 0xFF, 0xFF, 0xFF, 0xFF,
  0xFF, 0xFF, 0xFF, 0xD1, 0xFF, 0xFF, 0xFF, 0xFF, 0xFF, 0xFF, 0xFF, 0xFF,
  0xFD, 0x1F, 0xFF, 0xFF, 0xFF, 0xFF, 0xFF, 0xFF, 0xFF, 0xFF, 0xD1, 0xFF,
  0xFF, 0xFF, 0xFF, 0xFF, 0xFF, 0xFF, 0xFF, 0xFD, 0x1F, 0xFF, 0xFD, 0x00,
  0x00, 0x00, 0x00, 0x00, 0x00, 0x00, 0x00, 0x08, 0xFF, 0xFF, 0x71, 0xFF,
  0xFF, 0xF8, 0x00, 0x00, 0x00, 0x00, 0x00, 0x00, 0x00, 0x02, 0xFF, 0xFF,
  0xF7, 0x1F, 0xFF, 0xFF, 0xF2, 0x00, 0x00, 0x00, 0x00, 0x00, 0x00, 0x00,
  0xBF, 0xFF, 0xFF, 0x71, 0xFF, 0xFF, 0xFF, 0xB0, 0x00, 0x00, 0x00, 0x00,
  0x00, 0x00, 0x5F, 0xFF, 0xFF, 0xF7, 0x1F, 0xFF, 0xFF, 0xFF, 0x50, 0x00,
  0x00, 0x00, 0x00, 0x00, 0x0D, 0xFF, 0xFF, 0xFF, 0x71, 0xFF, 0xFF, 0xFF,
  0xFE, 0x00, 0x00, 0x00, 0x00, 0x00, 0x08, 0xFF, 0xFF, 0xFF, 0xF7, 0x1F,
  0xFF, 0xFF, 0xFF, 0xF9, 0x00, 0x00, 0x00, 0x00, 0x02, 0xFF, 0xFF, 0xFF,
  0xFF, 0x71, 0xFF, 0xFF, 0xFF, 0xFF, 0xF3, 0x00, 0x00, 0x00, 0x00, 0xBF,
  0xFF, 0xFF, 0xFF, 0xF7, 0x1F, 0xFF, 0xFF, 0xFF, 0xFF, 0xC0, 0x00, 0x00,
  0x00, 0x5F, 0xFF, 0xFF, 0xFF, 0xFF, 0x71, 0xFF, 0xFF, 0xFF, 0xFF, 0xFF,
  0x60, 0x00, 0x00, 0x0E, 0xFF, 0xFF, 0xFF, 0xFF, 0xF7, 0x1F, 0xFF, 0xFF,
  0xBF, 0xFF, 0xFE, 0x10, 0x00, 0x08, 0xFF, 0xFF, 0xBD, 0xFF, 0xFF, 0x71,
  0xFF, 0xFF, 0xF3, 0xDF, 0xFF, 0xF9, 0x00, 0x02, 0xFF, 0xFF, 0xF2, 0xDF,
  0xFF, 0xF7, 0x1F, 0xFF, 0xFF, 0x33, 0xFF, 0xFF, 0xF3, 0x00, 0xBF, 0xFF,
  0xF8, 0x0D, 0xFF, 0xFF, 0x71, 0xFF, 0xFF, 0xF3, 0x09, 0xFF, 0xFF, 0xD0,
  0x5F, 0xFF, 0xFD, 0x00, 0xDF, 0xFF, 0xF7, 0x1F, 0xFF, 0xFF, 0x30, 0x1E,
  0xFF, 0xFF, 0x8E, 0xFF, 0xFF, 0x40, 0x0D, 0xFF, 0xFF, 0x71, 0xFF, 0xFF,
  0xF3, 0x00, 0x5F, 0xFF, 0xFF, 0xFF, 0xFF, 0xA0, 0x00, 0xDF, 0xFF, 0xF7,
  0x1F, 0xFF, 0xFF, 0x30, 0x00, 0xBF, 0xFF, 0xFF, 0xFF, 0xE1, 0x00, 0x0D,
  0xFF, 0xFF, 0x71, 0xFF, 0xFF, 0xF3, 0x00, 0x01, 0xFF, 0xFF, 0xFF, 0xF6,
  0x00, 0x00, 0xDF, 0xFF, 0xF7, 0x1F, 0xFF, 0xFF, 0x30, 0x00, 0x07, 0xFF,
  0xFF, 0xFC, 0x00, 0x00, 0x0C, 0xFF, 0xFF, 0x71, 0xFF, 0xFF, 0xF3, 0x00,
  0x00, 0x0C, 0xFF, 0xFF, 0x20, 0x00, 0x00, 0xCF, 0xFF, 0xF8, 0x1F, 0xFF,
  0xFF, 0x30, 0x00, 0x00, 0x3F, 0xFF, 0x80, 0x00, 0x00, 0x0C, 0xFF, 0xFF,
  0x81, 0xFF, 0xFF, 0xF3, 0x00, 0x00, 0x00, 0x57, 0x60, 0x00, 0x00, 0x00,
  0xCF, 0xFF, 0xF8, 0x1F, 0xFF, 0xFF, 0x30, 0x00, 0x00, 0x00, 0x00, 0x00,
  0x00, 0x00, 0x0C, 0xFF, 0xFF, 0x81, 0xFF, 0xFF, 0xF3, 0x00, 0x00, 0x00,
  0x00, 0x00, 0x00, 0x00, 0x00, 0xCF, 0xFF, 0xF8, 0x1F, 0xFF, 0xFE, 0x10,
  0x00, 0x00, 0x00, 0x00, 0x03, 0xFF, 0xFF, 0xF6, 0x1F, 0xFF, 0xFF, 0xC0,
  0x00, 0x00, 0x00, 0x00, 0x03, 0xFF, 0xFF, 0xF6, 0x1F, 0xFF, 0xFF, 0xFA,
  0x00, 0x00, 0x00, 0x00, 0x03, 0xFF, 0xFF, 0xF6, 0x1F, 0xFF, 0xFF, 0xFF,
  0x80, 0x00, 0x00, 0x00, 0x03, 0xFF, 0xFF, 0xF6, 0x1F, 0xFF, 0xFF, 0xFF,
  0xF5, 0x00, 0x00, 0x00, 0x03, 0xFF, 0xFF, 0xF6, 0x1F, 0xFF, 0xFF, 0xFF,
  0xFF, 0x30, 0x00, 0x00, 0x03, 0xFF, 0xFF, 0xF6, 0x1F, 0xFF, 0xFF, 0xFF,
  0xFF, 0xE1, 0x00, 0x00, 0x03, 0xFF, 0xFF, 0xF6, 0x1F, 0xFF, 0xFF, 0xFF,
  0xFF, 0xFC, 0x00, 0x00, 0x03, 0xFF, 0xFF, 0xF6, 0x1F, 0xFF, 0xFF, 0xFF,
  0xFF, 0xFF, 0xA0, 0x00, 0x03, 0xFF, 0xFF, 0xF6, 0x1F, 0xFF, 0xFF, 0xDF,
  0xFF, 0xFF, 0xF8, 0x00, 0x03, 0xFF, 0xFF, 0xF6, 0x1F, 0xFF, 0xFF, 0x89,
  0xFF, 0xFF, 0xFF, 0x50, 0x03, 0xFF, 0xFF, 0xF6, 0x1F, 0xFF, 0xFF, 0x80,
  0xBF, 0xFF, 0xFF, 0xF3, 0x03, 0xFF, 0xFF, 0xF6, 0x1F, 0xFF, 0xFF, 0x80,
  0x1D, 0xFF, 0xFF, 0xFE, 0x13, 0xFF, 0xFF, 0xF6, 0x1F, 0xFF, 0xFF, 0x80,
  0x02, 0xEF, 0xFF, 0xFF, 0xC4, 0xFF, 0xFF, 0xF6, 0x1F, 0xFF, 0xFF, 0x80,
  0x00, 0x4F, 0xFF, 0xFF, 0xFD, 0xFF, 0xFF, 0xF6, 0x1F, 0xFF, 0xFF, 0x80,
  0x00, 0x06, 0xFF, 0xFF, 0xFF, 0xFF, 0xFF, 0xF6, 0x1F, 0xFF, 0xFF, 0x80,
  0x00, 0x00, 0x9F, 0xFF, 0xFF, 0xFF, 0xFF, 0xF6, 0x1F, 0xFF, 0xFF, 0x80,
  0x00, 0x00, 0x0B, 0xFF, 0xFF, 0xFF, 0xFF, 0xF6, 0x1F, 0xFF, 0xFF, 0x80,
  0x00, 0x00, 0x00, 0xDF, 0xFF, 0xFF, 0xFF, 0xF6, 0x1F, 0xFF, 0xFF, 0x80,
  0x00, 0x00, 0x00, 0x2E, 0xFF, 0xFF, 0xFF, 0xF6, 0x1F, 0xFF, 0xFF, 0x80,
  0x00, 0x00, 0x00, 0x03, 0xFF, 0xFF, 0xFF, 0xF6, 0x1F, 0xFF, 0xFF, 0x80,
  0x00, 0x00, 0x00, 0x00, 0x6F, 0xFF, 0xFF, 0xF6, 0x1F, 0xFF, 0xFF, 0x80,
  0x00, 0x00, 0x00, 0x00, 0x08, 0xFF, 0xFF, 0xF6, 0x1F, 0xFF, 0xFF, 0x80,
  0x00, 0x00, 0x00, 0x00, 0x00, 0xBF, 0xFF, 0xF6, 0x00, 0x00, 0x00, 0x00,
  0x16, 0xAD, 0xEF, 0xFD, 0xC8, 0x40, 0x00, 0x00, 0x00, 0x00, 0x00, 0x00,
  0x00, 0x3A, 0xFF, 0xFF, 0xFF, 0xFF, 0xFF, 0xFE, 0x70, 0x00, 0x00, 0x00,
  0x00, 0x00, 0x08, 0xFF, 0xFF, 0xFF, 0xFF, 0xFF, 0xFF, 0xFF, 0xFE, 0x30,
  0x00, 0x00, 0x00, 0x01, 0xCF, 0xFF, 0xFF, 0xFF, 0xFF, 0xFF, 0xFF, 0xFF,
  0xFF, 0xF6, 0x00, 0x00, 0x00, 0x0C, 0xFF, 0xFF, 0xFF, 0xFC, 0x98, 0x8A,
  0xFF, 0xFF, 0xFF, 0xFF, 0x50, 0x00, 0x00, 0x9F, 0xFF, 0xFF, 0xFB, 0x20,
  0x00, 0x00, 0x06, 0xEF, 0xFF, 0xFF, 0xF2, 0x00, 0x03, 0xFF, 0xFF, 0xFF,
  0x70, 0x00, 0x00, 0x00, 0x00, 0x1D, 0xFF, 0xFF, 0xFC, 0x00, 0x0B, 0xFF,
  0xFF, 0xF9, 0x00, 0x00, 0x00, 0x00, 0x00, 0x01, 0xEF, 0xFF, 0xFF, 0x40,
  0x1F, 0xFF, 0xFF, 0xE0, 0x00, 0x00, 0x00, 0x00, 0x00, 0x00, 0x6F, 0xFF,
  0xFF, 0x90, 0x5F, 0xFF, 0xFF, 0x80, 0x00, 0x00, 0x00, 0x00, 0x00, 0x00,
  0x0E, 0xFF, 0xFF, 0xE0, 0x7F, 0xFF, 0xFF, 0x40, 0x00, 0x00, 0x00, 0x00,
  0x00, 0x00, 0x0B, 0xFF, 0xFF, 0xF0, 0x9F, 0xFF, 0xFF, 0x20, 0x00, 0x00,
  0x00, 0x00, 0x00, 0x00, 0x09, 0xFF, 0xFF, 0xF1, 0x9F, 0xFF, 0xFF, 0x20,
  0x00, 0x00, 0x00, 0x00, 0x00, 0x00, 0x09, 0xFF, 0xFF, 0xF1, 0x7F, 0xFF,
  0xFF, 0x40, 0x00, 0x00, 0x00, 0x00, 0x00, 0x00, 0x0B, 0xFF, 0xFF, 0xF0,
  0x5F, 0xFF, 0xFF, 0x70, 0x00, 0x00, 0x00, 0x00, 0x00, 0x00, 0x0E, 0xFF,
  0xFF, 0xE0, 0x1F, 0xFF, 0xFF, 0xE0, 0x00, 0x00, 0x00, 0x00, 0x00, 0x00,
  0x5F, 0xFF, 0xFF, 0x90, 0x0B, 0xFF, 0xFF, 0xF9, 0x00, 0x00, 0x00, 0x00,
  0x00, 0x01, 0xEF, 0xFF, 0xFF, 0x40, 0x03, 0xFF, 0xFF, 0xFF, 0x70, 0x00,
  0x00, 0x00, 0x00, 0x1C, 0xFF, 0xFF, 0xFC, 0x00, 0x00, 0xAF, 0xFF, 0xFF,
  0xFB, 0x20, 0x00, 0x00, 0x05, 0xEF, 0xFF, 0xFF, 0xF3, 0x00, 0x00, 0x0C,
  0xFF, 0xFF, 0xFF, 0xFC, 0x98, 0x8A, 0xEF, 0xFF, 0xFF, 0xFF, 0x60, 0x00,
  0x00, 0x01, 0xCF, 0xFF, 0xFF, 0xFF, 0xFF, 0xFF, 0xFF, 0xFF, 0xFF, 0xF6,
  0x00, 0x00, 0x00, 0x00, 0x08, 0xFF, 0xFF, 0xFF, 0xFF, 0xFF, 0xFF, 0xFF,
  0xFE, 0x30, 0x00, 0x00, 0x00, 0x00, 0x00, 0x3A, 0xFF, 0xFF, 0xFF, 0xFF,
  0xFF, 0xFE, 0x70, 0x00, 0x00, 0x00, 0x00, 0x00, 0x00, 0x00, 0x16, 0xAD,
  0xEF, 0xFD, 0xC8, 0x40, 0x00, 0x00, 0x00, 0x00, 0x1F, 0xFF, 0xFF, 0xFF,
  0xFF, 0xFF, 0xFE, 0xB8, 0x30, 0x00, 0x00, 0x01, 0xFF, 0xFF, 0xFF, 0xFF,
  0xFF, 0xFF, 0xFF, 0xFF, 0xC4, 0x00, 0x00, 0x1F, 0xFF, 0xFF, 0xFF, 0xFF,
  0xFF, 0xFF, 0xFF, 0xFF, 0xF8, 0x00, 0x01, 0xFF, 0xFF, 0xFF, 0xFF, 0xFF,
  0xFF, 0xFF, 0xFF, 0xFF, 0xF7, 0x00, 0x1F, 0xFF, 0xFF, 0xC7, 0x77, 0x77,
  0x9C, 0xFF, 0xFF, 0xFF, 0xF2, 0x01, 0xFF, 0xFF, 0xF9, 0x00, 0x00, 0x00,
  0x02, 0xDF, 0xFF, 0xFF, 0x90, 0x1F, 0xFF, 0xFF, 0x90, 0x00, 0x00, 0x00,
  0x02, 0xFF, 0xFF, 0xFE, 0x01, 0xFF, 0xFF, 0xF9, 0x00, 0x00, 0x00, 0x00,
  0x0B, 0xFF, 0xFF, 0xF1, 0x1F, 0xFF, 0xFF, 0x90, 0x00, 0x00, 0x00, 0x00,
  0x9F, 0xFF, 0xFF, 0x21, 0xFF, 0xFF, 0xF9, 0x00, 0x00, 0x00, 0x00, 0x0B,
  0xFF, 0xFF, 0xF1, 0x1F, 0xFF, 0xFF, 0x90, 0x00, 0x00, 0x00, 0x02, 0xFF,
  0xFF, 0xFE, 0x01, 0xFF, 0xFF, 0xF9, 0x00, 0x00, 0x00, 0x02, 0xDF, 0xFF,
  0xFF, 0xA0, 0x1F, 0xFF, 0xFF, 0xC7, 0x77, 0x77, 0x9C, 0xFF, 0xFF, 0xFF,
  0xF2, 0x01, 0xFF, 0xFF, 0xFF, 0xFF, 0xFF, 0xFF, 0xFF, 0xFF, 0xFF, 0xF7,
  0x00, 0x1F, 0xFF, 0xFF, 0xFF, 0xFF, 0xFF, 0xFF, 0xFF, 0xFF, 0xF8, 0x00,
  0x01, 0xFF, 0xFF, 0xFF, 0xFF, 0xFF, 0xFF, 0xFF, 0xFF, 0xC4, 0x00, 0x00,
  0x1F, 0xFF, 0xFF, 0xFF, 0xFF, 0xFF, 0xFE, 0xB8, 0x30, 0x00, 0x00, 0x01,
  0xFF, 0xFF, 0xF9, 0x00, 0x00, 0x00, 0x00, 0x00, 0x00, 0x00, 0x00, 0x1F,
  0xFF, 0xFF, 0x90, 0x00, 0x00, 0x00, 0x00, 0x00, 0x00, 0x00, 0x01, 0xFF,
  0xFF, 0xF9, 0x00, 0x00, 0x00, 0x00, 0x00, 0x00, 0x00, 0x00, 0x1F, 0xFF,
  0xFF, 0x90, 0x00, 0x00, 0x00, 0x00, 0x00, 0x00, 0x00, 0x01, 0xFF, 0xFF,
  0xF9, 0x00, 0x00, 0x00, 0x00, 0x00, 0x00, 0x00, 0x00, 0x1F, 0xFF, 0xFF,
  0x90, 0x00, 0x00, 0x00, 0x00, 0x00, 0x00, 0x00, 0x01, 0xFF, 0xFF, 0xF9,
  0x00, 0x00, 0x00, 0x00, 0x00, 0x00, 0x00, 0x00, 0x00, 0x00, 0x00, 0x00,
  0x15, 0xAC, 0xEF, 0xFD, 0xC8, 0x30, 0x00, 0x00, 0x00, 0x00, 0x00, 0x00,
  0x00, 0x02, 0x9F, 0xFF, 0xFF, 0xFF, 0xFF, 0xFF, 0xD6, 0x00, 0x00, 0x00,
  0x00, 0x00, 0x00, 0x07, 0xFF, 0xFF, 0xFF, 0xFF, 0xFF, 0xFF, 0xFF, 0xFD,
  0x20, 0x00, 0x00, 0x00, 0x00, 0x0B, 0xFF, 0xFF, 0xFF, 0xFF, 0xFF, 0xFF,
  0xFF, 0xFF, 0xFF, 0x50, 0x00, 0x00, 0x00, 0x0A, 0xFF, 0xFF, 0xFF, 0xFC,
  0x98, 0x8A, 0xFF, 0xFF, 0xFF, 0xFF, 0x40, 0x00, 0x00, 0x07, 0xFF, 0xFF,
  0xFF, 0xB3, 0x00, 0x00, 0x00, 0x6F, 0xFF, 0xFF, 0xFF, 0x20, 0x00, 0x01,
  0xFF, 0xFF, 0xFF, 0x80, 0x00, 0x00, 0x00, 0x00, 0x2D, 0xFF, 0xFF, 0xFA,
  0x00, 0x00, 0x9F, 0xFF, 0xFF, 0xA0, 0x00, 0x00, 0x00, 0x00, 0x00, 0x2F,
  0xFF, 0xFF, 0xF3, 0x00, 0x0E, 0xFF, 0xFF, 0xE0, 0x00, 0x00, 0x00, 0x00,
  0x00, 0x00, 0x6F, 0xFF, 0xFF, 0x80, 0x04, 0xFF, 0xFF, 0xF8, 0x00, 0x00,
  0x00, 0x00, 0x00, 0x00, 0x00, 0xFF, 0xFF, 0xFD, 0x00, 0x7F, 0xFF, 0xFF,
  0x40, 0x00, 0x00, 0x00, 0x00, 0x00, 0x00, 0x0B, 0xFF, 0xFF, 0xF0, 0x08,
  0xFF, 0xFF, 0xF2, 0x00, 0x00, 0x00, 0x00, 0x00, 0x00, 0x00, 0x9F, 0xFF,
  0xFF, 0x10, 0x9F, 0xFF, 0xFF, 0x20, 0x00, 0x00, 0x00, 0x00, 0x00, 0x00,
  0x09, 0xFF, 0xFF, 0xF2, 0x09, 0xFF, 0xFF, 0xF3, 0x00, 0x00, 0x00, 0x00,
  0x00, 0x00, 0x00, 0xAF, 0xFF, 0xFF, 0x10, 0x7F, 0xFF, 0xFF, 0x70, 0x00,
  0x00, 0x00, 0x00, 0x00, 0x00, 0x0E, 0xFF, 0xFF, 0xF0, 0x04, 0xFF, 0xFF,
  0xFD, 0x00, 0x00, 0x00, 0x00, 0x00, 0x00, 0x04, 0xFF, 0xFF, 0xFB, 0x00,
  0x0F, 0xFF, 0xFF, 0xF6, 0x00, 0x00, 0x00, 0x00, 0x00, 0x00, 0xDF, 0xFF,
  0xFF, 0x60, 0x00, 0x9F, 0xFF, 0xFF, 0xF3, 0x00, 0x00, 0x00, 0x00, 0x00,
  0xAF, 0xFF, 0xFF, 0xE0, 0x00, 0x01, 0xFF, 0xFF, 0xFF, 0xF7, 0x00, 0x00,
  0x00, 0x02, 0xCF, 0xFF, 0xFF, 0xF6, 0x00, 0x00, 0x06, 0xFF, 0xFF, 0xFF,
  0xFE, 0x85, 0x34, 0x6B, 0xFF, 0xFF, 0xFF, 0xFB, 0x00, 0x00, 0x00, 0x09,
  0xFF, 0xFF, 0xFF, 0xFF, 0xFF, 0xFF, 0xFF, 0xFF, 0xFF, 0xFC, 0x00, 0x00,
  0x00, 0x00, 0x09, 0xFF, 0xFF, 0xFF, 0xFF, 0xFF, 0xFF, 0xFF, 0xFF, 0xFB,
  0x00, 0x00, 0x00, 0x00, 0x00, 0x06, 0xFF, 0xFF, 0xFF, 0xFF, 0xFF, 0xFF,
  0xFF, 0xE6, 0x00, 0x00, 0x00, 0x00, 0x00, 0x00, 0x01, 0x8E, 0xFF, 0xFF,
  0xFF, 0xFF, 0xFD, 0x60, 0x00, 0x00, 0x00, 0x00, 0x00, 0x00, 0x00, 0x00,
  0x04, 0x8B, 0xFF, 0xFF, 0xFF, 0xE3, 0x00, 0x00, 0x3D, 0x70, 0x00, 0x00,
  0x00, 0x00, 0x00, 0x00, 0x07, 0xFF, 0xFF, 0xFF, 0xFB, 0x88, 0xBF, 0xFF,
  0x40, 0x00, 0x00, 0x00, 0x00, 0x00, 0x00, 0x06, 0xFF, 0xFF, 0xFF, 0xFF,
  0xFF, 0xFF, 0xFF, 0x20, 0x00, 0x00, 0x00, 0x00, 0x00, 0x00, 0x04, 0xEF,
  0xFF, 0xFF, 0xFF, 0xFF, 0xFF, 0xB0, 0x00, 0x00, 0x00, 0x00, 0x00, 0x00,
  0x00, 0x01, 0xAF, 0xFF, 0xFF, 0xFF, 0xFF, 0x90, 0x00, 0x00, 0x00, 0x00,
  0x00, 0x00, 0x00, 0x00, 0x00, 0x28, 0xCE, 0xFE, 0xD8, 0x20, 0x00, 0x1F,
  0xFF, 0xFF, 0xFF, 0xFF, 0xFF, 0xED, 0xB8, 0x30, 0x00, 0x00, 0x01, 0xFF,
  0xFF, 0xFF, 0xFF, 0xFF, 0xFF, 0xFF, 0xFF, 0xC3, 0x00, 0x00, 0x1F, 0xFF,
  0xFF, 0xFF, 0xFF, 0xFF, 0xFF, 0xFF, 0xFF, 0xF7, 0x00, 0x01, 0xFF, 0xFF,
  0xFF, 0xFF, 0xFF, 0xFF, 0xFF, 0xFF, 0xFF, 0xF7, 0x00, 0x1F, 0xFF, 0xFF,
  0xC7, 0x77, 0x77, 0x9C, 0xFF, 0xFF, 0xFF, 0xF2, 0x01, 0xFF, 0xFF, 0xF9,
  0x00, 0x00, 0x00, 0x02, 0xDF, 0xFF, 0xFF, 0x90, 0x1F, 0xFF, 0xFF, 0x90,
  0x00, 0x00, 0x00, 0x02, 0xFF, 0xFF, 0xFE, 0x01, 0xFF, 0xFF, 0xF9, 0x00,
  0x00, 0x00, 0x00, 0x0B, 0xFF, 0xFF, 0xF0, 0x1F, 0xFF, 0xFF, 0x90, 0x00,
  0x00, 0x00, 0x00, 0x9F, 0xFF, 0xFF, 0x21, 0xFF, 0xFF, 0xF9, 0x00, 0x00,
  0x00, 0x00, 0x0B, 0xFF, 0xFF, 0xF1, 0x1F, 0xFF, 0xFF, 0x90, 0x00, 0x00,
  0x00, 0x02, 0xFF, 0xFF, 0xFE, 0x01, 0xFF, 0xFF, 0xF9, 0x00, 0x00, 0x00,
  0x02, 0xDF, 0xFF, 0xFF, 0xA0, 0x1F, 0xFF, 0xFF, 0xC7, 0x77, 0x77, 0x9C,
  0xFF, 0xFF, 0xFF, 0xF2, 0x01, 0xFF, 0xFF, 0xFF, 0xFF, 0xFF, 0xFF, 0xFF,
  0xFF, 0xFF, 0xF7, 0x00, 0x1F, 0xFF, 0xFF, 0xFF, 0xFF, 0xFF, 0xFF, 0xFF,
  0xFF, 0xF8, 0x00, 0x01, 0xFF, 0xFF, 0xFF, 0xFF, 0xFF, 0xFF, 0xFF, 0xFF,
  0xC3, 0x00, 0x00, 0x1F, 0xFF, 0xFF, 0xFF, 0xFF, 0xFF, 0xFF, 0xFF, 0xF8,
  0x00, 0x00, 0x01, 0xFF, 0xFF, 0xF9, 0x00, 0x00, 0x0D, 0xFF, 0xFF, 0xF3,
  0x00, 0x00, 0x1F, 0xFF, 0xFF, 0x90, 0x00, 0x00, 0x3F, 0xFF, 0xFF, 0xD0,
  0x00, 0x01, 0xFF, 0xFF, 0xF9, 0x00, 0x00, 0x00, 0x8F, 0xFF, 0xFF, 0x80,
  0x00, 0x1F, 0xFF, 0xFF, 0x90, 0x00, 0x00, 0x00, 0xDF, 0xFF, 0xFF, 0x30,
  0x01, 0xFF, 0xFF, 0xF9, 0x00, 0x00, 0x00, 0x03, 0xFF, 0xFF, 0xFD, 0x00,
  0x1F, 0xFF, 0xFF, 0x90, 0x00, 0x00, 0x00, 0x07, 0xFF, 0xFF, 0xF9, 0x01,
  0xFF, 0xFF, 0xF9, 0x00, 0x00, 0x00, 0x00, 0x0C, 0xFF, 0xFF, 0xF4, 0x00,
  0x00, 0x00, 0x38, 0xBD, 0xFF, 0xFE, 0xC9, 0x61, 0x00, 0x00, 0x00, 0x00,
  0x3C, 0xFF, 0xFF, 0xFF, 0xFF, 0xFF, 0xFF, 0xB4, 0x00, 0x00, 0x06, 0xFF,
  0xFF, 0xFF, 0xFF, 0xFF, 0xFF, 0xFF, 0xFF, 0x20, 0x00, 0x5F, 0xFF, 0xFF,
  0xFF, 0xFF, 0xFF, 0xFF, 0xFF, 0xFB, 0x00, 0x00, 0xEF, 0xFF, 0xFF, 0xFB,
  0x87, 0x89, 0xDF, 0xFF, 0xF5, 0x00, 0x04, 0xFF, 0xFF, 0xFD, 0x10, 0x00,
  0x00, 0x01, 0x7D, 0xE0, 0x00, 0x07, 0xFF, 0xFF, 0xF3, 0x00, 0x00, 0x00,
  0x00, 0x00, 0x20, 0x00, 0x07, 0xFF, 0xFF, 0xF3, 0x00, 0x00, 0x00, 0x00,
  0x00, 0x00, 0x00, 0x05, 0xFF, 0xFF, 0xFC, 0x20, 0x00, 0x00, 0x00, 0x00,
  0x00, 0x00, 0x01, 0xFF, 0xFF, 0xFF, 0xFB, 0x73, 0x00, 0x00, 0x00, 0x00,
  0x00, 0x00, 0x7F, 0xFF, 0xFF, 0xFF, 0xFF, 0xFB, 0x73, 0x00, 0x00, 0x00,
  0x00, 0x08, 0xFF, 0xFF, 0xFF, 0xFF, 0xFF, 0xFF, 0xE8, 0x10, 0x00, 0x00,
  0x00, 0x3B, 0xFF, 0xFF, 0xFF, 0xFF, 0xFF, 0xFF, 0xE5, 0x00, 0x00, 0x00,
  0x00, 0x16, 0xAE, 0xFF, 0xFF, 0xFF, 0xFF, 0xFF, 0x40, 0x00, 0x00, 0x00,
  0x00, 0x00, 0x26, 0xAE, 0xFF, 0xFF, 0xFF, 0xD0, 0x00, 0x00, 0x00, 0x00,
  0x00, 0x00, 0x00, 0x5F, 0xFF, 0xFF, 0xF2, 0x00, 0x00, 0x00, 0x00, 0x00,
  0x00, 0x00, 0x06, 0xFF, 0xFF, 0xF4, 0x00, 0x37, 0x00, 0x00, 0x00, 0x00,
  0x00, 0x05, 0xFF, 0xFF, 0xF4, 0x00, 0xBF, 0xE8, 0x20, 0x00, 0x00, 0x00,
  0x2D, 0xFF, 0xFF, 0xF1, 0x03, 0xFF, 0xFF, 0xFE, 0xB9, 0x87, 0x8B, 0xFF,
  0xFF, 0xFF, 0xB0, 0x0A, 0xFF, 0xFF, 0xFF, 0xFF, 0xFF, 0xFF, 0xFF, 0xFF,
  0xFF, 0x20, 0x08, 0xFF, 0xFF, 0xFF, 0xFF, 0xFF, 0xFF, 0xFF, 0xFF, 0xF4,
  0x00, 0x00, 0x29, 0xFF, 0xFF, 0xFF, 0xFF, 0xFF, 0xFF, 0xFA, 0x10, 0x00,
  0x00, 0x00, 0x04, 0x7B, 0xDE, 0xFF, 0xFD, 0xA7, 0x10, 0x00, 0x00, 0xDF,
  0xFF, 0xFF, 0xFF, 0xFF, 0xFF, 0xFF, 0xFF, 0xFF, 0xFF, 0xF7, 0xDF, 0xFF,
  0xFF, 0xFF, 0xFF, 0xFF, 0xFF, 0xFF, 0xFF, 0xFF, 0xF7, 0xDF, 0xFF, 0xFF,
  0xFF, 0xFF, 0xFF, 0xFF, 0xFF, 0xFF, 0xFF, 0xF7, 0xDF, 0xFF, 0xFF, 0xFF,
  0xFF, 0xFF, 0xFF, 0xFF, 0xFF, 0xFF, 0xF7, 0x67, 0x77, 0x77, 0x77, 0xFF,
  0xFF, 0xFD, 0x77, 0x77, 0x77, 0x73, 0x00, 0x00, 0x00, 0x00, 0xFF, 0xFF,
  0xFA, 0x00, 0x00, 0x00, 0x00, 0x00, 0x00, 0x00, 0x00, 0xFF, 0xFF, 0xFA,
  0x00, 0x00, 0x00, 0x00, 0x00, 0x00, 0x00, 0x00, 0xFF, 0xFF, 0xFA, 0x00,
  0x00, 0x00, 0x00, 0x00, 0x00, 0x00, 0x00, 0xFF, 0xFF, 0xFA, 0x00, 0x00,
  0x00, 0x00, 0x00, 0x00, 0x00, 0x00, 0xFF, 0xFF, 0xFA, 0x00, 0x00, 0x00,
  0x00, 0x00, 0x00, 0x00, 0x00, 0xFF, 0xFF, 0xFA, 0x00, 0x00, 0x00, 0x00,
  0x00, 0x00, 0x00, 0x00, 0xFF, 0xFF, 0xFA, 0x00, 0x00, 0x00, 0x00, 0x00,
  0x00, 0x00, 0x00, 0xFF, 0xFF, 0xFA, 0x00, 0x00, 0x00, 0x00, 0x00, 0x00,
  0x00, 0x00, 0xFF, 0xFF, 0xFA, 0x00, 0x00, 0x00, 0x00, 0x00, 0x00, 0x00,
  0x00, 0xFF, 0xFF, 0xFA, 0x00, 0x00, 0x00, 0x00, 0x00, 0x00, 0x00, 0x00,
  0xFF, 0xFF, 0xFA, 0x00, 0x00, 0x00, 0x00, 0x00, 0x00, 0x00, 0x00, 0xFF,
  0xFF, 0xFA, 0x00, 0x00, 0x00, 0x00, 0x00, 0x00, 0x00, 0x00, 0xFF, 0xFF,
  0xFA, 0x00, 0x00, 0x00, 0x00, 0x00, 0x00, 0x00, 0x00, 0xFF, 0xFF, 0xFA,
  0x00, 0x00, 0x00, 0x00, 0x00, 0x00, 0x00, 0x00, 0xFF, 0xFF, 0xFA, 0x00,
  0x00, 0x00, 0x00, 0x00, 0x00, 0x00, 0x00, 0xFF, 0xFF, 0xFA, 0x00, 0x00,
  0x00, 0x00, 0x00, 0x00, 0x00, 0x00, 0xFF, 0xFF, 0xFA, 0x00, 0x00, 0x00,
  0x00, 0x00, 0x00, 0x00, 0x00, 0xFF, 0xFF, 0xFA, 0x00, 0x00, 0x00, 0x00,
  0x00, 0x00, 0x00, 0x00, 0xFF, 0xFF, 0xFA, 0x00, 0x00, 0x00, 0x00, 0x5F,
  0xFF, 0xFF, 0x50, 0x00, 0x00, 0x00, 0x00, 0x0B, 0xFF, 0xFF, 0xE5, 0xFF,
  0xFF, 0xF5, 0x00, 0x00, 0x00, 0x00, 0x00, 0xBF, 0xFF, 0xFE, 0x5F, 0xFF,
  0xFF, 0x50, 0x00, 0x00, 0x00, 0x00, 0x0B, 0xFF, 0xFF, 0xE5, 0xFF, 0xFF,
  0xF5, 0x00, 0x00, 0x00, 0x00, 0x00, 0xBF, 0xFF, 0xFE, 0x5F, 0xFF, 0xFF,
  0x50, 0x00, 0x00, 0x00, 0x00, 0x0B, 0xFF, 0xFF, 0xE5, 0xFF, 0xFF, 0xF5,
  0x00, 0x00, 0x00, 0x00, 0x00, 0xBF, 0xFF, 0xFE, 0x5F, 0xFF, 0xFF, 0x50,
  0x00, 0x00, 0x00, 0x00, 0x0B, 0xFF, 0xFF, 0xE5, 0xFF, 0xFF, 0xF5, 0x00,
  0x00, 0x00, 0x00, 0x00, 0xBF, 0xFF, 0xFE, 0x5F, 0xFF, 0xFF, 0x50, 0x00,
  0x00, 0x00, 0x00, 0x0B, 0xFF, 0xFF, 0xE5, 0xFF, 0xFF, 0xF5, 0x00, 0x00,
  0x00, 0x00, 0x00, 0xBF, 0xFF, 0xFE, 0x5F, 0xFF, 0xFF, 0x50, 0x00, 0x00,
  0x00, 0x00, 0x0B, 0xFF, 0xFF, 0xE5, 0xFF, 0xFF, 0xF5, 0x00, 0x00, 0x00,
  0x00, 0x00, 0xBF, 0xFF, 0xFE, 0x5F, 0xFF, 0xFF, 0x50, 0x00, 0x00, 0x00,
  0x00, 0x0B, 0xFF, 0xFF, 0xE4, 0xFF, 0xFF, 0xF6, 0x00, 0x00, 0x00, 0x00,
  0x00, 0xBF, 0xFF, 0xFD, 0x3F, 0xFF, 0xFF, 0x70, 0x00, 0x00, 0x00, 0x00,
  0x0C, 0xFF, 0xFF, 0xC2, 0xFF, 0xFF, 0xF9, 0x00, 0x00, 0x00, 0x00, 0x00,
  0xFF, 0xFF, 0xFB, 0x0E, 0xFF, 0xFF, 0xE0, 0x00, 0x00, 0x00, 0x00, 0x4F,
  0xFF, 0xFF, 0x70, 0xAF, 0xFF, 0xFF, 0x60, 0x00, 0x00, 0x00, 0x0C, 0xFF,
  0xFF, 0xF3, 0x03, 0xFF, 0xFF, 0xFF, 0x60, 0x00, 0x00, 0x1A, 0xFF, 0xFF,
  0xFC, 0x00, 0x0B, 0xFF, 0xFF, 0xFF, 0xD9, 0x78, 0xAF, 0xFF, 0xFF, 0xFF,
  0x40, 0x00, 0x1E, 0xFF, 0xFF, 0xFF, 0xFF, 0xFF, 0xFF, 0xFF, 0xFF, 0x80,
  0x00, 0x00, 0x2D, 0xFF, 0xFF, 0xFF, 0xFF, 0xFF, 0xFF, 0xFF, 0x80, 0x00,
  0x00, 0x00, 0x08, 0xFF, 0xFF, 0xFF, 0xFF, 0xFF, 0xFC, 0x40, 0x00, 0x00,
  0x00, 0x00, 0x00, 0x6A, 0xDE, 0xFF, 0xEC, 0x84, 0x00, 0x00, 0x00, 0x1F,
  0xFF, 0xFF, 0xF1, 0x00, 0x00, 0x00, 0x00, 0x00, 0x00, 0x06, 0xFF, 0xFF,
  0xF3, 0x0A, 0xFF, 0xFF, 0xF7, 0x00, 0x00, 0x00, 0x00, 0x00, 0x00, 0x0D,
  0xFF, 0xFF, 0xC0, 0x03, 0xFF, 0xFF, 0xFE, 0x00, 0x00, 0x00, 0x00, 0x00,
  0x00, 0x4F, 0xFF, 0xFF, 0x50, 0x00, 0xCF, 0xFF, 0xFF, 0x50, 0x00, 0x00,
  0x00, 0x00, 0x00, 0xBF, 0xFF, 0xFE, 0x00, 0x00, 0x5F, 0xFF, 0xFF, 0xC0,
  0x00, 0x00, 0x00, 0x00, 0x02, 0xFF, 0xFF, 0xF7, 0x00, 0x00, 0x0E, 0xFF,
  0xFF, 0xF3, 0x00, 0x00, 0x00, 0x00, 0x09, 0xFF, 0xFF, 0xF1, 0x00, 0x00,
  0x07, 0xFF, 0xFF, 0xFA, 0x00, 0x00, 0x00, 0x00, 0x1F, 0xFF, 0xFF, 0x90,
  0x00, 0x00, 0x00, 0xFF, 0xFF, 0xFF, 0x10, 0x00, 0x00, 0x00, 0x7F, 0xFF,
  0xFF, 0x20, 0x00, 0x00, 0x00, 0x9F, 0xFF, 0xFF, 0x80, 0x00, 0x00, 0x00,
  0xEF, 0xFF, 0xFB, 0x00, 0x00, 0x00, 0x00, 0x2F, 0xFF, 0xFF, 0xE0, 0x00,
  0x00, 0x05, 0xFF, 0xFF, 0xF4, 0x00, 0x00, 0x00, 0x00, 0x0B, 0xFF, 0xFF,
  0xF6, 0x00, 0x00, 0x0C, 0xFF, 0xFF, 0xD0, 0x00, 0x00, 0x00, 0x00, 0x04,
  0xFF, 0xFF, 0xFC, 0x00, 0x00, 0x3F, 0xFF, 0xFF, 0x50, 0x00, 0x00, 0x00,
  0x00, 0x00, 0xCF, 0xFF, 0xFF, 0x30, 0x00, 0xBF, 0xFF, 0xFE, 0x00, 0x00,
  0x00, 0x00, 0x00, 0x00, 0x5F, 0xFF, 0xFF, 0xA0, 0x02, 0xFF, 0xFF, 0xF7,
  0x00, 0x00, 0x00, 0x00, 0x00, 0x00, 0x0E, 0xFF, 0xFF, 0xF2, 0x09, 0xFF,
  0xFF, 0xF1, 0x00, 0x00, 0x00, 0x00, 0x00, 0x00, 0x07, 0xFF, 0xFF, 0xF8,
  0x0F, 0xFF, 0xFF, 0x90, 0x00, 0x00, 0x00, 0x00, 0x00, 0x00, 0x01, 0xFF,
  0xFF, 0xFF, 0x8F, 0xFF, 0xFF, 0x20, 0x00, 0x00, 0x00, 0x00, 0x00, 0x00,
  0x00, 0x9F, 0xFF, 0xFF, 0xFF, 0xFF, 0xFB, 0x00, 0x00, 0x00, 0x00, 0x00,
  0x00, 0x00, 0x00, 0x2F, 0xFF, 0xFF, 0xFF, 0xFF, 0xF4, 0x00, 0x00, 0x00,
  0x00, 0x00, 0x00, 0x00, 0x00, 0x0B, 0xFF, 0xFF, 0xFF, 0xFF, 0xD0, 0x00,
  0x00, 0x00, 0x00, 0x00, 0x00, 0x00, 0x00, 0x04, 0xFF, 0xFF, 0xFF, 0xFF,
  0x60, 0x00, 0x00, 0x00, 0x00, 0x00, 0x00, 0x00, 0x00, 0x00, 0xDF, 0xFF,
  0xFF, 0xFE, 0x00, 0x00, 0x00, 0x00, 0x00, 0x00, 0x00, 0x00, 0x00, 0x00,
  0x6F, 0xFF, 0xFF, 0xF8, 0x00, 0x00, 0x00, 0x00, 0x00, 0x00, 0x00, 0x00,
  0x00, 0x00, 0x0E, 0xFF, 0xFF, 0xF1, 0x00, 0x00, 0x00, 0x00, 0x00, 0x1F,
  0xFF, 0xFF, 0xD0, 0x00, 0x00, 0x00, 0x00, 0x03, 0xFF, 0xFF, 0xF5, 0x00,
  0x00, 0x00, 0x00, 0x00, 0xAF, 0xFF, 0xFC, 0x0B, 0xFF, 0xFF, 0xF2, 0x00,
  0x00, 0x00, 0x00, 0x09, 0xFF, 0xFF, 0xFB, 0x00, 0x00, 0x00, 0x00, 0x00,
  0xFF, 0xFF, 0xF6, 0x06, 0xFF, 0xFF, 0xF7, 0x00, 0x00, 0x00, 0x00, 0x0E,
  0xFF, 0xFF, 0xFF, 0x00, 0x00, 0x00, 0x00, 0x05, 0xFF, 0xFF, 0xF1, 0x01,
  0xFF, 0xFF, 0xFC, 0x00, 0x00, 0x00, 0x00, 0x3F, 0xFF, 0xFF, 0xFF, 0x50,
  0x00, 0x00, 0x00, 0x0A, 0xFF, 0xFF, 0xC0, 0x00, 0xBF, 0xFF, 0xFF, 0x20,
  0x00, 0x00, 0x00, 0x9F, 0xFF, 0xFF, 0xFF, 0xA0, 0x00, 0x00, 0x00, 0x0F,
  0xFF, 0xFF, 0x60, 0x00, 0x6F, 0xFF, 0xFF, 0x70, 0x00, 0x00, 0x00, 0xEF,
  0xFF, 0xFF, 0xFF, 0xF0, 0x00, 0x00, 0x00, 0x5F, 0xFF, 0xFF, 0x10, 0x00,
  0x1F, 0xFF, 0xFF, 0xC0, 0x00, 0x00, 0x04, 0xFF, 0xFF, 0xFF, 0xFF, 0xF5,
  0x00, 0x00, 0x00, 0xAF, 0xFF, 0xFC, 0x00, 0x00, 0x0B, 0xFF, 0xFF, 0xF1,
  0x00, 0x00, 0x09, 0xFF, 0xFF, 0xFF, 0xFF, 0xFA, 0x00, 0x00, 0x00, 0xFF,
  0xFF, 0xF6, 0x00, 0x00, 0x06, 0xFF, 0xFF, 0xF7, 0x00, 0x00, 0x0E, 0xFF,
  0xFF, 0x7F, 0xFF, 0xFF, 0x00, 0x00, 0x05, 0xFF, 0xFF, 0xF1, 0x00, 0x00,
  0x01, 0xFF, 0xFF, 0xFC, 0x00, 0x00, 0x4F, 0xFF, 0xFD, 0x0F, 0xFF, 0xFF,
  0x50, 0x00, 0x0A, 0xFF, 0xFF, 0xC0, 0x00, 0x00, 0x00, 0xBF, 0xFF, 0xFF,
  0x10, 0x00, 0xAF, 0xFF, 0xF7, 0x0A, 0xFF, 0xFF, 0xA0, 0x00, 0x0F, 0xFF,
  0xFF, 0x60, 0x00, 0x00, 0x00, 0x6F, 0xFF, 0xFF, 0x60, 0x00, 0xFF, 0xFF,
  0xF2, 0x05, 0xFF, 0xFF, 0xF0, 0x00, 0x5F, 0xFF, 0xFF, 0x10, 0x00, 0x00,
  0x00, 0x1F, 0xFF, 0xFF, 0xC0, 0x05, 0xFF, 0xFF, 0xC0, 0x00, 0xFF, 0xFF,
  0xF5, 0x00, 0xAF, 0xFF, 0xFC, 0x00, 0x00, 0x00, 0x00, 0x0B, 0xFF, 0xFF,
  0xF1, 0x0A, 0xFF, 0xFF, 0x70, 0x00, 0xAF, 0xFF, 0xFA, 0x00, 0xFF, 0xFF,
  0xF6, 0x00, 0x00, 0x00, 0x00, 0x06, 0xFF, 0xFF, 0xF6, 0x0F, 0xFF, 0xFF,
  0x20, 0x00, 0x5F, 0xFF, 0xFF, 0x05, 0xFF, 0xFF, 0xF1, 0x00, 0x00, 0x00,
  0x00, 0x01, 0xFF, 0xFF, 0xFB, 0x5F, 0xFF, 0xFC, 0x00, 0x00, 0x0F, 0xFF,
  0xFF, 0x5B, 0xFF, 0xFF, 0xC0, 0x00, 0x00, 0x00, 0x00, 0x00, 0xBF, 0xFF,
  0xFF, 0xCF, 0xFF, 0xF7, 0x00, 0x00, 0x0A, 0xFF, 0xFF, 0xBF, 0xFF, 0xFF,
  0x60, 0x00, 0x00, 0x00, 0x00, 0x00, 0x5F, 0xFF, 0xFF, 0xFF, 0xFF, 0xF1,
  0x00, 0x00, 0x05, 0xFF, 0xFF, 0xFF, 0xFF, 0xFF, 0x10, 0x00, 0x00, 0x00,
  0x00, 0x00, 0x0F, 0xFF, 0xFF, 0xFF, 0xFF, 0xC0, 0x00, 0x00, 0x00, 0xFF,
  0xFF, 0xFF, 0xFF, 0xFC, 0x00, 0x00, 0x00, 0x00, 0x00, 0x00, 0x0B, 0xFF,
  0xFF, 0xFF, 0xFF, 0x60, 0x00, 0x00, 0x00, 0xAF, 0xFF, 0xFF, 0xFF, 0xF6,
  0x00, 0x00, 0x00, 0x00, 0x00, 0x00, 0x05, 0xFF, 0xFF, 0xFF, 0xFF, 0x10,
  0x00, 0x00, 0x00, 0x5F, 0xFF, 0xFF, 0xFF, 0xF1, 0x00, 0x00, 0x00, 0x00,
  0x00, 0x00, 0x00, 0xFF, 0xFF, 0xFF, 0xFB, 0x00, 0x00, 0x00, 0x00, 0x0F,
  0xFF, 0xFF, 0xFF, 0xC0, 0x00, 0x00, 0x00, 0x00, 0x00, 0x00, 0x00, 0xBF,
  0xFF, 0xFF, 0xF6, 0x00, 0x00, 0x00, 0x00, 0x0A, 0xFF, 0xFF, 0xFF, 0x60,
  0x00, 0x00, 0x00, 0x00, 0x00, 0x00, 0x00, 0x5F, 0xFF, 0xFF, 0xF1, 0x00,
  0x00, 0x00, 0x00, 0x05, 0xFF, 0xFF, 0xFF, 0x10, 0x00, 0x00, 0x00, 0x2F,
  0xFF, 0xFF, 0xF5, 0x00, 0x00, 0x00, 0x00, 0x03, 0xFF, 0xFF, 0xFD, 0x00,
  0x5F, 0xFF, 0xFF, 0xF2, 0x00, 0x00, 0x00, 0x00, 0xDF, 0xFF, 0xFF, 0x30,
  0x00, 0x9F, 0xFF, 0xFF, 0xC0, 0x00, 0x00, 0x00, 0xAF, 0xFF, 0xFF, 0x70,
  0x00, 0x00, 0xDF, 0xFF, 0xFF, 0x80, 0x00, 0x00, 0x5F, 0xFF, 0xFF, 0xB0,
  0x00, 0x00, 0x03, 0xFF, 0xFF, 0xFF, 0x40, 0x00, 0x2F, 0xFF, 0xFF, 0xE1,
  0x00, 0x00, 0x00, 0x07, 0xFF, 0xFF, 0xFE, 0x10, 0x0C, 0xFF, 0xFF, 0xF4,
  0x00, 0x00, 0x00, 0x00, 0x0B, 0xFF, 0xFF, 0xFB, 0x08, 0xFF, 0xFF, 0xF8,
  0x00, 0x00, 0x00, 0x00, 0x00, 0x1E, 0xFF, 0xFF, 0xF9, 0xFF, 0xFF, 0xFC,
  0x00, 0x00, 0x00, 0x00, 0x00, 0x00, 0x4F, 0xFF, 0xFF, 0xFF, 0xFF, 0xFE,
  0x10, 0x00, 0x00, 0x00, 0x00, 0x00, 0x00, 0x8F, 0xFF, 0xFF, 0xFF, 0xFF,
  0x40, 0x00, 0x00, 0x00, 0x00, 0x00, 0x00, 0x00, 0xCF, 0xFF, 0xFF, 0xFF,
  0x80, 0x00, 0x00, 0x00, 0x00, 0x00, 0x00, 0x00, 0x02, 0xFF, 0xFF, 0xFF,
  0xE0, 0x00, 0x00, 0x00, 0x00, 0x00, 0x00, 0x00, 0x00, 0x6F, 0xFF, 0xFF,
  0xFF, 0x60, 0x00, 0x00, 0x00, 0x00, 0x00, 0x00, 0x00, 0x2F, 0xFF, 0xFF,
  0xFF, 0xFF, 0x20, 0x00, 0x00, 0x00, 0x00, 0x00, 0x00, 0x0D, 0xFF, 0xFF,
  0xFF, 0xFF, 0xFD, 0x00, 0x00, 0x00, 0x00, 0x00, 0x00, 0x09, 0xFF, 0xFF,
  0xFE, 0xFF, 0xFF, 0xFA, 0x00, 0x00, 0x00, 0x00, 0x00, 0x05, 0xFF, 0xFF,
  0xFD, 0x1E, 0xFF, 0xFF, 0xF5, 0x00, 0x00, 0x00, 0x00, 0x02, 0xFF, 0xFF,
  0xFF, 0x20, 0x4F, 0xFF, 0xFF, 0xF2, 0x00, 0x00, 0x00, 0x00, 0xCF, 0xFF,
  0xFF, 0x70, 0x00, 0x9F, 0xFF, 0xFF, 0xC0, 0x00, 0x00, 0x00, 0x9F, 0xFF,
  0xFF, 0xB0, 0x00, 0x00, 0xDF, 0xFF, 0xFF, 0x90, 0x00, 0x00, 0x4F, 0xFF,
  0xFF, 0xE1, 0x00, 0x00, 0x02, 0xFF, 0xFF, 0xFF, 0x50, 0x00, 0x1E, 0xFF,
  0xFF, 0xF5, 0x00, 0x00, 0x00, 0x07, 0xFF, 0xFF, 0xFE, 0x10, 0x0C, 0xFF,
  0xFF, 0xFA, 0x00, 0x00, 0x00, 0x00, 0x0B, 0xFF, 0xFF, 0xFC, 0x08, 0xFF,
  0xFF, 0xFE, 0x10, 0x00, 0x00, 0x00, 0x00, 0x1E, 0xFF, 0xFF, 0xF8, 0x3F,
  0xFF, 0xFF, 0xD0, 0x00, 0x00, 0x00, 0x00, 0x00, 0x0A, 0xFF, 0xFF, 0xD0,
  0x09, 0xFF, 0xFF, 0xF7, 0x00, 0x00, 0x00, 0x00, 0x00, 0x4F, 0xFF, 0xFF,
  0x40, 0x00, 0xEF, 0xFF, 0xFF, 0x10, 0x00, 0x00, 0x00, 0x00, 0xEF, 0xFF,
  0xFA, 0x00, 0x00, 0x5F, 0xFF, 0xFF, 0xA0, 0x00, 0x00, 0x00, 0x08, 0xFF,
  0xFF, 0xF1, 0x00, 0x00, 0x0B, 0xFF, 0xFF, 0xF4, 0x00, 0x00, 0x00, 0x2F,
  0xFF, 0xFF, 0x60, 0x00, 0x00, 0x02, 0xFF, 0xFF, 0xFD, 0x00, 0x00, 0x00,
  0xCF, 0xFF, 0xFC, 0x00, 0x00, 0x00, 0x00, 0x8F, 0xFF, 0xFF, 0x70, 0x00,
  0x06, 0xFF, 0xFF, 0xF3, 0x00, 0x00, 0x00, 0x00, 0x0D, 0xFF, 0xFF, 0xF2,
  0x00, 0x1E, 0xFF, 0xFF, 0x90, 0x00, 0x00, 0x00, 0x00, 0x04, 0xFF, 0xFF,
  0xFB, 0x00, 0x9F, 0xFF, 0xFE, 0x00, 0x00, 0x00, 0x00, 0x00, 0x00, 0xAF,
  0xFF, 0xFF, 0x53, 0xFF, 0xFF, 0xF5, 0x00, 0x00, 0x00, 0x00, 0x00, 0x00,
  0x1F, 0xFF, 0xFF, 0xED, 0xFF, 0xFF, 0xB0, 0x00, 0x00, 0x00, 0x00, 0x00,
  0x00, 0x06, 0xFF, 0xFF, 0xFF, 0xFF, 0xFF, 0x20, 0x00, 0x00, 0x00, 0x00,
  0x00, 0x00, 0x00, 0xCF, 0xFF, 0xFF, 0xFF, 0xF8, 0x00, 0x00, 0x00, 0x00,
  0x00, 0x00, 0x00, 0x00, 0x3F, 0xFF, 0xFF, 0xFF, 0xD0, 0x00, 0x00, 0x00,
  0x00, 0x00, 0x00, 0x00, 0x00, 0x09, 0xFF, 0xFF, 0xFF, 0x40, 0x00, 0x00,
  0x00, 0x00, 0x00, 0x00, 0x00, 0x00, 0x01, 0xFF, 0xFF, 0xFB, 0x00, 0x00,
  0x00, 0x00, 0x00, 0x00, 0x00, 0x00, 0x00, 0x00, 0xFF, 0xFF, 0xFA, 0x00,
  0x00, 0x00, 0x00, 0x00, 0x00, 0x00, 0x00, 0x00, 0x00, 0xFF, 0xFF, 0xFA,
  0x00, 0x00, 0x00, 0x00, 0x00, 0x00, 0x00, 0x00, 0x00, 0x00, 0xFF, 0xFF,
  0xFA, 0x00, 0x00, 0x00, 0x00, 0x00, 0x00, 0x00, 0x00, 0x00, 0x00, 0xFF,
  0xFF, 0xFA, 0x00, 0x00, 0x00, 0x00, 0x00, 0x00, 0x00, 0x00, 0x00, 0x00,
  0xFF, 0xFF, 0xFA, 0x00, 0x00, 0x00, 0x00, 0x00, 0x00, 0x00, 0x00, 0x00,
  0x00, 0xFF, 0xFF, 0xFA, 0x00, 0x00, 0x00, 0x00, 0x00, 0x00, 0x00, 0x00,
  0x00, 0x00, 0xFF, 0xFF, 0xFA, 0x00, 0x00, 0x00, 0x00, 0x00, 0x00, 0x00,
  0x00, 0x00, 0x00, 0xFF, 0xFF, 0xFA, 0x00, 0x00, 0x00, 0x00, 0x00, 0x6F,
  0xFF, 0xFF, 0xFF, 0xFF, 0xFF, 0xFF, 0xFF, 0xFF, 0xFF, 0xF3, 0x6F, 0xFF,
  0xFF, 0xFF, 0xFF, 0xFF, 0xFF, 0xFF, 0xFF, 0xFF, 0xF3, 0x6F, 0xFF, 0xFF,
  0xFF, 0xFF, 0xFF, 0xFF, 0xFF, 0xFF, 0xFF, 0xF3, 0x6F, 0xFF, 0xFF, 0xFF,
  0xFF, 0xFF, 0xFF, 0xFF, 0xFF, 0xFF, 0xF2, 0x27, 0x77, 0x77, 0x77, 0x77,
  0x77, 0x7B, 0xFF, 0xFF, 0xFF, 0x60, 0x00, 0x00, 0x00, 0x00, 0x00, 0x00,
  0x2F, 0xFF, 0xFF, 0xF9, 0x00, 0x00, 0x00, 0x00, 0x00, 0x00, 0x01, 0xDF,
  0xFF, 0xFF, 0xB0, 0x00, 0x00, 0x00, 0x00, 0x00, 0x00, 0x0C, 0xFF, 0xFF,
  0xFD, 0x00, 0x00, 0x00, 0x00, 0x00, 0x00, 0x00, 0x9F, 0xFF, 0xFF, 0xE2,
  0x00, 0x00, 0x00, 0x00, 0x00, 0x00, 0x07, 0xFF, 0xFF, 0xFF, 0x30, 0x00,
  0x00, 0x00, 0x00, 0x00, 0x00, 0x4F, 0xFF, 0xFF, 0xF6, 0x00, 0x00, 0x00,
  0x00, 0x00, 0x00, 0x03, 0xFF, 0xFF, 0xFF, 0x80, 0x00, 0x00, 0x00, 0x00,
  0x00, 0x00, 0x1E, 0xFF, 0xFF, 0xFB, 0x00, 0x00, 0x00, 0x00, 0x00, 0x00,
  0x00, 0xCF, 0xFF, 0xFF, 0xD0, 0x00, 0x00, 0x00, 0x00, 0x00, 0x00, 0x0A,
  0xFF, 0xFF, 0xFE, 0x10, 0x00, 0x00, 0x00, 0x00, 0x00, 0x00, 0x8F, 0xFF,
  0xFF, 0xF3, 0x00, 0x00, 0x00, 0x00, 0x00, 0x00, 0x05, 0xFF, 0xFF, 0xFF,
  0x50, 0x00, 0x00, 0x00, 0x00, 0x00, 0x00, 0x3F, 0xFF, 0xFF, 0xF8, 0x00,
  0x00, 0x00, 0x00, 0x00, 0x00, 0x01, 0xEF, 0xFF, 0xFF, 0xA0, 0x00, 0x00,
  0x00, 0x00, 0x00, 0x00, 0x0D, 0xFF, 0xFF, 0xFF, 0x87, 0x77, 0x77, 0x77,
  0x77, 0x77, 0x75, 0x9F, 0xFF, 0xFF, 0xFF, 0xFF, 0xFF, 0xFF, 0xFF, 0xFF,
  0xFF, 0xFC, 0xAF, 0xFF, 0xFF, 0xFF, 0xFF, 0xFF, 0xFF, 0xFF, 0xFF, 0xFF,
  0xFC, 0xAF, 0xFF, 0xFF, 0xFF, 0xFF, 0xFF, 0xFF, 0xFF, 0xFF, 0xFF, 0xFC,
  0xAF, 0xFF, 0xFF, 0xFF, 0xFF, 0xFF, 0xFF, 0xFF, 0xFF, 0xFF, 0xFC, 0x07,
  0x77, 0x77, 0x77, 0x77, 0x21, 0xFF, 0xFF, 0xFF, 0xFF, 0xF6, 0x1F, 0xFF,
  0xFF, 0xFF, 0xFF, 0x61, 0xFF, 0xFF, 0xFF, 0xFF, 0xF6, 0x1F, 0xFF, 0xFF,
  0xFF, 0xFF, 0x61, 0xFF, 0xFF, 0xF5, 0x00, 0x00, 0x1F, 0xFF, 0xFF, 0x50,
  0x00, 0x01, 0xFF, 0xFF, 0xF5, 0x00, 0x00, 0x1F, 0xFF, 0xFF, 0x50, 0x00,
  0x01, 0xFF, 0xFF, 0xF5, 0x00, 0x00, 0x1F, 0xFF, 0xFF, 0x50, 0x00, 0x01,
  0xFF, 0xFF, 0xF5, 0x00, 0x00, 0x1F, 0xFF, 0xFF, 0x50, 0x00, 0x01, 0xFF,
  0xFF, 0xF5, 0x00, 0x00, 0x1F, 0xFF, 0xFF, 0x50, 0x00, 0x01, 0xFF, 0xFF,
  0xF5, 0x00, 0x00, 0x1F, 0xFF, 0xFF, 0x50, 0x00, 0x01, 0xFF, 0xFF, 0xF5,
  0x00, 0x00, 0x1F, 0xFF, 0xFF, 0x50, 0x00, 0x01, 0xFF, 0xFF, 0xF5, 0x00,
  0x00, 0x1F, 0xFF, 0xFF, 0x50, 0x00, 0x01, 0xFF, 0xFF, 0xF5, 0x00, 0x00,
  0x1F, 0xFF, 0xFF, 0x50, 0x00, 0x01, 0xFF, 0xFF, 0xF5, 0x00, 0x00, 0x1F,
  0xFF, 0xFF, 0x50, 0x00, 0x01, 0xFF, 0xFF, 0xF5, 0x00, 0x00, 0x1F, 0xFF,
  0xFF, 0x50, 0x00, 0x01, 0xFF, 0xFF, 0xF5, 0x00, 0x00, 0x1F, 0xFF, 0xFF,
  0xA7, 0x77, 0x21, 0xFF, 0xFF, 0xFF, 0xFF, 0xF6, 0x1F, 0xFF, 0xFF, 0xFF,
  0xFF, 0x61, 0xFF, 0xFF, 0xFF, 0xFF, 0xF6, 0x1F, 0xFF, 0xFF, 0xFF, 0xFF,
  0x60, 0x5F, 0xFF, 0xF8, 0x00, 0x00, 0x00, 0x00, 0x00, 0x00, 0xFF, 0xFF,
  0xE0, 0x00, 0x00, 0x00, 0x00, 0x00, 0x0A, 0xFF, 0xFF, 0x30, 0x00, 0x00,
  0x00, 0x00, 0x00, 0x4F, 0xFF, 0xF9, 0x00, 0x00, 0x00, 0x00, 0x00, 0x00,
  0xEF, 0xFF, 0xE0, 0x00, 0x00, 0x00, 0x00, 0x00, 0x09, 0xFF, 0xFF, 0x40,
  0x00, 0x00, 0x00, 0x00, 0x00, 0x3F, 0xFF, 0xFA, 0x00, 0x00, 0x00, 0x00,
  0x00, 0x00, 0xDF, 0xFF, 0xF0, 0x00, 0x00, 0x00, 0x00, 0x00, 0x08, 0xFF,
  0xFF, 0x50, 0x00, 0x00, 0x00, 0x00, 0x00, 0x2F, 0xFF, 0xFA, 0x00, 0x00,
  0x00, 0x00, 0x00, 0x00, 0xDF, 0xFF, 0xF0, 0x00, 0x00, 0x00, 0x00, 0x00,
  0x07, 0xFF, 0xFF, 0x60, 0x00, 0x00, 0x00, 0x00, 0x00, 0x2F, 0xFF, 0xFB,
  0x00, 0x00, 0x00, 0x00, 0x00, 0x00, 0xCF, 0xFF, 0xF1, 0x00, 0x00, 0x00,
  0x00, 0x00, 0x06, 0xFF, 0xFF, 0x60, 0x00, 0x00, 0x00, 0x00, 0x00, 0x1F,
  0xFF, 0xFC, 0x00, 0x00, 0x00, 0x00, 0x00, 0x00, 0xBF, 0xFF, 0xF2, 0x00,
  0x00, 0x00, 0x00, 0x00, 0x06, 0xFF, 0xFF, 0x70, 0x00, 0x00, 0x00, 0x00,
  0x00, 0x0F, 0xFF, 0xFD, 0x00, 0x00, 0x00, 0x00, 0x00, 0x00, 0xAF, 0xFF,
  0xF2, 0x00, 0x00, 0x00, 0x00, 0x00, 0x05, 0xFF, 0xFF, 0x80, 0x00, 0x00,
  0x00, 0x00, 0x00, 0x0F, 0xFF, 0xFE, 0x00, 0x00, 0x00, 0x00, 0x00, 0x00,
  0xAF, 0xFF, 0xF3, 0x00, 0x00, 0x00, 0x00, 0x00, 0x04, 0xFF, 0xFF, 0x90,
  0x00, 0x00, 0x00, 0x00, 0x00, 0x0E, 0xFF, 0xFE, 0x00, 0x00, 0x00, 0x00,
  0x00, 0x00, 0x9F, 0xFF, 0xF4, 0x00, 0x00, 0x00, 0x00, 0x00, 0x03, 0xFF,
  0xFF, 0xA0, 0x00, 0x00, 0x00, 0x00, 0x00, 0x0D, 0xFF, 0xFF, 0x00, 0x00,
  0x00, 0x00, 0x00, 0x00, 0x8F, 0xFF, 0xF5, 0x00, 0x00, 0x00, 0x00, 0x00,
  0x02, 0xFF, 0xFF, 0xA0, 0x00, 0x00, 0x00, 0x00, 0x00, 0x0D, 0xFF, 0xFF,
  0x00, 0x00, 0x00, 0x00, 0x00, 0x00, 0x7F, 0xFF, 0xF6, 0x00, 0x00, 0x00,
  0x00, 0x00, 0x02, 0xFF, 0xFF, 0xB0, 0x37, 0x77, 0x77, 0x77, 0x77, 0x7F,
  0xFF, 0xFF, 0xFF, 0xFF, 0x7F, 0xFF, 0xFF, 0xFF, 0xFF, 0x7F, 0xFF, 0xFF,
  0xFF, 0xFF, 0x7F, 0xFF, 0xFF, 0xFF, 0xFF, 0x00, 0x00, 0x7F, 0xFF, 0xFF,
  0x00, 0x00, 0x7F, 0xFF, 0xFF, 0x00, 0x00, 0x7F, 0xFF, 0xFF, 0x00, 0x00,
  0x7F, 0xFF, 0xFF, 0x00, 0x00, 0x7F, 0xFF, 0xFF, 0x00, 0x00, 0x7F, 0xFF,
  0xFF, 0x00, 0x00, 0x7F, 0xFF, 0xFF, 0x00, 0x00, 0x7F, 0xFF, 0xFF, 0x00,
  0x00, 0x7F, 0xFF, 0xFF, 0x00, 0x00, 0x7F, 0xFF, 0xFF, 0x00, 0x00, 0x7F,
  0xFF, 0xFF, 0x00, 0x00, 0x7F, 0xFF, 0xFF, 0x00, 0x00, 0x7F, 0xFF, 0xFF,
  0x00, 0x00, 0x7F, 0xFF, 0xFF, 0x00, 0x00, 0x7F, 0xFF, 0xFF, 0x00, 0x00,
  0x7F, 0xFF, 0xFF, 0x00, 0x00, 0x7F, 0xFF, 0xFF, 0x00, 0x00, 0x7F, 0xFF,
  0xFF, 0x00, 0x00, 0x7F, 0xFF, 0xFF, 0x00, 0x00, 0x7F, 0xFF, 0xFF, 0x00,
  0x00, 0x7F, 0xFF, 0xFF, 0x00, 0x00, 0x7F, 0xFF, 0xFF, 0x00, 0x00, 0x7F,
  0xFF, 0xFF, 0x37, 0x77, 0xBF, 0xFF, 0xFF, 0x7F, 0xFF, 0xFF, 0xFF, 0xFF,
  0x7F, 0xFF, 0xFF, 0xFF, 0xFF, 0x7F, 0xFF, 0xFF, 0xFF, 0xFF, 0x7F, 0xFF,
  0xFF, 0xFF, 0xFF, 0x00, 0x00, 0x00, 0x68, 0x88, 0x60, 0x00, 0x00, 0x00,
  0x00, 0x00, 0x1F, 0xFF, 0xFF, 0x20, 0x00, 0x00, 0x00, 0x00, 0x08, 0xFF,
  0xFF, 0xF9, 0x00, 0x00, 0x00, 0x00, 0x00, 0xEF, 0xFF, 0xFF, 0xF0, 0x00,
  0x00, 0x00, 0x00, 0x6F, 0xFF, 0xFF, 0xFF, 0x70, 0x00, 0x00, 0x00, 0x0D,
  0xFF, 0xF7, 0xFF, 0xFD, 0x00, 0x00, 0x00, 0x04, 0xFF, 0xFC, 0x0C, 0xFF,
  0xF4, 0x00, 0x00, 0x00, 0xBF, 0xFF, 0x60, 0x6F, 0xFF, 0xB0, 0x00, 0x00,
  0x2F, 0xFF, 0xE0, 0x00, 0xEF, 0xFF, 0x20, 0x00, 0x09, 0xFF, 0xF8, 0x00,
  0x08, 0xFF, 0xF9, 0x00, 0x01, 0xFF, 0xFF, 0x10, 0x00, 0x1F, 0xFF, 0xF1,
  0x00, 0x7F, 0xFF, 0xA0, 0x00, 0x00, 0xAF, 0xFF, 0x70, 0x0E, 0xFF, 0xF3,
  0x00, 0x00, 0x04, 0xFF, 0xFE, 0x05, 0xFF, 0xFD, 0x00, 0x00, 0x00, 0x0D,
  0xFF, 0xF5, 0xCF, 0xFF, 0x60, 0x00, 0x00, 0x00, 0x6F, 0xFF, 0xC0, 0xFF,
  0xFF, 0xFF, 0xFF, 0xFF, 0xFF, 0xFF, 0xFF, 0xF8, 0xFF, 0xFF, 0xFF, 0xFF,
  0xFF, 0xFF, 0xFF, 0xFF, 0xF8, 0xFF, 0xFF, 0xFF, 0xFF, 0xFF, 0xFF, 0xFF,
  0xFF, 0xF8, 0x5F, 0xFF, 0xFF, 0x60, 0x00, 0x00, 0x2D, 0xFF, 0xFF, 0x60,
  0x00, 0x00, 0x0B, 0xFF, 0xFF, 0x50, 0x00, 0x00, 0x07, 0xFF, 0xFF, 0x40,
  0x00, 0x00, 0x04, 0xEF, 0xFF, 0x30, 0x00, 0x00, 0x48, 0xCE, 0xFF, 0xEC,
  0x94, 0x00, 0x00, 0x00, 0x08, 0xEF, 0xFF, 0xFF, 0xFF, 0xFF, 0xFC, 0x20,
  0x00, 0x0C, 0xFF, 0xFF, 0xFF, 0xFF, 0xFF, 0xFF, 0xFF, 0x30, 0x00, 0x6F,
  0xFF, 0xFF, 0xFF, 0xFF, 0xFF, 0xFF, 0xFE, 0x10, 0x00, 0xDF, 0xFE, 0xA8,
  0x78, 0xCF, 0xFF, 0xFF, 0xF8, 0x00, 0x06, 0xC4, 0x00, 0x00, 0x00, 0x5F,
  0xFF, 0xFF, 0xD0, 0x00, 0x00, 0x00, 0x00, 0x00, 0x00, 0x9F, 0xFF, 0xFF,
  0x00, 0x00, 0x00, 0x00, 0x00, 0x00, 0x05, 0xFF, 0xFF, 0xF1, 0x00, 0x03,
  0x8C, 0xEF, 0xFF, 0xFF, 0xFF, 0xFF, 0xFF, 0x20, 0x0A, 0xFF, 0xFF, 0xFF,
  0xFF, 0xFF, 0xFF, 0xFF, 0xF3, 0x0B, 0xFF, 0xFF, 0xFF, 0xFF, 0xFF, 0xFF,
  0xFF, 0xFF, 0x34, 0xFF, 0xFF, 0xF8, 0x20, 0x00, 0x04, 0xFF, 0xFF, 0xF3,
  0x9F, 0xFF, 0xFB, 0x00, 0x00, 0x00, 0x4F, 0xFF, 0xFF, 0x3A, 0xFF, 0xFF,
  0xC0, 0x00, 0x00, 0x0C, 0xFF, 0xFF, 0xF3, 0x9F, 0xFF, 0xFF, 0x92, 0x01,
  0x5C, 0xFF, 0xFF, 0xFF, 0x34, 0xFF, 0xFF, 0xFF, 0xFF, 0xFF, 0xFF, 0xFF,
  0xFF, 0xF3, 0x0B, 0xFF, 0xFF, 0xFF, 0xFF, 0xFF, 0xDF, 0xFF, 0xFF, 0x30,
  0x0A, 0xFF, 0xFF, 0xFF, 0xFF, 0xD2, 0xFF, 0xFF, 0xF3, 0x00, 0x03, 0x9D,
  0xFF, 0xEB, 0x60, 0x0F, 0xFF, 0xFF, 0x30, 0x7F, 0xFF, 0xFF, 0x00, 0x00,
  0x00, 0x00, 0x00, 0x00, 0x00, 0x00, 0x7F, 0xFF, 0xFF, 0x00, 0x00, 0x00,
  0x00, 0x00, 0x00, 0x00, 0x00, 0x7F, 0xFF, 0xFF, 0x00, 0x00, 0x00, 0x00,
  0x00, 0x00, 0x00, 0x00, 0x7F, 0xFF, 0xFF, 0x00, 0x00, 0x00, 0x00, 0x00,
  0x00, 0x00, 0x00, 0x7F, 0xFF, 0xFF, 0x00, 0x00, 0x00, 0x00, 0x00, 0x00,
  0x00, 0x00, 0x7F, 0xFF, 0xFF, 0x00, 0x00, 0x00, 0x00, 0x00, 0x00, 0x00,
  0x00, 0x7F, 0xFF, 0xFF, 0x00, 0x00, 0x00, 0x00, 0x00, 0x00, 0x00, 0x00,
  0x7F, 0xFF, 0xFF, 0x00, 0x6B, 0xEF, 0xFD, 0x93, 0x00, 0x00, 0x00, 0x7F,
  0xFF, 0xFF, 0x3E, 0xFF, 0xFF, 0xFF, 0xFF, 0xB1, 0x00, 0x00, 0x7F, 0xFF,
  0xFF, 0xFF, 0xFF, 0xFF, 0xFF, 0xFF, 0xFE, 0x30, 0x00, 0x7F, 0xFF, 0xFF,
  0xFF, 0xFF, 0xFF, 0xFF, 0xFF, 0xFF, 0xE1, 0x00, 0x7F, 0xFF, 0xFF, 0xFF,
  0xE9, 0x78, 0xCF, 0xFF, 0xFF, 0xFC, 0x00, 0x7F, 0xFF, 0xFF, 0xFA, 0x00,
  0x00, 0x05, 0xFF, 0xFF, 0xFF, 0x40, 0x7F, 0xFF, 0xFF, 0xB0, 0x00, 0x00,
  0x00, 0x5F, 0xFF, 0xFF, 0x90, 0x7F, 0xFF, 0xFF, 0x30, 0x00, 0x00, 0x00,
  0x0D, 0xFF, 0xFF, 0xD0, 0x7F, 0xFF, 0xFF, 0x00, 0x00, 0x00, 0x00, 0x09,
  0xFF, 0xFF, 0xF0, 0x7F, 0xFF, 0xFE, 0x00, 0x00, 0x00, 0x00, 0x08, 0xFF,
  0xFF, 0xF0, 0x7F, 0xFF, 0xFF, 0x00, 0x00, 0x00, 0x00, 0x09, 0xFF, 0xFF,
  0xF0, 0x7F, 0xFF, 0xFF, 0x30, 0x00, 0x00, 0x00, 0x0D, 0xFF, 0xFF, 0xD0,
  0x7F, 0xFF, 0xFF, 0xB0, 0x00, 0x00, 0x00, 0x5F, 0xFF, 0xFF, 0x90, 0x7F,
  0xFF, 0xFF, 0xFA, 0x00, 0x00, 0x05, 0xFF, 0xFF, 0xFF, 0x40, 0x7F, 0xFF,
  0xFF, 0xFF, 0xE9, 0x78, 0xCF, 0xFF, 0xFF, 0xFC, 0x00, 0x7F, 0xFF, 0xFF,
  0xFF, 0xFF, 0xFF, 0xFF, 0xFF, 0xFF, 0xE1, 0x00, 0x7F, 0xFF, 0xFF, 0xFF,
  0xFF, 0xFF, 0xFF, 0xFF, 0xFE, 0x30, 0x00, 0x7F, 0xFF, 0xFB, 0x5F, 0xFF,
  0xFF, 0xFF, 0xFF, 0xC1, 0x00, 0x00, 0x7F, 0xFF, 0xFB, 0x01, 0x7C, 0xEF,
  0xFD, 0x94, 0x00, 0x00, 0x00, 0x00, 0x00, 0x00, 0x59, 0xDF, 0xFF, 0xDA,
  0x50, 0x00, 0x00, 0x00, 0x00, 0x5E, 0xFF, 0xFF, 0xFF, 0xFF, 0xFD, 0x40,
  0x00, 0x00, 0x0A, 0xFF, 0xFF, 0xFF, 0xFF, 0xFF, 0xFF, 0xF6, 0x00, 0x00,
  0xBF, 0xFF, 0xFF, 0xFF, 0xFF, 0xFF, 0xFF, 0xFF, 0x40, 0x07, 0xFF, 0xFF,
  0xFF, 0xE9, 0x79, 0xEF, 0xFF, 0xFF, 0xD0, 0x1F, 0xFF, 0xFF, 0xF7, 0x00,
  0x00, 0x07, 0xFF, 0xF9, 0x10, 0x6F, 0xFF, 0xFF, 0x80, 0x00, 0x00, 0x00,
  0x8A, 0x20, 0x00, 0xAF, 0xFF, 0xFF, 0x00, 0x00, 0x00, 0x00, 0x00, 0x00,
  0x00, 0xDF, 0xFF, 0xFB, 0x00, 0x00, 0x00, 0x00, 0x00, 0x00, 0x00, 0xDF,
  0xFF, 0xFA, 0x00, 0x00, 0x00, 0x00, 0x00, 0x00, 0x00, 0xDF, 0xFF, 0xFB,
  0x00, 0x00, 0x00, 0x00, 0x00, 0x00, 0x00, 0xAF, 0xFF, 0xFF, 0x00, 0x00,
  0x00, 0x00, 0x00, 0x00, 0x00, 0x6F, 0xFF, 0xFF, 0x70, 0x00, 0x00, 0x00,
  0x89, 0x10, 0x00, 0x1F, 0xFF, 0xFF, 0xF7, 0x00, 0x00, 0x07, 0xFF, 0xF8,
  0x10, 0x07, 0xFF, 0xFF, 0xFF, 0xD9, 0x79, 0xDF, 0xFF, 0xFF, 0xD0, 0x00,
  0xBF, 0xFF, 0xFF, 0xFF, 0xFF, 0xFF, 0xFF, 0xFF, 0x40, 0x00, 0x0A, 0xFF,
  0xFF, 0xFF, 0xFF, 0xFF, 0xFF, 0xF7, 0x00, 0x00, 0x00, 0x6E, 0xFF, 0xFF,
  0xFF, 0xFF, 0xFD, 0x40, 0x00, 0x00, 0x00, 0x00, 0x59, 0xDF, 0xFF, 0xDA,
  0x50, 0x00, 0x00, 0x00, 0x00, 0x00, 0x00, 0x00, 0x00, 0x00, 0x0C, 0xFF,
  0xFF, 0xB0, 0x00, 0x00, 0x00, 0x00, 0x00, 0x00, 0x00, 0xCF, 0xFF, 0xFB,
  0x00, 0x00, 0x00, 0x00, 0x00, 0x00, 0x00, 0x0C, 0xFF, 0xFF, 0xB0, 0x00,
  0x00, 0x00, 0x00, 0x00, 0x00, 0x00, 0xCF, 0xFF, 0xFB, 0x00, 0x00, 0x00,
  0x00, 0x00, 0x00, 0x00, 0x0C, 0xFF, 0xFF, 0xB0, 0x00, 0x00, 0x00, 0x00,
  0x00, 0x00, 0x00, 0xCF, 0xFF, 0xFB, 0x00, 0x00, 0x00, 0x00, 0x00, 0x00,
  0x00, 0x0C, 0xFF, 0xFF, 0xB0, 0x00, 0x00, 0x28, 0xCE, 0xFE, 0xC7, 0x10,
  0xCF, 0xFF, 0xFB, 0x00, 0x00, 0x9F, 0xFF, 0xFF, 0xFF, 0xFF, 0x5C, 0xFF,
  0xFF, 0xB0, 0x01, 0xDF, 0xFF, 0xFF, 0xFF, 0xFF, 0xFF, 0xFF, 0xFF, 0xFB,
  0x00, 0xCF, 0xFF, 0xFF, 0xFF, 0xFF, 0xFF, 0xFF, 0xFF, 0xFF, 0xB0, 0x9F,
  0xFF, 0xFF, 0xFE, 0x97, 0x9D, 0xFF, 0xFF, 0xFF, 0xFB, 0x1F, 0xFF, 0xFF,
  0xF7, 0x00, 0x00, 0x07, 0xFF, 0xFF, 0xFF, 0xB6, 0xFF, 0xFF, 0xF8, 0x00,
  0x00, 0x00, 0x08, 0xFF, 0xFF, 0xFB, 0xAF, 0xFF, 0xFF, 0x10, 0x00, 0x00,
  0x00, 0x0F, 0xFF, 0xFF, 0xBC, 0xFF, 0xFF, 0xC0, 0x00, 0x00, 0x00, 0x00,
  0xCF, 0xFF, 0xFB, 0xCF, 0xFF, 0xFB, 0x00, 0x00, 0x00, 0x00, 0x0A, 0xFF,
  0xFF, 0xBC, 0xFF, 0xFF, 0xC0, 0x00, 0x00, 0x00, 0x00, 0xCF, 0xFF, 0xFB,
  0xAF, 0xFF, 0xFF, 0x10, 0x00, 0x00, 0x00, 0x0F, 0xFF, 0xFF, 0xB6, 0xFF,
  0xFF, 0xF9, 0x00, 0x00, 0x00, 0x08, 0xFF, 0xFF, 0xFB, 0x1F, 0xFF, 0xFF,
  0xF7, 0x00, 0x00, 0x07, 0xFF, 0xFF, 0xFF, 0xB0, 0x8F, 0xFF, 0xFF, 0xFE,
  0x97, 0x9D, 0xFF, 0xFF, 0xFF, 0xFB, 0x00, 0xCF, 0xFF, 0xFF, 0xFF, 0xFF,
  0xFF, 0xFF, 0xFF, 0xFF, 0xB0, 0x01, 0xDF, 0xFF, 0xFF, 0xFF, 0xFF, 0xFF,
  0xFF, 0xFF, 0xFB, 0x00, 0x00, 0x9F, 0xFF, 0xFF, 0xFF, 0xFF, 0x88, 0xFF,
  0xFF, 0xB0, 0x00, 0x00, 0x28, 0xCE, 0xFE, 0xD9, 0x20, 0x8F, 0xFF, 0xFB,
  0x00, 0x00, 0x00, 0x6B, 0xDF, 0xFE, 0xC7, 0x20, 0x00, 0x00, 0x00, 0x00,
  0x6F, 0xFF, 0xFF, 0xFF, 0xFF, 0xF9, 0x00, 0x00, 0x00, 0x0B, 0xFF, 0xFF,
  0xFF, 0xFF, 0xFF, 0xFF, 0xD2, 0x00, 0x00, 0xAF, 0xFF, 0xFF, 0xFF, 0xFF,
  0xFF, 0xFF, 0xFD, 0x00, 0x07, 0xFF, 0xFF, 0xFF, 0xC9, 0x8A, 0xFF, 0xFF,
  0xFF, 0xA0, 0x1F, 0xFF, 0xFF, 0xE3, 0x00, 0x00, 0x1A, 0xFF, 0xFF, 0xF2,
  0x6F, 0xFF, 0xFF, 0x30, 0x00, 0x00, 0x00, 0xCF, 0xFF, 0xF8, 0xAF, 0xFF,
  0xFC, 0x00, 0x00, 0x00, 0x00, 0x5F, 0xFF, 0xFC, 0xDF, 0xFF, 0xFF, 0xFF,
  0xFF, 0xFF, 0xFF, 0xFF, 0xFF, 0xFE, 0xDF, 0xFF, 0xFF, 0xFF, 0xFF, 0xFF,
  0xFF, 0xFF, 0xFF, 0xFF, 0xDF, 0xFF, 0xFF, 0xFF, 0xFF, 0xFF, 0xFF, 0xFF,
  0xFF, 0xFE, 0xAF, 0xFF, 0xFD, 0x00, 0x00, 0x00, 0x00, 0x00, 0x00, 0x00,
  0x6F, 0xFF, 0xFF, 0x60, 0x00, 0x00, 0x00, 0x00, 0x00, 0x00, 0x1F, 0xFF,
  0xFF, 0xF7, 0x00, 0x00, 0x00, 0x5E, 0x50, 0x00, 0x07, 0xFF, 0xFF, 0xFF,
  0xEA, 0x88, 0x9D, 0xFF, 0xF5, 0x00, 0x00, 0xBF, 0xFF, 0xFF, 0xFF, 0xFF,
  0xFF, 0xFF, 0xFF, 0x40, 0x00, 0x0A, 0xFF, 0xFF, 0xFF, 0xFF, 0xFF, 0xFF,
  0xFD, 0x20, 0x00, 0x00, 0x5E, 0xFF, 0xFF, 0xFF, 0xFF, 0xFF, 0x91, 0x00,
  0x00, 0x00, 0x00, 0x49, 0xCE, 0xFF, 0xDB, 0x72, 0x00, 0x00, 0x00, 0x00,
  0x00, 0x39, 0xDE, 0xFE, 0xC7, 0x10, 0x00, 0x00, 0x9F, 0xFF, 0xFF, 0xFF,
  0xF7, 0x00, 0x00, 0x9F, 0xFF, 0xFF, 0xFF, 0xFF, 0x10, 0x00, 0x3F, 0xFF,
  0xFF, 0xFF, 0xFF, 0xB0, 0x00, 0x09, 0xFF, 0xFF, 0xFC, 0x88, 0xB5, 0x00,
  0x00, 0xCF, 0xFF, 0xFC, 0x00, 0x00, 0x00, 0x00, 0x0C, 0xFF, 0xFF, 0x80,
  0x00, 0x00, 0x0B, 0xFF, 0xFF, 0xFF, 0xFF, 0xFF, 0xFF, 0x50, 0xBF, 0xFF,
  0xFF, 0xFF, 0xFF, 0xFF, 0xF5, 0x0B, 0xFF, 0xFF, 0xFF, 0xFF, 0xFF, 0xFF,
  0x50, 0xBF, 0xFF, 0xFF, 0xFF, 0xFF, 0xFF, 0xF5, 0x05, 0x77, 0xEF, 0xFF,
  0xFC, 0x77, 0x77, 0x20, 0x00, 0x0D, 0xFF, 0xFF, 0xA0, 0x00, 0x00, 0x00,
  0x00, 0xDF, 0xFF, 0xFA, 0x00, 0x00, 0x00, 0x00, 0x0D, 0xFF, 0xFF, 0xA0,
  0x00, 0x00, 0x00, 0x00, 0xDF, 0xFF, 0xFA, 0x00, 0x00, 0x00, 0x00, 0x0D,
  0xFF, 0xFF, 0xA0, 0x00, 0x00, 0x00, 0x00, 0xDF, 0xFF, 0xFA, 0x00, 0x00,
  0x00, 0x00, 0x0D, 0xFF, 0xFF, 0xA0, 0x00, 0x00, 0x00, 0x00, 0xDF, 0xFF,
  0xFA, 0x00, 0x00, 0x00, 0x00, 0x0D, 0xFF, 0xFF, 0xA0, 0x00, 0x00, 0x00,
  0x00, 0xDF, 0xFF, 0xFA, 0x00, 0x00, 0x00, 0x00, 0x0D, 0xFF, 0xFF, 0xA0,
  0x00, 0x00, 0x00, 0x00, 0xDF, 0xFF, 0xFA, 0x00, 0x00, 0x00, 0x00, 0x0D,
  0xFF, 0xFF, 0xA0, 0x00, 0x00, 0x00, 0x00, 0xDF, 0xFF, 0xFA, 0x00, 0x00,
  0x00, 0x00, 0x00, 0x03, 0x8C, 0xFF, 0xEC, 0x82, 0x03, 0xFF, 0xFF, 0xF0,
  0x00, 0x1A, 0xFF, 0xFF, 0xFF, 0xFF, 0xF8, 0x3F, 0xFF, 0xFF, 0x00, 0x2E,
  0xFF, 0xFF, 0xFF, 0xFF, 0xFF, 0xFD, 0xFF, 0xFF, 0xF0, 0x1E, 0xFF, 0xFF,
  0xFF, 0xFF, 0xFF, 0xFF, 0xFF, 0xFF, 0xFF, 0x0B, 0xFF, 0xFF, 0xFF, 0xD9,
  0x78, 0xCF, 0xFF, 0xFF, 0xFF, 0xF3, 0xFF, 0xFF, 0xFF, 0x60, 0x00, 0x00,
  0x4E, 0xFF, 0xFF, 0xFF, 0x8F, 0xFF, 0xFF, 0x60, 0x00, 0x00, 0x00, 0x3F,
  0xFF, 0xFF, 0xFC, 0xFF, 0xFF, 0xE0, 0x00, 0x00, 0x00, 0x00, 0xBF, 0xFF,
  0xFF, 0xDF, 0xFF, 0xFB, 0x00, 0x00, 0x00, 0x00, 0x07, 0xFF, 0xFF, 0xFD,
  0xFF, 0xFF, 0xB0, 0x00, 0x00, 0x00, 0x00, 0x7F, 0xFF, 0xFF, 0xCF, 0xFF,
  0xFE, 0x00, 0x00, 0x00, 0x00, 0x0B, 0xFF, 0xFF, 0xF8, 0xFF, 0xFF, 0xF6,
  0x00, 0x00, 0x00, 0x03, 0xFF, 0xFF, 0xFF, 0x3F, 0xFF, 0xFF, 0xF6, 0x00,
  0x00, 0x04, 0xEF, 0xFF, 0xFF, 0xF0, 0xBF, 0xFF, 0xFF, 0xFD, 0x97, 0x8C,
  0xFF, 0xFF, 0xFF, 0xFF, 0x01, 0xEF, 0xFF, 0xFF, 0xFF, 0xFF, 0xFF, 0xFF,
  0xFF, 0xFF, 0xF0, 0x03, 0xEF, 0xFF, 0xFF, 0xFF, 0xFF, 0xFF, 0xFF, 0xFF,
  0xFE, 0x00, 0x01, 0xAF, 0xFF, 0xFF, 0xFF, 0xFF, 0x88, 0xFF, 0xFF, 0xE0,
  0x00, 0x00, 0x39, 0xCF, 0xFE, 0xC8, 0x20, 0x9F, 0xFF, 0xFD, 0x00, 0x00,
  0x00, 0x00, 0x00, 0x00, 0x00, 0x0D, 0xFF, 0xFF, 0xB0, 0x00, 0x40, 0x00,
  0x00, 0x00, 0x00, 0x04, 0xFF, 0xFF, 0xF7, 0x00, 0x4F, 0xC5, 0x00, 0x00,
  0x00, 0x04, 0xEF, 0xFF, 0xFF, 0x20, 0x0C, 0xFF, 0xFF, 0xC9, 0x87, 0x9D,
  0xFF, 0xFF, 0xFF, 0xA0, 0x05, 0xFF, 0xFF, 0xFF, 0xFF, 0xFF, 0xFF, 0xFF,
  0xFF, 0xE2, 0x00, 0x8F, 0xFF, 0xFF, 0xFF, 0xFF, 0xFF, 0xFF, 0xFF, 0xE3,
  0x00, 0x00, 0x3B, 0xFF, 0xFF, 0xFF, 0xFF, 0xFF, 0xFF, 0xA1, 0x00, 0x00,
  0x00, 0x01, 0x69, 0xCE, 0xFF, 0xED, 0xA7, 0x10, 0x00, 0x00, 0x7F, 0xFF,
  0xFF, 0x00, 0x00, 0x00, 0x00, 0x00, 0x00, 0x00, 0x7F, 0xFF, 0xFF, 0x00,
  0x00, 0x00, 0x00, 0x00, 0x00, 0x00, 0x7F, 0xFF, 0xFF, 0x00, 0x00, 0x00,
  0x00, 0x00, 0x00, 0x00, 0x7F, 0xFF, 0xFF, 0x00, 0x00, 0x00, 0x00, 0x00,
  0x00, 0x00, 0x7F, 0xFF, 0xFF, 0x00, 0x00, 0x00, 0x00, 0x00, 0x00, 0x00,
  0x7F, 0xFF, 0xFF, 0x00, 0x00, 0x00, 0x00, 0x00, 0x00, 0x00, 0x7F, 0xFF,
  0xFF, 0x00, 0x00, 0x00, 0x00, 0x00, 0x00, 0x00, 0x7F, 0xFF, 0xFF, 0x00,
  0x5A, 0xEF, 0xFD, 0xA4, 0x00, 0x00, 0x7F, 0xFF, 0xFF, 0x3E, 0xFF, 0xFF,
  0xFF, 0xFF, 0xB1, 0x00, 0x7F, 0xFF, 0xFF, 0xFF, 0xFF, 0xFF, 0xFF, 0xFF,
  0xFD, 0x00, 0x7F, 0xFF, 0xFF, 0xFF, 0xFF, 0xFF, 0xFF, 0xFF, 0xFF, 0xA0,
  0x7F, 0xFF, 0xFF, 0xFF, 0xE9, 0x79, 0xEF, 0xFF, 0xFF, 0xF2, 0x7F, 0xFF,
  0xFF, 0xF8, 0x00, 0x00, 0x0C, 0xFF, 0xFF, 0xF7, 0x7F, 0xFF, 0xFF, 0xB0,
  0x00, 0x00, 0x02, 0xFF, 0xFF, 0xFA, 0x7F, 0xFF, 0xFF, 0x40, 0x00, 0x00,
  0x00, 0xDF, 0xFF, 0xFB, 0x7F, 0xFF, 0xFF, 0x10, 0x00, 0x00, 0x00, 0xBF,
  0xFF, 0xFC, 0x7F, 0xFF, 0xFF, 0x00, 0x00, 0x00, 0x00, 0xBF, 0xFF, 0xFC,
  0x7F, 0xFF, 0xFF, 0x00, 0x00, 0x00, 0x00, 0xBF, 0xFF, 0xFC, 0x7F, 0xFF,
  0xFF, 0x00, 0x00, 0x00, 0x00, 0xBF, 0xFF, 0xFC, 0x7F, 0xFF, 0xFF, 0x00,
  0x00, 0x00, 0x00, 0xBF, 0xFF, 0xFC, 0x7F, 0xFF, 0xFF, 0x00, 0x00, 0x00,
  0x00, 0xBF, 0xFF, 0xFC, 0x7F, 0xFF, 0xFF, 0x00, 0x00, 0x00, 0x00, 0xBF,
  0xFF, 0xFC, 0x7F, 0xFF, 0xFF, 0x00, 0x00, 0x00, 0x00, 0xBF, 0xFF, 0xFC,
  0x7F, 0xFF, 0xFF, 0x00, 0x00, 0x00, 0x00, 0xBF, 0xFF, 0xFC, 0x7F, 0xFF,
  0xFF, 0x00, 0x00, 0x00, 0x00, 0xBF, 0xFF, 0xFC, 0x7F, 0xFF, 0xFF, 0x00,
  0x00, 0x00, 0x00, 0xBF, 0xFF, 0xFC, 0x00, 0x8E, 0xFC, 0x40, 0x0A, 0xFF,
  0xFF, 0xF3, 0x0F, 0xFF, 0xFF, 0xF8, 0x0F, 0xFF, 0xFF, 0xF8, 0x0A, 0xFF,
  0xFF, 0xF2, 0x00, 0x8E, 0xFC, 0x40, 0x00, 0x00, 0x00, 0x00, 0x00, 0x00,
  0x00, 0x00, 0x07, 0xFF, 0xFF, 0xF0, 0x07, 0xFF, 0xFF, 0xF0, 0x07, 0xFF,
  0xFF, 0xF0, 0x07, 0xFF, 0xFF, 0xF0, 0x07, 0xFF, 0xFF, 0xF0, 0x07, 0xFF,
  0xFF, 0xF0, 0x07, 0xFF, 0xFF, 0xF0, 0x07, 0xFF, 0xFF, 0xF0, 0x07, 0xFF,
  0xFF, 0xF0, 0x07, 0xFF, 0xFF, 0xF0, 0x07, 0xFF, 0xFF, 0xF0, 0x07, 0xFF,
  0xFF, 0xF0, 0x07, 0xFF, 0xFF, 0xF0, 0x07, 0xFF, 0xFF, 0xF0, 0x07, 0xFF,
  0xFF, 0xF0, 0x07, 0xFF, 0xFF, 0xF0, 0x07, 0xFF, 0xFF, 0xF0, 0x07, 0xFF,
  0xFF, 0xF0, 0x07, 0xFF, 0xFF, 0xF0, 0x00, 0x00, 0x00, 0x06, 0xDF, 0xD6,
  0x00, 0x00, 0x00, 0x06, 0xFF, 0xFF, 0xF6, 0x00, 0x00, 0x00, 0xCF, 0xFF,
  0xFF, 0xC0, 0x00, 0x00, 0x0C, 0xFF, 0xFF, 0xFC, 0x00, 0x00, 0x00, 0x6F,
  0xFF, 0xFF, 0x60, 0x00, 0x00, 0x00, 0x6D, 0xFD, 0x60, 0x00, 0x00, 0x00,
  0x00, 0x00, 0x00, 0x00, 0x00, 0x00, 0x00, 0x00, 0x00, 0x00, 0x00, 0x00,
  0x00, 0x3F, 0xFF, 0xFF, 0x30, 0x00, 0x00, 0x03, 0xFF, 0xFF, 0xF3, 0x00,
  0x00, 0x00, 0x3F, 0xFF, 0xFF, 0x30, 0x00, 0x00, 0x03, 0xFF, 0xFF, 0xF3,
  0x00, 0x00, 0x00, 0x3F, 0xFF, 0xFF, 0x30, 0x00, 0x00, 0x03, 0xFF, 0xFF,
  0xF3, 0x00, 0x00, 0x00, 0x3F, 0xFF, 0xFF, 0x30, 0x00, 0x00, 0x03, 0xFF,
  0xFF, 0xF3, 0x00, 0x00, 0x00, 0x3F, 0xFF, 0xFF, 0x30, 0x00, 0x00, 0x03,
  0xFF, 0xFF, 0xF3, 0x00, 0x00, 0x00, 0x3F, 0xFF, 0xFF, 0x30, 0x00, 0x00,
  0x03, 0xFF, 0xFF, 0xF3, 0x00, 0x00, 0x00, 0x3F, 0xFF, 0xFF, 0x30, 0x00,
  0x00, 0x03, 0xFF, 0xFF, 0xF3, 0x00, 0x00, 0x00, 0x3F, 0xFF, 0xFF, 0x30,
  0x00, 0x00, 0x03, 0xFF, 0xFF, 0xF3, 0x00, 0x00, 0x00, 0x3F, 0xFF, 0xFF,
  0x30, 0x00, 0x00, 0x03, 0xFF, 0xFF, 0xF3, 0x00, 0x00, 0x00, 0x3F, 0xFF,
  0xFF, 0x30, 0x00, 0x00, 0x05, 0xFF, 0xFF, 0xF2, 0x00, 0x00, 0x00, 0xAF,
  0xFF, 0xFF, 0x10, 0x0E, 0x98, 0xBF, 0xFF, 0xFF, 0xD0, 0x05, 0xFF, 0xFF,
  0xFF, 0xFF, 0xF6, 0x00, 0xBF, 0xFF, 0xFF, 0xFF, 0xFC, 0x00, 0x1F, 0xFF,
  0xFF, 0xFF, 0xFC, 0x10, 0x00, 0x5A, 0xDF, 0xFE, 0xA5, 0x00, 0x00, 0x7F,
  0xFF, 0xFF, 0x00, 0x00, 0x00, 0x00, 0x00, 0x00, 0x00, 0x00, 0x7F, 0xFF,
  0xFF, 0x00, 0x00, 0x00, 0x00, 0x00, 0x00, 0x00, 0x00, 0x7F, 0xFF, 0xFF,
  0x00, 0x00, 0x00, 0x00, 0x00, 0x00, 0x00, 0x00, 0x7F, 0xFF, 0xFF, 0x00,
  0x00, 0x00, 0x00, 0x00, 0x00, 0x00, 0x00, 0x7F, 0xFF, 0xFF, 0x00, 0x00,
  0x00, 0x00, 0x00, 0x00, 0x00, 0x00, 0x7F, 0xFF, 0xFF, 0x00, 0x00, 0x00,
  0x00, 0x00, 0x00, 0x00, 0x00, 0x7F, 0xFF, 0xFF, 0x00, 0x00, 0x00, 0x00,
  0x00, 0x00, 0x00, 0x00, 0x7F, 0xFF, 0xFF, 0x00, 0x00, 0x00, 0x08, 0xFF,
  0xFF, 0xFE, 0x10, 0x7F, 0xFF, 0xFF, 0x00, 0x00, 0x00, 0x9F, 0xFF, 0xFF,
  0xE2, 0x00, 0x7F, 0xFF, 0xFF, 0x00, 0x00, 0x09, 0xFF, 0xFF, 0xFE, 0x20,
  0x00, 0x7F, 0xFF, 0xFF, 0x00, 0x00, 0xAF, 0xFF, 0xFF, 0xE3, 0x00, 0x00,
  0x7F, 0xFF, 0xFF, 0x00, 0x0A, 0xFF, 0xFF, 0xFF, 0x30, 0x00, 0x00, 0x7F,
  0xFF, 0xFF, 0x00, 0xAF, 0xFF, 0xFF, 0xF3, 0x00, 0x00, 0x00, 0x7F, 0xFF,
  0xFF, 0x0B, 0xFF, 0xFF, 0xFF, 0x40, 0x00, 0x00, 0x00, 0x7F, 0xFF, 0xFF,
  0xBF, 0xFF, 0xFF, 0xF5, 0x00, 0x00, 0x00, 0x00, 0x7F, 0xFF, 0xFF, 0xFF,
  0xFF, 0xFF, 0xD0, 0x00, 0x00, 0x00, 0x00, 0x7F, 0xFF, 0xFF, 0xFF, 0xFF,
  0xFF, 0xFA, 0x00, 0x00, 0x00, 0x00, 0x7F, 0xFF, 0xFF, 0xFF, 0xFF, 0xFF,
  0xFF, 0x70, 0x00, 0x00, 0x00, 0x7F, 0xFF, 0xFF, 0xFF, 0xEF, 0xFF, 0xFF,
  0xF3, 0x00, 0x00, 0x00, 0x7F, 0xFF, 0xFF, 0xFB, 0x0B, 0xFF, 0xFF, 0xFE,
  0x10, 0x00, 0x00, 0x7F, 0xFF, 0xFF, 0xB0, 0x00, 0xDF, 0xFF, 0xFF, 0xC0,
  0x00, 0x00, 0x7F, 0xFF, 0xFF, 0x00, 0x00, 0x2E, 0xFF, 0xFF, 0xF9, 0x00,
  0x00, 0x7F, 0xFF, 0xFF, 0x00, 0x00, 0x04, 0xFF, 0xFF, 0xFF, 0x60, 0x00,
  0x7F, 0xFF, 0xFF, 0x00, 0x00, 0x00, 0x7F, 0xFF, 0xFF, 0xF3, 0x00, 0x7F,
  0xFF, 0xFF, 0x00, 0x00, 0x00, 0x0A, 0xFF, 0xFF, 0xFE, 0x10, 0x7F, 0xFF,
  0xFF, 0x00, 0x00, 0x00, 0x00, 0xCF, 0xFF, 0xFF, 0xC0, 0x7F, 0xFF, 0xFF,
  0x7F, 0xFF, 0xFF, 0x7F, 0xFF, 0xFF, 0x7F, 0xFF, 0xFF, 0x7F, 0xFF, 0xFF,
  0x7F, 0xFF, 0xFF, 0x7F, 0xFF, 0xFF, 0x7F, 0xFF, 0xFF, 0x7F, 0xFF, 0xFF,
  0x7F, 0xFF, 0xFF, 0x7F, 0xFF, 0xFF, 0x7F, 0xFF, 0xFF, 0x7F, 0xFF, 0xFF,
  0x7F, 0xFF, 0xFF, 0x7F, 0xFF, 0xFF, 0x7F, 0xFF, 0xFF, 0x7F, 0xFF, 0xFF,
  0x7F, 0xFF, 0xFF, 0x7F, 0xFF, 0xFF, 0x7F, 0xFF, 0xFF, 0x7F, 0xFF, 0xFF,
  0x7F, 0xFF, 0xFF, 0x7F, 0xFF, 0xFF, 0x7F, 0xFF, 0xFF, 0x7F, 0xFF, 0xFF,
  0x7F, 0xFF, 0xFF, 0x7F, 0xFF, 0xFB, 0x01, 0x7B, 0xEF, 0xEC, 0x82, 0x00,
  0x00, 0x17, 0xCE, 0xFE, 0xC8, 0x20, 0x00, 0x07, 0xFF, 0xFF, 0xB6, 0xFF,
  0xFF, 0xFF, 0xFF, 0xF8, 0x00, 0x8F, 0xFF, 0xFF, 0xFF, 0xFF, 0x70, 0x00,
  0x7F, 0xFF, 0xFF, 0xFF, 0xFF, 0xFF, 0xFF, 0xFF, 0xF9, 0xBF, 0xFF, 0xFF,
  0xFF, 0xFF, 0xFF, 0x80, 0x07, 0xFF, 0xFF, 0xFF, 0xFF, 0xFF, 0xFF, 0xFF,
  0xFF, 0xFF, 0xFF, 0xFF, 0xFF, 0xFF, 0xFF, 0xFF, 0x30, 0x7F, 0xFF, 0xFF,
  0xFF, 0xC8, 0x8B, 0xFF, 0xFF, 0xFF, 0xFF, 0xFD, 0x87, 0xAF, 0xFF, 0xFF,
  0xFB, 0x07, 0xFF, 0xFF, 0xFF, 0x60, 0x00, 0x05, 0xFF, 0xFF, 0xFF, 0xF8,
  0x00, 0x00, 0x3F, 0xFF, 0xFF, 0xF0, 0x7F, 0xFF, 0xFF, 0x90, 0x00, 0x00,
  0x0B, 0xFF, 0xFF, 0xFC, 0x00, 0x00, 0x00, 0x8F, 0xFF, 0xFF, 0x37, 0xFF,
  0xFF, 0xF3, 0x00, 0x00, 0x00, 0x7F, 0xFF, 0xFF, 0x60, 0x00, 0x00, 0x04,
  0xFF, 0xFF, 0xF4, 0x7F, 0xFF, 0xFF, 0x00, 0x00, 0x00, 0x05, 0xFF, 0xFF,
  0xF3, 0x00, 0x00, 0x00, 0x2F, 0xFF, 0xFF, 0x57, 0xFF, 0xFF, 0xF0, 0x00,
  0x00, 0x00, 0x5F, 0xFF, 0xFF, 0x20, 0x00, 0x00, 0x02, 0xFF, 0xFF, 0xF5,
  0x7F, 0xFF, 0xFF, 0x00, 0x00, 0x00, 0x05, 0xFF, 0xFF, 0xF2, 0x00, 0x00,
  0x00, 0x2F, 0xFF, 0xFF, 0x57, 0xFF, 0xFF, 0xF0, 0x00, 0x00, 0x00, 0x5F,
  0xFF, 0xFF, 0x20, 0x00, 0x00, 0x02, 0xFF, 0xFF, 0xF5, 0x7F, 0xFF, 0xFF,
  0x00, 0x00, 0x00, 0x05, 0xFF, 0xFF, 0xF2, 0x00, 0x00, 0x00, 0x2F, 0xFF,
  0xFF, 0x57, 0xFF, 0xFF, 0xF0, 0x00, 0x00, 0x00, 0x5F, 0xFF, 0xFF, 0x20,
  0x00, 0x00, 0x02, 0xFF, 0xFF, 0xF5, 0x7F, 0xFF, 0xFF, 0x00, 0x00, 0x00,
  0x05, 0xFF, 0xFF, 0xF2, 0x00, 0x00, 0x00, 0x2F, 0xFF, 0xFF, 0x57, 0xFF,
  0xFF, 0xF0, 0x00, 0x00, 0x00, 0x5F, 0xFF, 0xFF, 0x20, 0x00, 0x00, 0x02,
  0xFF, 0xFF, 0xF5, 0x7F, 0xFF, 0xFF, 0x00, 0x00, 0x00, 0x05, 0xFF, 0xFF,
  0xF2, 0x00, 0x00, 0x00, 0x2F, 0xFF, 0xFF, 0x57, 0xFF, 0xFF, 0xF0, 0x00,
  0x00, 0x00, 0x5F, 0xFF, 0xFF, 0x20, 0x00, 0x00, 0x02, 0xFF, 0xFF, 0xF5,
  0x7F, 0xFF, 0xFF, 0x00, 0x00, 0x00, 0x05, 0xFF, 0xFF, 0xF2, 0x00, 0x00,
  0x00, 0x2F, 0xFF, 0xFF, 0x50, 0x7F, 0xFF, 0xFB, 0x00, 0x6A, 0xEF, 0xFD,
  0xA4, 0x00, 0x00, 0x7F, 0xFF, 0xFB, 0x5E, 0xFF, 0xFF, 0xFF, 0xFF, 0xB1,
  0x00, 0x7F, 0xFF, 0xFF, 0xFF, 0xFF, 0xFF, 0xFF, 0xFF, 0xFD, 0x00, 0x7F,
  0xFF, 0xFF, 0xFF, 0xFF, 0xFF, 0xFF, 0xFF, 0xFF, 0xA0, 0x7F, 0xFF, 0xFF,
  0xFF, 0xE9, 0x79, 0xEF, 0xFF, 0xFF, 0xF2, 0x7F, 0xFF, 0xFF, 0xF8, 0x00,
  0x00, 0x0C, 0xFF, 0xFF, 0xF7, 0x7F, 0xFF, 0xFF, 0xB0, 0x00, 0x00, 0x02,
  0xFF, 0xFF, 0xFA, 0x7F, 0xFF, 0xFF, 0x40, 0x00, 0x00, 0x00, 0xDF, 0xFF,
  0xFB, 0x7F, 0xFF, 0xFF, 0x10, 0x00, 0x00, 0x00, 0xBF, 0xFF, 0xFC, 0x7F,
  0xFF, 0xFF, 0x00, 0x00, 0x00, 0x00, 0xBF, 0xFF, 0xFC, 0x7F, 0xFF, 0xFF,
  0x00, 0x00, 0x00, 0x00, 0xBF, 0xFF, 0xFC, 0x7F, 0xFF, 0xFF, 0x00, 0x00,
  0x00, 0x00, 0xBF, 0xFF, 0xFC, 0x7F, 0xFF, 0xFF, 0x00, 0x00, 0x00, 0x00,
  0xBF, 0xFF, 0xFC, 0x7F, 0xFF, 0xFF, 0x00, 0x00, 0x00, 0x00, 0xBF, 0xFF,
  0xFC, 0x7F, 0xFF, 0xFF, 0x00, 0x00, 0x00, 0x00, 0xBF, 0xFF, 0xFC, 0x7F,
  0xFF, 0xFF, 0x00, 0x00, 0x00, 0x00, 0xBF, 0xFF, 0xFC, 0x7F, 0xFF, 0xFF,
  0x00, 0x00, 0x00, 0x00, 0xBF, 0xFF, 0xFC, 0x7F, 0xFF, 0xFF, 0x00, 0x00,
  0x00, 0x00, 0xBF, 0xFF, 0xFC, 0x7F, 0xFF, 0xFF, 0x00, 0x00, 0x00, 0x00,
  0xBF, 0xFF, 0xFC, 0x00, 0x00, 0x00, 0x5A, 0xDF, 0xFF, 0xDA, 0x50, 0x00,
  0x00, 0x00, 0x00, 0x05, 0xEF, 0xFF, 0xFF, 0xFF, 0xFF, 0xE5, 0x00, 0x00,
  0x00, 0x0A, 0xFF, 0xFF, 0xFF, 0xFF, 0xFF, 0xFF, 0xFA, 0x00, 0x00, 0x0A,
  0xFF, 0xFF, 0xFF, 0xFF, 0xFF, 0xFF, 0xFF, 0xFA, 0x00, 0x07, 0xFF, 0xFF,
  0xFF, 0xD9, 0x79, 0xEF, 0xFF, 0xFF, 0xF6, 0x01, 0xFF, 0xFF, 0xFF, 0x70,
  0x00, 0x00, 0x8F, 0xFF, 0xFF, 0xE0, 0x6F, 0xFF, 0xFF, 0x70, 0x00, 0x00,
  0x00, 0x9F, 0xFF, 0xFF, 0x5A, 0xFF, 0xFF, 0xF0, 0x00, 0x00, 0x00, 0x01,
  0xFF, 0xFF, 0xF9, 0xDF, 0xFF, 0xFB, 0x00, 0x00, 0x00, 0x00, 0x0D, 0xFF,
  0xFF, 0xBD, 0xFF, 0xFF, 0xA0, 0x00, 0x00, 0x00, 0x00, 0xBF, 0xFF, 0xFC,
  0xDF, 0xFF, 0xFB, 0x00, 0x00, 0x00, 0x00, 0x0D, 0xFF, 0xFF, 0xBA, 0xFF,
  0xFF, 0xF0, 0x00, 0x00, 0x00, 0x01, 0xFF, 0xFF, 0xF9, 0x6F, 0xFF, 0xFF,
  0x80, 0x00, 0x00, 0x00, 0x9F, 0xFF, 0xFF, 0x51, 0xFF, 0xFF, 0xFF, 0x70,
  0x00, 0x00, 0x8F, 0xFF, 0xFF, 0xE0, 0x07, 0xFF, 0xFF, 0xFF, 0xD9, 0x79,
  0xEF, 0xFF, 0xFF, 0xF6, 0x00, 0x0A, 0xFF, 0xFF, 0xFF, 0xFF, 0xFF, 0xFF,
  0xFF, 0xFA, 0x00, 0x00, 0x0A, 0xFF, 0xFF, 0xFF, 0xFF, 0xFF, 0xFF, 0xFA,
  0x00, 0x00, 0x00, 0x05, 0xEF, 0xFF, 0xFF, 0xFF, 0xFF, 0xE5, 0x00, 0x00,
  0x00, 0x00, 0x00, 0x5A, 0xDF, 0xFF, 0xDA, 0x50, 0x00, 0x00, 0x00, 0x7F,
  0xFF, 0xFB, 0x01, 0x7C, 0xEF, 0xFD, 0x93, 0x00, 0x00, 0x00, 0x7F, 0xFF,
  0xFB, 0x5F, 0xFF, 0xFF, 0xFF, 0xFF, 0xB1, 0x00, 0x00, 0x7F, 0xFF, 0xFF,
  0xFF, 0xFF, 0xFF, 0xFF, 0xFF, 0xFE, 0x30, 0x00, 0x7F, 0xFF, 0xFF, 0xFF,
  0xFF, 0xFF, 0xFF, 0xFF, 0xFF, 0xE1, 0x00, 0x7F, 0xFF, 0xFF, 0xFF, 0xE9,
  0x78, 0xCF, 0xFF, 0xFF, 0xFB, 0x00, 0x7F, 0xFF, 0xFF, 0xFA, 0x00, 0x00,
  0x05, 0xFF, 0xFF, 0xFF, 0x40, 0x7F, 0xFF, 0xFF, 0xB0, 0x00, 0x00, 0x00,
  0x5F, 0xFF, 0xFF, 0x90, 0x7F, 0xFF, 0xFF, 0x30, 0x00, 0x00, 0x00, 0x0D,
  0xFF, 0xFF, 0xD0, 0x7F, 0xFF, 0xFF, 0x00, 0x00, 0x00, 0x00, 0x09, 0xFF,
  0xFF, 0xF0, 0x7F, 0xFF, 0xFE, 0x00, 0x00, 0x00, 0x00, 0x08, 0xFF, 0xFF,
  0xF0, 0x7F, 0xFF, 0xFF, 0x00, 0x00, 0x00, 0x00, 0x09, 0xFF, 0xFF, 0xF0,
  0x7F, 0xFF, 0xFF, 0x30, 0x00, 0x00, 0x00, 0x0D, 0xFF, 0xFF, 0xD0, 0x7F,
  0xFF, 0xFF, 0xB0, 0x00, 0x00, 0x00, 0x5F, 0xFF, 0xFF, 0xA0, 0x7F, 0xFF,
  0xFF, 0xF9, 0x00, 0x00, 0x05, 0xFF, 0xFF, 0xFF, 0x40, 0x7F, 0xFF, 0xFF,
  0xFF, 0xE9, 0x78, 0xCF, 0xFF, 0xFF, 0xFC, 0x00, 0x7F, 0xFF, 0xFF, 0xFF,
  0xFF, 0xFF, 0xFF, 0xFF, 0xFF, 0xE1, 0x00, 0x7F, 0xFF, 0xFF, 0xFF, 0xFF,
  0xFF, 0xFF, 0xFF, 0xFE, 0x30, 0x00, 0x7F, 0xFF, 0xFF, 0x3E, 0xFF, 0xFF,
  0xFF, 0xFF, 0xC1, 0x00, 0x00, 0x7F, 0xFF, 0xFF, 0x00, 0x6B, 0xEF, 0xFD,
  0x94, 0x00, 0x00, 0x00, 0x7F, 0xFF, 0xFF, 0x00, 0x00, 0x00, 0x00, 0x00,
  0x00, 0x00, 0x00, 0x7F, 0xFF, 0xFF, 0x00, 0x00, 0x00, 0x00, 0x00, 0x00,
  0x00, 0x00, 0x7F, 0xFF, 0xFF, 0x00, 0x00, 0x00, 0x00, 0x00, 0x00, 0x00,
  0x00, 0x7F, 0xFF, 0xFF, 0x00, 0x00, 0x00, 0x00, 0x00, 0x00, 0x00, 0x00,
  0x7F, 0xFF, 0xFF, 0x00, 0x00, 0x00, 0x00, 0x00, 0x00, 0x00, 0x00, 0x7F,
  0xFF, 0xFF, 0x00, 0x00, 0x00, 0x00, 0x00, 0x00, 0x00, 0x00, 0x7F, 0xFF,
  0xFF, 0x00, 0x00, 0x00, 0x00, 0x00, 0x00, 0x00, 0x00, 0x00, 0x00, 0x02,
  0x8C, 0xEF, 0xEC, 0x82, 0x09, 0xFF, 0xFF, 0xA0, 0x00, 0x0A, 0xFF, 0xFF,
  0xFF, 0xFF, 0xF7, 0x9F, 0xFF, 0xFA, 0x00, 0x2D, 0xFF, 0xFF, 0xFF, 0xFF,
  0xFF, 0xFF, 0xFF, 0xFF, 0xA0, 0x0D, 0xFF, 0xFF, 0xFF, 0xFF, 0xFF, 0xFF,
  0xFF, 0xFF, 0xFA, 0x09, 0xFF, 0xFF, 0xFF, 0xD9, 0x79, 0xEF, 0xFF, 0xFF,
  0xFF, 0xA2, 0xFF, 0xFF, 0xFF, 0x70, 0x00, 0x00, 0x8F, 0xFF, 0xFF, 0xFA,
  0x7F, 0xFF, 0xFF, 0x80, 0x00, 0x00, 0x00, 0x9F, 0xFF, 0xFF, 0xAB, 0xFF,
  0xFF, 0xF0, 0x00, 0x00, 0x00, 0x01, 0xFF, 0xFF, 0xFA, 0xDF, 0xFF, 0xFB,
  0x00, 0x00, 0x00, 0x00, 0x0D, 0xFF, 0xFF, 0xAD, 0xFF, 0xFF, 0xA0, 0x00,
  0x00, 0x00, 0x00, 0xBF, 0xFF, 0xFA, 0xDF, 0xFF, 0xFB, 0x00, 0x00, 0x00,
  0x00, 0x0D, 0xFF, 0xFF, 0xAB, 0xFF, 0xFF, 0xF0, 0x00, 0x00, 0x00, 0x01,
  0xFF, 0xFF, 0xFA, 0x7F, 0xFF, 0xFF, 0x70, 0x00, 0x00, 0x00, 0x9F, 0xFF,
  0xFF, 0xA2, 0xFF, 0xFF, 0xFF, 0x60, 0x00, 0x00, 0x7F, 0xFF, 0xFF, 0xFA,
  0x0A, 0xFF, 0xFF, 0xFF, 0xD9, 0x79, 0xDF, 0xFF, 0xFF, 0xFF, 0xA0, 0x0D,
  0xFF, 0xFF, 0xFF, 0xFF, 0xFF, 0xFF, 0xFF, 0xFF, 0xFA, 0x00, 0x2D, 0xFF,
  0xFF, 0xFF, 0xFF, 0xFF, 0xFF, 0xFF, 0xFF, 0xA0, 0x00, 0x0A, 0xFF, 0xFF,
  0xFF, 0xFF, 0xF5, 0xDF, 0xFF, 0xFA, 0x00, 0x00, 0x03, 0x8C, 0xFF, 0xEC,
  0x71, 0x0D, 0xFF, 0xFF, 0xA0, 0x00, 0x00, 0x00, 0x00, 0x00, 0x00, 0x00,
  0xDF, 0xFF, 0xFA, 0x00, 0x00, 0x00, 0x00, 0x00, 0x00, 0x00, 0x0D, 0xFF,
  0xFF, 0xA0, 0x00, 0x00, 0x00, 0x00, 0x00, 0x00, 0x00, 0xDF, 0xFF, 0xFA,
  0x00, 0x00, 0x00, 0x00, 0x00, 0x00, 0x00, 0x0D, 0xFF, 0xFF, 0xA0, 0x00,
  0x00, 0x00, 0x00, 0x00, 0x00, 0x00, 0xDF, 0xFF, 0xFA, 0x00, 0x00, 0x00,
  0x00, 0x00, 0x00, 0x00, 0x0D, 0xFF, 0xFF, 0xA0, 0x00, 0x00, 0x00, 0x00,
  0x00, 0x00, 0x00, 0xDF, 0xFF, 0xFA, 0x7F, 0xFF, 0xFB, 0x00, 0x6B, 0xEF,
  0x37, 0xFF, 0xFF, 0xB5, 0xEF, 0xFF, 0xF3, 0x7F, 0xFF, 0xFE, 0xFF, 0xFF,
  0xFF, 0x37, 0xFF, 0xFF, 0xFF, 0xFF, 0xFF, 0xF3, 0x7F, 0xFF, 0xFF, 0xFF,
  0xFA, 0x88, 0x17, 0xFF, 0xFF, 0xFF, 0xA1, 0x00, 0x00, 0x7F, 0xFF, 0xFF,
  0xC0, 0x00, 0x00, 0x07, 0xFF, 0xFF, 0xF5, 0x00, 0x00, 0x00, 0x7F, 0xFF,
  0xFF, 0x10, 0x00, 0x00, 0x07, 0xFF, 0xFF, 0xF0, 0x00, 0x00, 0x00, 0x7F,
  0xFF, 0xFF, 0x00, 0x00, 0x00, 0x07, 0xFF, 0xFF, 0xF0, 0x00, 0x00, 0x00,
  0x7F, 0xFF, 0xFF, 0x00, 0x00, 0x00, 0x07, 0xFF, 0xFF, 0xF0, 0x00, 0x00,
  0x00, 0x7F, 0xFF, 0xFF, 0x00, 0x00, 0x00, 0x07, 0xFF, 0xFF, 0xF0, 0x00,
  0x00, 0x00, 0x7F, 0xFF, 0xFF, 0x00, 0x00, 0x00, 0x07, 0xFF, 0xFF, 0xF0,
  0x00, 0x00, 0x00, 0x7F, 0xFF, 0xFF, 0x00, 0x00, 0x00, 0x00, 0x00, 0x00,
  0x05, 0xAD, 0xEF, 0xFE, 0xB8, 0x40, 0x00, 0x00, 0x05, 0xEF, 0xFF, 0xFF,
  0xFF, 0xFF, 0xFE, 0x70, 0x00, 0x7F, 0xFF, 0xFF, 0xFF, 0xFF, 0xFF, 0xFF,
  0xC0, 0x03, 0xFF, 0xFF, 0xFF, 0xFF, 0xFF, 0xFF, 0xFF, 0x50, 0x0A, 0xFF,
  0xFF, 0xFD, 0x97, 0x89, 0xCF, 0xFD, 0x00, 0x0C, 0xFF, 0xFF, 0xA0, 0x00,
  0x00, 0x00, 0x65, 0x00, 0x0C, 0xFF, 0xFF, 0x80, 0x00, 0x00, 0x00, 0x00,
  0x00, 0x08, 0xFF, 0xFF, 0xFA, 0x52, 0x00, 0x00, 0x00, 0x00, 0x01, 0xEF,
  0xFF, 0xFF, 0xFF, 0xFD, 0xA7, 0x10, 0x00, 0x00, 0x3D, 0xFF, 0xFF, 0xFF,
  0xFF, 0xFF, 0xFA, 0x10, 0x00, 0x00, 0x49, 0xDF, 0xFF, 0xFF, 0xFF, 0xFF,
  0xC0, 0x00, 0x00, 0x00, 0x00, 0x25, 0x8C, 0xFF, 0xFF, 0xF6, 0x00, 0x00,
  0x00, 0x00, 0x00, 0x00, 0x9F, 0xFF, 0xFA, 0x00, 0xBA, 0x30, 0x00, 0x00,
  0x00, 0xBF, 0xFF, 0xFB, 0x03, 0xFF, 0xFE, 0xB9, 0x87, 0x8C, 0xFF, 0xFF,
  0xF9, 0x0B, 0xFF, 0xFF, 0xFF, 0xFF, 0xFF, 0xFF, 0xFF, 0xF2, 0x1F, 0xFF,
  0xFF, 0xFF, 0xFF, 0xFF, 0xFF, 0xFF, 0x60, 0x04, 0xCF, 0xFF, 0xFF, 0xFF,
  0xFF, 0xFF, 0xE5, 0x00, 0x00, 0x02, 0x7A, 0xDE, 0xFF, 0xEC, 0x95, 0x00,
  0x00, 0x00, 0x0D, 0xFF, 0xFF, 0xA0, 0x00, 0x00, 0x00, 0x00, 0xDF, 0xFF,
  0xFA, 0x00, 0x00, 0x00, 0x00, 0x0D, 0xFF, 0xFF, 0xA0, 0x00, 0x00, 0x00,
  0x00, 0xDF, 0xFF, 0xFA, 0x00, 0x00, 0x00, 0xBF, 0xFF, 0xFF, 0xFF, 0xFF,
  0xFF, 0xF5, 0x0B, 0xFF, 0xFF, 0xFF, 0xFF, 0xFF, 0xFF, 0x50, 0xBF, 0xFF,
  0xFF, 0xFF, 0xFF, 0xFF, 0xF5, 0x0B, 0xFF, 0xFF, 0xFF, 0xFF, 0xFF, 0xFF,
  0x50, 0x57, 0x7E, 0xFF, 0xFF, 0xC7, 0x77, 0x72, 0x00, 0x00, 0xDF, 0xFF,
  0xFA, 0x00, 0x00, 0x00, 0x00, 0x0D, 0xFF, 0xFF, 0xA0, 0x00, 0x00, 0x00,
  0x00, 0xDF, 0xFF, 0xFA, 0x00, 0x00, 0x00, 0x00, 0x0D, 0xFF, 0xFF, 0xA0,
  0x00, 0x00, 0x00, 0x00, 0xDF, 0xFF, 0xFA, 0x00, 0x00, 0x00, 0x00, 0x0D,
  0xFF, 0xFF, 0xA0, 0x00, 0x00, 0x00, 0x00, 0xDF, 0xFF, 0xFA, 0x00, 0x00,
  0x00, 0x00, 0x0C, 0xFF, 0xFF, 0xB0, 0x00, 0x00, 0x00, 0x00, 0xBF, 0xFF,
  0xFE, 0x10, 0x00, 0x00, 0x00, 0x08, 0xFF, 0xFF, 0xFE, 0x88, 0xC6, 0x00,
  0x00, 0x3F, 0xFF, 0xFF, 0xFF, 0xFF, 0xC0, 0x00, 0x00, 0xAF, 0xFF, 0xFF,
  0xFF, 0xFF, 0x20, 0x00, 0x00, 0xAF, 0xFF, 0xFF, 0xFF, 0xF8, 0x00, 0x00,
  0x00, 0x4A, 0xDF, 0xFE, 0xB6, 0x00, 0x9F, 0xFF, 0xFE, 0x00, 0x00, 0x00,
  0x00, 0xFF, 0xFF, 0xF7, 0x9F, 0xFF, 0xFE, 0x00, 0x00, 0x00, 0x00, 0xFF,
  0xFF, 0xF7, 0x9F, 0xFF, 0xFE, 0x00, 0x00, 0x00, 0x00, 0xFF, 0xFF, 0xF7,
  0x9F, 0xFF, 0xFE, 0x00, 0x00, 0x00, 0x00, 0xFF, 0xFF, 0xF7, 0x9F, 0xFF,
  0xFE, 0x00, 0x00, 0x00, 0x00, 0xFF, 0xFF, 0xF7, 0x9F, 0xFF, 0xFE, 0x00,
  0x00, 0x00, 0x00, 0xFF, 0xFF, 0xF7, 0x9F, 0xFF, 0xFE, 0x00, 0x00, 0x00,
  0x00, 0xFF, 0xFF, 0xF7, 0x9F, 0xFF, 0xFE, 0x00, 0x00, 0x00, 0x00, 0xFF,
  0xFF, 0xF7, 0x9F, 0xFF, 0xFE, 0x00, 0x00, 0x00, 0x00, 0xFF, 0xFF, 0xF7,
  0x9F, 0xFF, 0xFE, 0x00, 0x00, 0x00, 0x00, 0xFF, 0xFF, 0xF7, 0x9F, 0xFF,
  0xFE, 0x00, 0x00, 0x00, 0x00, 0xFF, 0xFF, 0xF7, 0x8F, 0xFF, 0xFF, 0x00,
  0x00, 0x00, 0x03, 0xFF, 0xFF, 0xF7, 0x7F, 0xFF, 0xFF, 0x50, 0x00, 0x00,
  0x0A, 0xFF, 0xFF, 0xF7, 0x3F, 0xFF, 0xFF, 0xD1, 0x00, 0x00, 0x7F, 0xFF,
  0xFF, 0xF7, 0x0E, 0xFF, 0xFF, 0xFF, 0xA7, 0x8D, 0xFF, 0xFF, 0xFF, 0xF7,
  0x06, 0xFF, 0xFF, 0xFF, 0xFF, 0xFF, 0xFF, 0xFF, 0xFF, 0xF7, 0x00, 0xBF,
  0xFF, 0xFF, 0xFF, 0xFF, 0xFF, 0xFF, 0xFF, 0xF7, 0x00, 0x08, 0xFF, 0xFF,
  0xFF, 0xFF, 0xF7, 0xBF, 0xFF, 0xF7, 0x00, 0x00, 0x28, 0xCE, 0xFE, 0xC7,
  0x10, 0xBF, 0xFF, 0xF7, 0x1F, 0xFF, 0xFF, 0x80, 0x00, 0x00, 0x00, 0x00,
  0x4F, 0xFF, 0xFF, 0x00, 0xAF, 0xFF, 0xFE, 0x00, 0x00, 0x00, 0x00, 0x0A,
  0xFF, 0xFF, 0x90, 0x03, 0xFF, 0xFF, 0xF5, 0x00, 0x00, 0x00, 0x01, 0xFF,
  0xFF, 0xF2, 0x00, 0x0D, 0xFF, 0xFF, 0xC0, 0x00, 0x00, 0x00, 0x8F, 0xFF,
  0xFB, 0x00, 0x00, 0x6F, 0xFF, 0xFF, 0x20, 0x00, 0x00, 0x0E, 0xFF, 0xFF,
  0x50, 0x00, 0x00, 0xFF, 0xFF, 0xF8, 0x00, 0x00, 0x05, 0xFF, 0xFF, 0xE0,
  0x00, 0x00, 0x09, 0xFF, 0xFF, 0xE0, 0x00, 0x00, 0xBF, 0xFF, 0xF7, 0x00,
  0x00, 0x00, 0x2F, 0xFF, 0xFF, 0x50, 0x00, 0x2F, 0xFF, 0xFF, 0x10, 0x00,
  0x00, 0x00, 0xBF, 0xFF, 0xFC, 0x00, 0x09, 0xFF, 0xFF, 0xA0, 0x00, 0x00,
  0x00, 0x05, 0xFF, 0xFF, 0xF2, 0x00, 0xFF, 0xFF, 0xF3, 0x00, 0x00, 0x00,
  0x00, 0x0E, 0xFF, 0xFF, 0x80, 0x6F, 0xFF, 0xFD, 0x00, 0x00, 0x00, 0x00,
  0x00, 0x7F, 0xFF, 0xFE, 0x0C, 0xFF, 0xFF, 0x60, 0x00, 0x00, 0x00, 0x00,
  0x01, 0xFF, 0xFF, 0xF9, 0xFF, 0xFF, 0xE0, 0x00, 0x00, 0x00, 0x00, 0x00,
  0x0A, 0xFF, 0xFF, 0xFF, 0xFF, 0xF8, 0x00, 0x00, 0x00, 0x00, 0x00, 0x00,
  0x4F, 0xFF, 0xFF, 0xFF, 0xFF, 0x20, 0x00, 0x00, 0x00, 0x00, 0x00, 0x00,
  0xDF, 0xFF, 0xFF, 0xFF, 0xB0, 0x00, 0x00, 0x00, 0x00, 0x00, 0x00, 0x06,
  0xFF, 0xFF, 0xFF, 0xF4, 0x00, 0x00, 0x00, 0x00, 0x00, 0x00, 0x00, 0x0F,
  0xFF, 0xFF, 0xFE, 0x00, 0x00, 0x00, 0x00, 0x00, 0x00, 0x00, 0x00, 0x9F,
  0xFF, 0xFF, 0x70, 0x00, 0x00, 0x00, 0x00, 0xCF, 0xFF, 0xF5, 0x00, 0x00,
  0x00, 0x00, 0xEF, 0xFF, 0xF0, 0x00, 0x00, 0x00, 0x03, 0xFF, 0xFF, 0x96,
  0xFF, 0xFF, 0xB0, 0x00, 0x00, 0x00, 0x4F, 0xFF, 0xFF, 0x60, 0x00, 0x00,
  0x00, 0x9F, 0xFF, 0xF3, 0x1F, 0xFF, 0xFF, 0x10, 0x00, 0x00, 0x0A, 0xFF,
  0xFF, 0xFB, 0x00, 0x00, 0x00, 0x0E, 0xFF, 0xFD, 0x00, 0xBF, 0xFF, 0xF6,
  0x00, 0x00, 0x00, 0xFF, 0xFF, 0xFF, 0xF1, 0x00, 0x00, 0x04, 0xFF, 0xFF,
  0x80, 0x05, 0xFF, 0xFF, 0xB0, 0x00, 0x00, 0x5F, 0xFF, 0xFF, 0xFF, 0x60,
  0x00, 0x00, 0xAF, 0xFF, 0xF2, 0x00, 0x0F, 0xFF, 0xFF, 0x10, 0x00, 0x0B,
  0xFF, 0xFF, 0xFF, 0xFC, 0x00, 0x00, 0x0F, 0xFF, 0xFC, 0x00, 0x00, 0xAF,
  0xFF, 0xF6, 0x00, 0x01, 0xFF, 0xFF, 0xFF, 0xFF, 0xF1, 0x00, 0x05, 0xFF,
  0xFF, 0x60, 0x00, 0x04, 0xFF, 0xFF, 0xC0, 0x00, 0x6F, 0xFF, 0xFD, 0xFF,
  0xFF, 0x70, 0x00, 0xBF, 0xFF, 0xF1, 0x00, 0x00, 0x0E, 0xFF, 0xFF, 0x10,
  0x0C, 0xFF, 0xFF, 0x3F, 0xFF, 0xFC, 0x00, 0x1F, 0xFF, 0xFB, 0x00, 0x00,
  0x00, 0x9F, 0xFF, 0xF7, 0x02, 0xFF, 0xFF, 0xA0, 0xCF, 0xFF, 0xF2, 0x06,
  0xFF, 0xFF, 0x50, 0x00, 0x00, 0x03, 0xFF, 0xFF, 0xC0, 0x8F, 0xFF, 0xF4,
  0x06, 0xFF, 0xFF, 0x70, 0xCF, 0xFF, 0xF0, 0x00, 0x00, 0x00, 0x0D, 0xFF,
  0xFF, 0x2D, 0xFF, 0xFE, 0x00, 0x1F, 0xFF, 0xFD, 0x2F, 0xFF, 0xFA, 0x00,
  0x00, 0x00, 0x00, 0x8F, 0xFF, 0xFB, 0xFF, 0xFF, 0x80, 0x00, 0xAF, 0xFF,
  0xFA, 0xFF, 0xFF, 0x40, 0x00, 0x00, 0x00, 0x02, 0xFF, 0xFF, 0xFF, 0xFF,
  0xF2, 0x00, 0x04, 0xFF, 0xFF, 0xFF, 0xFF, 0xE0, 0x00, 0x00, 0x00, 0x00,
  0x0C, 0xFF, 0xFF, 0xFF, 0xFC, 0x00, 0x00, 0x0E, 0xFF, 0xFF, 0xFF, 0xF8,
  0x00, 0x00, 0x00, 0x00, 0x00, 0x6F, 0xFF, 0xFF, 0xFF, 0x60, 0x00, 0x00,
  0x9F, 0xFF, 0xFF, 0xFF, 0x30, 0x00, 0x00, 0x00, 0x00, 0x01, 0xFF, 0xFF,
  0xFF, 0xF0, 0x00, 0x00, 0x03, 0xFF, 0xFF, 0xFF, 0xD0, 0x00, 0x00, 0x00,
  0x00, 0x00, 0x0B, 0xFF, 0xFF, 0xFA, 0x00, 0x00, 0x00, 0x0D, 0xFF, 0xFF,
  0xF7, 0x00, 0x00, 0x00, 0x00, 0x00, 0x00, 0x5F, 0xFF, 0xFF, 0x40, 0x00,
  0x00, 0x00, 0x7F, 0xFF, 0xFF, 0x10, 0x00, 0x00, 0x00, 0x4F, 0xFF, 0xFF,
  0xD0, 0x00, 0x00, 0x00, 0xCF, 0xFF, 0xFE, 0x10, 0x8F, 0xFF, 0xFF, 0x80,
  0x00, 0x00, 0x7F, 0xFF, 0xFF, 0x40, 0x00, 0xCF, 0xFF, 0xFF, 0x40, 0x00,
  0x3F, 0xFF, 0xFF, 0x80, 0x00, 0x01, 0xEF, 0xFF, 0xFE, 0x00, 0x0D, 0xFF,
  0xFF, 0xC0, 0x00, 0x00, 0x05, 0xFF, 0xFF, 0xFA, 0x09, 0xFF, 0xFF, 0xE2,
  0x00, 0x00, 0x00, 0x09, 0xFF, 0xFF, 0xF9, 0xFF, 0xFF, 0xF5, 0x00, 0x00,
  0x00, 0x00, 0x0D, 0xFF, 0xFF, 0xFF, 0xFF, 0xF9, 0x00, 0x00, 0x00, 0x00,
  0x00, 0x2F, 0xFF, 0xFF, 0xFF, 0xFC, 0x00, 0x00, 0x00, 0x00, 0x00, 0x00,
  0x6F, 0xFF, 0xFF, 0xFF, 0x20, 0x00, 0x00, 0x00, 0x00, 0x00, 0x00, 0xCF,
  0xFF, 0xFF, 0x90, 0x00, 0x00, 0x00, 0x00, 0x00, 0x00, 0x5F, 0xFF, 0xFF,
  0xFF, 0x30, 0x00, 0x00, 0x00, 0x00, 0x00, 0x2F, 0xFF, 0xFF, 0xFF, 0xFE,
  0x10, 0x00, 0x00, 0x00, 0x00, 0x0D, 0xFF, 0xFF, 0xFF, 0xFF, 0xFB, 0x00,
  0x00, 0x00, 0x00, 0x0A, 0xFF, 0xFF, 0xFA, 0xFF, 0xFF, 0xF8, 0x00, 0x00,
  0x00, 0x06, 0xFF, 0xFF, 0xF7, 0x0C, 0xFF, 0xFF, 0xF4, 0x00, 0x00, 0x03,
  0xFF, 0xFF, 0xFB, 0x00, 0x1E, 0xFF, 0xFF, 0xE1, 0x00, 0x01, 0xDF, 0xFF,
  0xFE, 0x10, 0x00, 0x5F, 0xFF, 0xFF, 0xC0, 0x00, 0xBF, 0xFF, 0xFF, 0x30,
  0x00, 0x00, 0x9F, 0xFF, 0xFF, 0x80, 0x7F, 0xFF, 0xFF, 0x70, 0x00, 0x00,
  0x00, 0xDF, 0xFF, 0xFF, 0x40, 0x1F, 0xFF, 0xFF, 0x80, 0x00, 0x00, 0x00,
  0x00, 0x4F, 0xFF, 0xFF, 0x00, 0xAF, 0xFF, 0xFE, 0x00, 0x00, 0x00, 0x00,
  0x0A, 0xFF, 0xFF, 0x90, 0x03, 0xFF, 0xFF, 0xF6, 0x00, 0x00, 0x00, 0x01,
  0xFF, 0xFF, 0xF2, 0x00, 0x0C, 0xFF, 0xFF, 0xC0, 0x00, 0x00, 0x00, 0x7F,
  0xFF, 0xFB, 0x00, 0x00, 0x5F, 0xFF, 0xFF, 0x30, 0x00, 0x00, 0x0E, 0xFF,
  0xFF, 0x40, 0x00, 0x00, 0xEF, 0xFF, 0xF9, 0x00, 0x00, 0x05, 0xFF, 0xFF,
  0xD0, 0x00, 0x00, 0x07, 0xFF, 0xFF, 0xF0, 0x00, 0x00, 0xBF, 0xFF, 0xF7,
  0x00, 0x00, 0x00, 0x1F, 0xFF, 0xFF, 0x60, 0x00, 0x2F, 0xFF, 0xFF, 0x10,
  0x00, 0x00, 0x00, 0xAF, 0xFF, 0xFD, 0x00, 0x08, 0xFF, 0xFF, 0x90, 0x00,
  0x00, 0x00, 0x03, 0xFF, 0xFF, 0xF3, 0x00, 0xEF, 0xFF, 0xF2, 0x00, 0x00,
  0x00, 0x00, 0x0C, 0xFF, 0xFF, 0xA0, 0x5F, 0xFF, 0xFC, 0x00, 0x00, 0x00,
  0x00, 0x00, 0x5F, 0xFF, 0xFF, 0x1C, 0xFF, 0xFF, 0x50, 0x00, 0x00, 0x00,
  0x00, 0x00, 0xEF, 0xFF, 0xFA, 0xFF, 0xFF, 0xE0, 0x00, 0x00, 0x00, 0x00,
  0x00, 0x07, 0xFF, 0xFF, 0xFF, 0xFF, 0xF7, 0x00, 0x00, 0x00, 0x00, 0x00,
  0x00, 0x1F, 0xFF, 0xFF, 0xFF, 0xFF, 0x10, 0x00, 0x00, 0x00, 0x00, 0x00,
  0x00, 0xAF, 0xFF, 0xFF, 0xFF, 0xA0, 0x00, 0x00, 0x00, 0x00, 0x00, 0x00,
  0x03, 0xFF, 0xFF, 0xFF, 0xF3, 0x00, 0x00, 0x00, 0x00, 0x00, 0x00, 0x00,
  0x0C, 0xFF, 0xFF, 0xFC, 0x00, 0x00, 0x00, 0x00, 0x00, 0x00, 0x00, 0x00,
  0x5F, 0xFF, 0xFF, 0x50, 0x00, 0x00, 0x00, 0x00, 0x00, 0x00, 0x00, 0x05,
  0xFF, 0xFF, 0xE0, 0x00, 0x00, 0x00, 0x00, 0x00, 0x41, 0x00, 0x01, 0xEF,
  0xFF, 0xF8, 0x00, 0x00, 0x00, 0x00, 0x00, 0x0E, 0xFA, 0x79, 0xEF, 0xFF,
  0xFF, 0x10, 0x00, 0x00, 0x00, 0x00, 0x07, 0xFF, 0xFF, 0xFF, 0xFF, 0xFF,
  0x70, 0x00, 0x00, 0x00, 0x00, 0x00, 0xEF, 0xFF, 0xFF, 0xFF, 0xFF, 0xB0,
  0x00, 0x00, 0x00, 0x00, 0x00, 0x1D, 0xFF, 0xFF, 0xFF, 0xFF, 0xA0, 0x00,
  0x00, 0x00, 0x00, 0x00, 0x00, 0x05, 0xAE, 0xFF, 0xD9, 0x30, 0x00, 0x00,
  0x00, 0x00, 0x00, 0x00, 0x8F, 0xFF, 0xFF, 0xFF, 0xFF, 0xFF, 0xFF, 0xFF,
  0xB0, 0x8F, 0xFF, 0xFF, 0xFF, 0xFF, 0xFF, 0xFF, 0xFF, 0xB0, 0x8F, 0xFF,
  0xFF, 0xFF, 0xFF, 0xFF, 0xFF, 0xFF, 0xB0, 0x8F, 0xFF, 0xFF, 0xFF, 0xFF,
  0xFF, 0xFF, 0xFF, 0x90, 0x37, 0x77, 0x77, 0x77, 0x7B, 0xFF, 0xFF, 0xFC,
  0x00, 0x00, 0x00, 0x00, 0x00, 0x2E, 0xFF, 0xFF, 0xD1, 0x00, 0x00, 0x00,
  0x00, 0x01, 0xDF, 0xFF, 0xFE, 0x20, 0x00, 0x00, 0x00, 0x00, 0x0C, 0xFF,
  0xFF, 0xF3, 0x00, 0x00, 0x00, 0x00, 0x00, 0xAF, 0xFF, 0xFF, 0x50, 0x00,
  0x00, 0x00, 0x00, 0x08, 0xFF, 0xFF, 0xF7, 0x00, 0x00, 0x00, 0x00, 0x00,
  0x6F, 0xFF, 0xFF, 0x90, 0x00, 0x00, 0x00, 0x00, 0x04, 0xFF, 0xFF, 0xFB,
  0x00, 0x00, 0x00, 0x00, 0x00, 0x3F, 0xFF, 0xFF, 0xD0, 0x00, 0x00, 0x00,
  0x00, 0x02, 0xEF, 0xFF, 0xFE, 0x10, 0x00, 0x00, 0x00, 0x00, 0x1D, 0xFF,
  0xFF, 0xFA, 0x77, 0x77, 0x77, 0x77, 0x70, 0xAF, 0xFF, 0xFF, 0xFF, 0xFF,
  0xFF, 0xFF, 0xFF, 0xF0, 0xCF, 0xFF, 0xFF, 0xFF, 0xFF, 0xFF, 0xFF, 0xFF,
  0xF0, 0xCF, 0xFF, 0xFF, 0xFF, 0xFF, 0xFF, 0xFF, 0xFF, 0xF0, 0xCF, 0xFF,
  0xFF, 0xFF, 0xFF, 0xFF, 0xFF, 0xFF, 0xF0, 0x00, 0x00, 0x00, 0x01, 0x56,
  0x77, 0x10, 0x00, 0x00, 0x2B, 0xFF, 0xFF, 0xF2, 0x00, 0x00, 0x2F, 0xFF,
  0xFF, 0xFF, 0x20, 0x00, 0x0C, 0xFF, 0xFF, 0xFF, 0xF2, 0x00, 0x02, 0xFF,
  0xFF, 0xFF, 0xFF, 0x20, 0x00, 0x6F, 0xFF, 0xFF, 0xC2, 0x00, 0x00, 0x07,
  0xFF, 0xFF, 0xF2, 0x00, 0x00, 0x00, 0x7F, 0xFF, 0xFF, 0x00, 0x00, 0x00,
  0x07, 0xFF, 0xFF, 0xF0, 0x00, 0x00, 0x00, 0x7F, 0xFF, 0xFF, 0x00, 0x00,
  0x00, 0x07, 0xFF, 0xFF, 0xF0, 0x00, 0x00, 0x00, 0x7F, 0xFF, 0xFF, 0x00,
  0x00, 0x00, 0x07, 0xFF, 0xFF, 0xF0, 0x00, 0x00, 0x00, 0x9F, 0xFF, 0xFE,
  0x00, 0x00, 0x17, 0x9F, 0xFF, 0xFF, 0xC0, 0x00, 0x03, 0xFF, 0xFF, 0xFF,
  0xF5, 0x00, 0x00, 0x3F, 0xFF, 0xFF, 0xE5, 0x00, 0x00, 0x03, 0xFF, 0xFF,
  0xFF, 0xC1, 0x00, 0x00, 0x3F, 0xFF, 0xFF, 0xFF, 0x90, 0x00, 0x00, 0x01,
  0xDF, 0xFF, 0xFD, 0x00, 0x00, 0x00, 0x08, 0xFF, 0xFF, 0xF0, 0x00, 0x00,
  0x00, 0x7F, 0xFF, 0xFF, 0x00, 0x00, 0x00, 0x07, 0xFF, 0xFF, 0xF0, 0x00,
  0x00, 0x00, 0x7F, 0xFF, 0xFF, 0x00, 0x00, 0x00, 0x07, 0xFF, 0xFF, 0xF0,
  0x00, 0x00, 0x00, 0x7F, 0xFF, 0xFF, 0x00, 0x00, 0x00, 0x07, 0xFF, 0xFF,
  0xF0, 0x00, 0x00, 0x00, 0x7F, 0xFF, 0xFF, 0x50, 0x00, 0x00, 0x05, 0xFF,
  0xFF, 0xFF, 0xA7, 0x10, 0x00, 0x1F, 0xFF, 0xFF, 0xFF, 0xF2, 0x00, 0x00,
  0x8F, 0xFF, 0xFF, 0xFF, 0x20, 0x00, 0x00, 0xAF, 0xFF, 0xFF, 0xF2, 0x00,
  0x00, 0x00, 0x4A, 0xDF, 0xFF, 0x20, 0x1F, 0xFF, 0xFE, 0x1F, 0xFF, 0xFE,
  0x1F, 0xFF, 0xFE, 0x1F, 0xFF, 0xFE, 0x1F, 0xFF, 0xFE, 0x1F, 0xFF, 0xFE,
  0x1F, 0xFF, 0xFE, 0x1F, 0xFF, 0xFE, 0x1F, 0xFF, 0xFE, 0x1F, 0xFF, 0xFE,
  0x1F, 0xFF, 0xFE, 0x1F, 0xFF, 0xFE, 0x1F, 0xFF, 0xFE, 0x1F, 0xFF, 0xFE,
  0x1F, 0xFF, 0xFE, 0x1F, 0xFF, 0xFE, 0x1F, 0xFF, 0xFE, 0x1F, 0xFF, 0xFE,
  0x1F, 0xFF, 0xFE, 0x1F, 0xFF, 0xFE, 0x1F, 0xFF, 0xFE, 0x1F, 0xFF, 0xFE,
  0x1F, 0xFF, 0xFE, 0x1F, 0xFF, 0xFE, 0x1F, 0xFF, 0xFE, 0x1F, 0xFF, 0xFE,
  0x1F, 0xFF, 0xFE, 0x1F, 0xFF, 0xFE, 0x1F, 0xFF, 0xFE, 0x1F, 0xFF, 0xFE,
  0x1F, 0xFF, 0xFE, 0x1F, 0xFF, 0xFE, 0x1F, 0xFF, 0xFE, 0x37, 0x76, 0x40,
  0x00, 0x00, 0x00, 0x7F, 0xFF, 0xFF, 0x90, 0x00, 0x00, 0x7F, 0xFF, 0xFF,
  0xFC, 0x00, 0x00, 0x7F, 0xFF, 0xFF, 0xFF, 0x70, 0x00, 0x7F, 0xFF, 0xFF,
  0xFF, 0xD0, 0x00, 0x00, 0x5E, 0xFF, 0xFF, 0xF1, 0x00, 0x00, 0x07, 0xFF,
  0xFF, 0xF2, 0x00, 0x00, 0x05, 0xFF, 0xFF, 0xF2, 0x00, 0x00, 0x04, 0xFF,
  0xFF, 0xF2, 0x00, 0x00, 0x04, 0xFF, 0xFF, 0xF2, 0x00, 0x00, 0x04, 0xFF,
  0xFF, 0xF2, 0x00, 0x00, 0x04, 0xFF, 0xFF, 0xF2, 0x00, 0x00, 0x04, 0xFF,
  0xFF, 0xF2, 0x00, 0x00, 0x04, 0xFF, 0xFF, 0xF4, 0x00, 0x00, 0x01, 0xFF,
  0xFF, 0xFE, 0x86, 0x00, 0x00, 0xBF, 0xFF, 0xFF, 0xFD, 0x00, 0x00, 0x08,
  0xFF, 0xFF, 0xFD, 0x00, 0x00, 0x4E, 0xFF, 0xFF, 0xFD, 0x00, 0x00, 0xEF,
  0xFF, 0xFF, 0xFD, 0x00, 0x03, 0xFF, 0xFF, 0xF9, 0x00, 0x00, 0x04, 0xFF,
  0xFF, 0xF3, 0x00, 0x00, 0x04, 0xFF, 0xFF, 0xF2, 0x00, 0x00, 0x04, 0xFF,
  0xFF, 0xF2, 0x00, 0x00, 0x04, 0xFF, 0xFF, 0xF2, 0x00, 0x00, 0x04, 0xFF,
  0xFF, 0xF2, 0x00, 0x00, 0x04, 0xFF, 0xFF, 0xF2, 0x00, 0x00, 0x05, 0xFF,
  0xFF, 0xF2, 0x00, 0x00, 0x0B, 0xFF, 0xFF, 0xF1, 0x00, 0x38, 0xCF, 0xFF,
  0xFF, 0xF0, 0x00, 0x7F, 0xFF, 0xFF, 0xFF, 0xB0, 0x00, 0x7F, 0xFF, 0xFF,
  0xFF, 0x30, 0x00, 0x7F, 0xFF, 0xFF, 0xF6, 0x00, 0x00, 0x7F, 0xFF, 0xD8,
  0x20, 0x00, 0x00, 0x00, 0x05, 0xCF, 0xFC, 0x70, 0x00, 0x00, 0x3C, 0xCC,
  0x20, 0x08, 0xFF, 0xFF, 0xFF, 0xE5, 0x00, 0x08, 0xFF, 0xF2, 0x04, 0xFF,
  0xFF, 0xFF, 0xFF, 0xFC, 0x8A, 0xFF, 0xFF, 0x00, 0xBF, 0xFF, 0xFF, 0xFF,
  0xFF, 0xFF, 0xFF, 0xFF, 0xB0, 0x0F, 0xFF, 0xFA, 0x8C, 0xFF, 0xFF, 0xFF,
  0xFF, 0xF4, 0x02, 0xFF, 0xF8, 0x00, 0x06, 0xEF, 0xFF, 0xFF, 0xF8, 0x00,
  0x2B, 0xBB, 0x20, 0x00, 0x00, 0x7C, 0xFF, 0xC5, 0x00, 0x00
};

const AaGlyph MontserratBold18pt4aaGlyphs[] PROGMEM = {
  {     0,   0,   0,  10,    0,    1 },  // 0x20 ' '
  {     0,   8,  24,  10,    1,  -23 },  // 0x21 '!'
  {    96,  13,  10,  15,    1,  -23 },  // 0x22 '"'
  {   161,  25,  24,  25,    0,  -23 },  // 0x23 '#'
  {   461,  22,  33,  22,    0,  -28 },  // 0x24 '$'
  {   824,  30,  24,  31,    0,  -23 },  // 0x25 '%'
  {  1184,  24,  24,  25,    1,  -23 },  // 0x26 '&'
  {  1472,   6,  10,   8,    1,  -23 },  // 0x27 '''
  {  1502,  11,  33,  13,    2,  -25 },  // 0x28 '('
  {  1684,  10,  33,  13,    0,  -25 },  // 0x29 ')'
  {  1849,  15,  14,  15,    0,  -25 },  // 0x2A '*'
  {  1954,  17,  16,  21,    2,  -19 },  // 0x2B '+'
  {  2090,   7,  12,   9,    1,   -6 },  // 0x2C ','
  {  2132,  11,   5,  14,    1,  -12 },  // 0x2D '-'
  {  2160,   7,   7,   9,    1,   -6 },  // 0x2E '.'
  {  2185,  18,  33,  14,   -2,  -29 },  // 0x2F '/'
  {  2482,  22,  24,  24,    1,  -23 },  // 0x30 '0'
  {  2746,  11,  24,  14,    0,  -23 },  // 0x31 '1'
  {  2878,  20,  24,  21,    0,  -23 },  // 0x32 '2'
  {  3118,  21,  24,  21,   -1,  -23 },  // 0x33 '3'
  {  3370,  23,  24,  24,    1,  -23 },  // 0x34 '4'
  {  3646,  20,  24,  21,    0,  -23 },  // 0x35 '5'
  {  3886,  21,  24,  22,    1,  -23 },  // 0x36 '6'
  {  4138,  21,  24,  22,    0,  -23 },  // 0x37 '7'
  {  4390,  21,  24,  23,    1,  -23 },  // 0x38 '8'
  {  4642,  21,  24,  22,    0,  -23 },  // 0x39 '9'
  {  4894,   7,  20,   9,    1,  -19 },  // 0x3A ':'
  {  4964,   7,  25,   9,    1,  -19 },  // 0x3B ';'
  {  5052,  17,  18,  21,    2,  -20 },  // 0x3C '<'
  {  5205,  17,  13,  21,    2,  -18 },  // 0x3D '='
  {  5316,  17,  18,  21,    2,  -20 },  // 0x3E '>'
  {  5469,  20,  24,  21,   -1,  -23 },  // 0x3F '?'
  {  5709,  34,  31,  36,    1,  -23 },  // 0x40 '@'
  {  6236,  29,  24,  27,   -1,  -23 },  // 0x41 'A'
  {  6584,  24,  24,  27,    2,  -23 },  // 0x42 'B'
  {  6872,  24,  24,  25,    1,  -23 },  // 0x43 'C'
  {  7160,  26,  24,  29,    2,  -23 },  // 0x44 'D'
  {  7472,  20,  24,  23,    2,  -23 },  // 0x45 'E'
  {  7712,  20,  24,  22,    2,  -23 },  // 0x46 'F'
  {  7952,  25,  24,  27,    1,  -23 },  // 0x47 'G'
  {  8252,  24,  24,  28,    2,  -23 },  // 0x48 'H'
  {  8540,   7,  24,  11,    2,  -23 },  // 0x49 'I'
  {  8624,  18,  24,  19,   -1,  -23 },  // 0x4A 'J'
  {  8840,  25,  24,  26,    2,  -23 },  // 0x4B 'K'
  {  9140,  19,  24,  21,    2,  -23 },  // 0x4C 'L'
  {  9368,  29,  24,  33,    2,  -23 },  // 0x4D 'M'
  {  9716,  24,  24,  28,    2,  -23 },  // 0x4E 'N'
  { 10004,  28,  24,  30,    1,  -23 },  // 0x4F 'O'
  { 10340,  23,  24,  26,    2,  -23 },  // 0x50 'P'
  { 10616,  29,  30,  30,    1,  -23 },  // 0x51 'Q'
  { 11051,  23,  24,  26,    2,  -23 },  // 0x52 'R'
  { 11327,  22,  24,  22,    0,  -23 },  // 0x53 'S'
  { 11591,  22,  24,  22,    0,  -23 },  // 0x54 'T'
  { 11855,  23,  24,  28,    2,  -23 },  // 0x55 'U'
  { 12131,  28,  24,  26,   -1,  -23 },  // 0x56 'V'
  { 12467,  40,  24,  41,    0,  -23 },  // 0x57 'W'
  { 12947,  25,  24,  25,    0,  -23 },  // 0x58 'X'
  { 13247,  26,  24,  24,   -1,  -23 },  // 0x59 'Y'
  { 13559,  22,  24,  23,    1,  -23 },  // 0x5A 'Z'
  { 13823,  11,  33,  13,    2,  -25 },  // 0x5B '['
  { 14005,  17,  33,  14,   -2,  -29 },  // 0x5C '\'
  { 14286,  10,  33,  13,    0,  -25 },  // 0x5D ']'
  { 14451,  17,  15,  21,    2,  -19 },  // 0x5E '^'
  { 14579,  18,   3,  18,    0,    1 },  // 0x5F '_'
  { 14606,  11,   5,  21,    3,  -25 },  // 0x60 '`'
  { 14634,  19,  19,  22,    1,  -18 },  // 0x61 'a'
  { 14815,  22,  26,  24,    2,  -25 },  // 0x62 'b'
  { 15101,  20,  19,  21,    1,  -18 },  // 0x63 'c'
  { 15291,  21,  26,  24,    1,  -25 },  // 0x64 'd'
  { 15564,  20,  19,  22,    1,  -18 },  // 0x65 'e'
  { 15754,  15,  26,  14,    0,  -25 },  // 0x66 'f'
  { 15949,  21,  26,  25,    1,  -18 },  // 0x67 'g'
  { 16222,  20,  26,  24,    2,  -25 },  // 0x68 'h'
  { 16482,   8,  27,  11,    1,  -26 },  // 0x69 'i'
  { 16590,  13,  34,  11,   -4,  -26 },  // 0x6A 'j'
  { 16811,  22,  26,  23,    2,  -25 },  // 0x6B 'k'
  { 17097,   6,  26,  11,    2,  -25 },  // 0x6C 'l'
  { 17175,  33,  19,  37,    2,  -18 },  // 0x6D 'm'
  { 17489,  20,  19,  24,    2,  -18 },  // 0x6E 'n'
  { 17679,  21,  19,  23,    1,  -18 },  // 0x6F 'o'
  { 17879,  22,  26,  24,    2,  -18 },  // 0x70 'p'
  { 18165,  21,  26,  24,    1,  -18 },  // 0x71 'q'
  { 18438,  13,  19,  15,    2,  -18 },  // 0x72 'r'
  { 18562,  18,  19,  19,    0,  -18 },  // 0x73 's'
  { 18733,  15,  23,  15,    0,  -22 },  // 0x74 't'
  { 18906,  20,  19,  24,    2,  -18 },  // 0x75 'u'
  { 19096,  23,  19,  21,   -1,  -18 },  // 0x76 'v'
  { 19315,  33,  19,  33,    0,  -18 },  // 0x77 'w'
  { 19629,  21,  19,  21,    0,  -18 },  // 0x78 'x'
  { 19829,  23,  26,  21,   -1,  -18 },  // 0x79 'y'
  { 20128,  18,  19,  19,    1,  -18 },  // 0x7A 'z'
  { 20299,  13,  33,  14,    1,  -25 },  // 0x7B '{'
  { 20514,   6,  33,  11,    2,  -25 },  // 0x7C '|'
  { 20613,  12,  33,  14,    0,  -25 },  // 0x7D '}'
  { 20811,  19,   7,  21,    1,  -15 }  // 0x7E '~'
};

const AaFont MontserratBold18pt4aa PROGMEM = {
  MontserratBold18pt4aaBitmaps,
  MontserratBold18pt4aaGlyphs,
  0x20, 0x7E, 43
};

// Approx. 21836 bytes
